event_id,n_files,n_defects,p1,p3,r5,mrr,triage_s,method
d4j-Cli-1,4,1,1.0,0.3333333333333333,1.0,1.0,3.0,pre_only
d4j-Cli-2,7,1,1.0,0.3333333333333333,1.0,1.0,3.0,pre_only
d4j-Cli-3,7,1,1.0,0.3333333333333333,1.0,1.0,3.0,pre_only
d4j-Cli-4,4,1,1.0,0.3333333333333333,1.0,1.0,3.0,pre_only
d4j-Cli-5,3,1,1.0,0.3333333333333333,1.0,1.0,3.0,pre_only
d4j-Cli-7,6,1,1.0,0.3333333333333333,1.0,1.0,3.0,pre_only
d4j-Cli-8,5,1,1.0,0.3333333333333333,1.0,1.0,3.0,pre_only
d4j-Cli-9,3,1,1.0,0.3333333333333333,1.0,1.0,3.0,pre_only
d4j-Cli-10,8,1,1.0,0.3333333333333333,1.0,1.0,3.0,pre_only
d4j-Cli-11,3,1,1.0,0.3333333333333333,1.0,1.0,3.0,pre_only
d4j-Cli-12,4,1,1.0,0.3333333333333333,1.0,1.0,3.0,pre_only
d4j-Cli-13,6,3,1.0,1.0,1.0,1.0,3.0,pre_only
d4j-Cli-14,8,1,1.0,0.3333333333333333,1.0,1.0,3.0,pre_only
d4j-Cli-15,6,1,1.0,0.3333333333333333,1.0,1.0,3.0,pre_only
d4j-Cli-16,7,4,1.0,1.0,1.0,1.0,3.0,pre_only
d4j-Cli-17,5,1,1.0,0.3333333333333333,1.0,1.0,3.0,pre_only
d4j-Cli-18,4,1,1.0,0.3333333333333333,1.0,1.0,3.0,pre_only
d4j-Cli-19,5,1,1.0,0.3333333333333333,1.0,1.0,3.0,pre_only
d4j-Cli-20,8,1,1.0,0.3333333333333333,1.0,1.0,3.0,pre_only
d4j-Cli-21,3,3,1.0,1.0,1.0,1.0,3.0,pre_only
d4j-Cli-22,4,1,1.0,0.3333333333333333,1.0,1.0,3.0,pre_only
d4j-Cli-23,6,1,1.0,0.3333333333333333,1.0,1.0,3.0,pre_only
d4j-Cli-24,7,1,1.0,0.3333333333333333,1.0,1.0,3.0,pre_only
d4j-Cli-25,3,1,1.0,0.3333333333333333,1.0,1.0,3.0,pre_only
d4j-Cli-26,6,1,1.0,0.3333333333333333,1.0,1.0,3.0,pre_only
d4j-Cli-27,6,1,1.0,0.3333333333333333,1.0,1.0,3.0,pre_only
d4j-Cli-28,6,1,1.0,0.3333333333333333,1.0,1.0,3.0,pre_only
d4j-Cli-29,5,1,1.0,0.3333333333333333,1.0,1.0,3.0,pre_only
d4j-Cli-30,3,2,1.0,0.6666666666666666,1.0,1.0,3.0,pre_only
d4j-Cli-31,3,3,1.0,1.0,1.0,1.0,3.0,pre_only
d4j-Cli-32,3,1,1.0,0.3333333333333333,1.0,1.0,3.0,pre_only
d4j-Cli-33,5,1,1.0,0.3333333333333333,1.0,1.0,3.0,pre_only
d4j-Cli-34,8,2,1.0,0.6666666666666666,1.0,1.0,3.0,pre_only
d4j-Cli-35,5,1,1.0,0.3333333333333333,1.0,1.0,3.0,pre_only
d4j-Cli-36,3,2,1.0,0.6666666666666666,1.0,1.0,3.0,pre_only
d4j-Cli-37,5,1,1.0,0.3333333333333333,1.0,1.0,3.0,pre_only
d4j-Cli-38,3,1,1.0,0.3333333333333333,1.0,1.0,3.0,pre_only
d4j-Cli-39,7,1,0.0,0.3333333333333333,1.0,0.3333333333333333,9.0,pre_only
d4j-Cli-40,4,1,0.0,0.3333333333333333,1.0,0.3333333333333333,9.0,pre_only
d4j-Closure-1,6,1,1.0,0.3333333333333333,1.0,1.0,3.0,pre_only
d4j-Closure-2,4,1,1.0,0.3333333333333333,1.0,1.0,3.0,pre_only
d4j-Closure-3,8,1,1.0,0.3333333333333333,1.0,1.0,3.0,pre_only
d4j-Closure-4,4,1,1.0,0.3333333333333333,1.0,1.0,3.0,pre_only
d4j-Closure-5,8,1,1.0,0.3333333333333333,1.0,1.0,3.0,pre_only
d4j-Closure-6,7,1,1.0,0.3333333333333333,1.0,1.0,3.0,pre_only
d4j-Closure-7,4,1,1.0,0.3333333333333333,1.0,1.0,3.0,pre_only
d4j-Closure-8,7,1,1.0,0.3333333333333333,1.0,1.0,3.0,pre_only
d4j-Closure-9,7,1,1.0,0.3333333333333333,1.0,1.0,3.0,pre_only
d4j-Closure-10,8,1,1.0,0.3333333333333333,1.0,1.0,3.0,pre_only
d4j-Closure-11,3,1,1.0,0.3333333333333333,1.0,1.0,3.0,pre_only
d4j-Closure-12,3,1,1.0,0.3333333333333333,1.0,1.0,3.0,pre_only
d4j-Closure-13,6,1,1.0,0.3333333333333333,1.0,1.0,3.0,pre_only
d4j-Closure-14,3,1,1.0,0.3333333333333333,1.0,1.0,3.0,pre_only
d4j-Closure-15,3,1,1.0,0.3333333333333333,1.0,1.0,3.0,pre_only
d4j-Closure-16,7,1,1.0,0.3333333333333333,1.0,1.0,3.0,pre_only
d4j-Closure-17,7,1,1.0,0.3333333333333333,1.0,1.0,3.0,pre_only
d4j-Closure-18,8,1,1.0,0.3333333333333333,1.0,1.0,3.0,pre_only
d4j-Closure-19,5,1,1.0,0.3333333333333333,1.0,1.0,3.0,pre_only
d4j-Closure-20,4,1,1.0,0.3333333333333333,1.0,1.0,3.0,pre_only
d4j-Closure-21,7,1,1.0,0.3333333333333333,1.0,1.0,3.0,pre_only
d4j-Closure-22,3,1,1.0,0.3333333333333333,1.0,1.0,3.0,pre_only
d4j-Closure-23,8,1,1.0,0.3333333333333333,1.0,1.0,3.0,pre_only
d4j-Closure-24,6,1,1.0,0.3333333333333333,1.0,1.0,3.0,pre_only
d4j-Closure-25,8,1,1.0,0.3333333333333333,1.0,1.0,3.0,pre_only
d4j-Closure-26,8,1,1.0,0.3333333333333333,1.0,1.0,3.0,pre_only
d4j-Closure-27,7,1,1.0,0.3333333333333333,1.0,1.0,3.0,pre_only
d4j-Closure-29,8,1,1.0,0.3333333333333333,1.0,1.0,3.0,pre_only
d4j-Closure-30,8,2,1.0,0.6666666666666666,1.0,1.0,3.0,pre_only
d4j-Closure-31,8,1,1.0,0.3333333333333333,1.0,1.0,3.0,pre_only
d4j-Closure-32,4,1,1.0,0.3333333333333333,1.0,1.0,3.0,pre_only
d4j-Closure-33,3,1,1.0,0.3333333333333333,1.0,1.0,3.0,pre_only
d4j-Closure-34,5,2,1.0,0.6666666666666666,1.0,1.0,3.0,pre_only
d4j-Closure-35,7,1,1.0,0.3333333333333333,1.0,1.0,3.0,pre_only
d4j-Closure-36,7,1,1.0,0.3333333333333333,1.0,1.0,3.0,pre_only
d4j-Closure-37,4,2,1.0,0.6666666666666666,1.0,1.0,3.0,pre_only
d4j-Closure-38,4,1,1.0,0.3333333333333333,1.0,1.0,3.0,pre_only
d4j-Closure-39,3,1,1.0,0.3333333333333333,1.0,1.0,3.0,pre_only
d4j-Closure-40,4,1,1.0,0.3333333333333333,1.0,1.0,3.0,pre_only
d4j-Closure-41,6,1,1.0,0.3333333333333333,1.0,1.0,3.0,pre_only
d4j-Closure-42,4,1,1.0,0.3333333333333333,1.0,1.0,3.0,pre_only
d4j-Closure-43,8,1,1.0,0.3333333333333333,1.0,1.0,3.0,pre_only
d4j-Closure-44,4,1,1.0,0.3333333333333333,1.0,1.0,3.0,pre_only
d4j-Closure-45,3,1,1.0,0.3333333333333333,1.0,1.0,3.0,pre_only
d4j-Closure-46,4,1,1.0,0.3333333333333333,1.0,1.0,3.0,pre_only
d4j-Closure-47,7,2,1.0,0.6666666666666666,1.0,1.0,3.0,pre_only
d4j-Closure-48,3,1,1.0,0.3333333333333333,1.0,1.0,3.0,pre_only
d4j-Closure-49,7,1,1.0,0.3333333333333333,1.0,1.0,3.0,pre_only
d4j-Closure-50,3,1,1.0,0.3333333333333333,1.0,1.0,3.0,pre_only
d4j-Closure-51,6,1,1.0,0.3333333333333333,1.0,1.0,3.0,pre_only
d4j-Closure-52,3,1,1.0,0.3333333333333333,1.0,1.0,3.0,pre_only
d4j-Closure-53,4,1,1.0,0.3333333333333333,1.0,1.0,3.0,pre_only
d4j-Closure-54,5,2,1.0,0.6666666666666666,1.0,1.0,3.0,pre_only
d4j-Closure-55,5,1,1.0,0.3333333333333333,1.0,1.0,3.0,pre_only
d4j-Closure-56,3,1,1.0,0.3333333333333333,1.0,1.0,3.0,pre_only
d4j-Closure-57,7,1,1.0,0.3333333333333333,1.0,1.0,3.0,pre_only
d4j-Closure-58,4,1,1.0,0.3333333333333333,1.0,1.0,3.0,pre_only
d4j-Closure-59,8,1,1.0,0.3333333333333333,1.0,1.0,3.0,pre_only
d4j-Closure-60,6,1,1.0,0.3333333333333333,1.0,1.0,3.0,pre_only
d4j-Closure-61,3,1,1.0,0.3333333333333333,1.0,1.0,3.0,pre_only
d4j-Closure-62,4,1,1.0,0.3333333333333333,1.0,1.0,3.0,pre_only
d4j-Closure-64,5,1,1.0,0.3333333333333333,1.0,1.0,3.0,pre_only
d4j-Closure-65,6,1,1.0,0.3333333333333333,1.0,1.0,3.0,pre_only
d4j-Closure-66,5,1,1.0,0.3333333333333333,1.0,1.0,3.0,pre_only
d4j-Closure-67,5,1,1.0,0.3333333333333333,1.0,1.0,3.0,pre_only
d4j-Closure-68,7,1,1.0,0.3333333333333333,1.0,1.0,3.0,pre_only
d4j-Closure-69,8,1,1.0,0.3333333333333333,1.0,1.0,3.0,pre_only
d4j-Closure-70,5,1,1.0,0.3333333333333333,1.0,1.0,3.0,pre_only
d4j-Closure-71,4,1,1.0,0.3333333333333333,1.0,1.0,3.0,pre_only
d4j-Closure-72,6,2,1.0,0.6666666666666666,1.0,1.0,3.0,pre_only
d4j-Closure-73,7,1,1.0,0.3333333333333333,1.0,1.0,3.0,pre_only
d4j-Closure-74,5,1,1.0,0.3333333333333333,1.0,1.0,3.0,pre_only
d4j-Closure-75,7,1,1.0,0.3333333333333333,1.0,1.0,3.0,pre_only
d4j-Closure-76,8,1,1.0,0.3333333333333333,1.0,1.0,3.0,pre_only
d4j-Closure-77,7,1,1.0,0.3333333333333333,1.0,1.0,3.0,pre_only
d4j-Closure-78,5,1,1.0,0.3333333333333333,1.0,1.0,3.0,pre_only
d4j-Closure-79,8,2,1.0,0.6666666666666666,1.0,1.0,3.0,pre_only
d4j-Closure-80,5,1,1.0,0.3333333333333333,1.0,1.0,3.0,pre_only
d4j-Closure-81,5,1,1.0,0.3333333333333333,1.0,1.0,3.0,pre_only
d4j-Closure-82,4,1,1.0,0.3333333333333333,1.0,1.0,3.0,pre_only
d4j-Closure-83,6,1,1.0,0.3333333333333333,1.0,1.0,3.0,pre_only
d4j-Closure-84,7,1,1.0,0.3333333333333333,1.0,1.0,3.0,pre_only
d4j-Closure-85,6,1,1.0,0.3333333333333333,1.0,1.0,3.0,pre_only
d4j-Closure-86,7,1,1.0,0.3333333333333333,1.0,1.0,3.0,pre_only
d4j-Closure-87,8,1,1.0,0.3333333333333333,1.0,1.0,3.0,pre_only
d4j-Closure-88,4,1,1.0,0.3333333333333333,1.0,1.0,3.0,pre_only
d4j-Closure-89,8,2,1.0,0.6666666666666666,1.0,1.0,3.0,pre_only
d4j-Closure-90,3,2,1.0,0.6666666666666666,1.0,1.0,3.0,pre_only
d4j-Closure-91,8,1,1.0,0.3333333333333333,1.0,1.0,3.0,pre_only
d4j-Closure-92,8,1,1.0,0.3333333333333333,1.0,1.0,3.0,pre_only
d4j-Closure-94,6,1,1.0,0.3333333333333333,1.0,1.0,3.0,pre_only
d4j-Closure-95,5,1,1.0,0.3333333333333333,1.0,1.0,3.0,pre_only
d4j-Closure-96,8,1,1.0,0.3333333333333333,1.0,1.0,3.0,pre_only
d4j-Closure-97,7,1,1.0,0.3333333333333333,1.0,1.0,3.0,pre_only
d4j-Closure-98,3,1,1.0,0.3333333333333333,1.0,1.0,3.0,pre_only
d4j-Closure-99,7,1,1.0,0.3333333333333333,1.0,1.0,3.0,pre_only
d4j-Closure-100,8,1,1.0,0.3333333333333333,1.0,1.0,3.0,pre_only
d4j-Closure-101,7,1,1.0,0.3333333333333333,1.0,1.0,3.0,pre_only
d4j-Closure-102,6,1,1.0,0.3333333333333333,1.0,1.0,3.0,pre_only
d4j-Closure-103,6,2,1.0,0.6666666666666666,1.0,1.0,3.0,pre_only
d4j-Closure-104,3,1,1.0,0.3333333333333333,1.0,1.0,3.0,pre_only
d4j-Closure-105,3,1,1.0,0.3333333333333333,1.0,1.0,3.0,pre_only
d4j-Closure-106,8,2,1.0,0.6666666666666666,1.0,1.0,3.0,pre_only
d4j-Closure-107,8,1,1.0,0.3333333333333333,1.0,1.0,3.0,pre_only
d4j-Closure-108,5,1,1.0,0.3333333333333333,1.0,1.0,3.0,pre_only
d4j-Closure-109,4,1,1.0,0.3333333333333333,1.0,1.0,3.0,pre_only
d4j-Closure-110,7,2,1.0,0.6666666666666666,1.0,1.0,3.0,pre_only
d4j-Closure-111,5,1,1.0,0.3333333333333333,1.0,1.0,3.0,pre_only
d4j-Closure-112,4,1,1.0,0.3333333333333333,1.0,1.0,3.0,pre_only
d4j-Closure-113,8,1,1.0,0.3333333333333333,1.0,1.0,3.0,pre_only
d4j-Closure-114,6,1,1.0,0.3333333333333333,1.0,1.0,3.0,pre_only
d4j-Closure-115,7,1,1.0,0.3333333333333333,1.0,1.0,3.0,pre_only
d4j-Closure-116,7,1,1.0,0.3333333333333333,1.0,1.0,3.0,pre_only
d4j-Closure-117,6,1,1.0,0.3333333333333333,1.0,1.0,3.0,pre_only
d4j-Closure-118,4,1,1.0,0.3333333333333333,1.0,1.0,3.0,pre_only
d4j-Closure-119,6,1,1.0,0.3333333333333333,1.0,1.0,3.0,pre_only
d4j-Closure-120,3,1,1.0,0.3333333333333333,1.0,1.0,3.0,pre_only
d4j-Closure-121,3,1,1.0,0.3333333333333333,1.0,1.0,3.0,pre_only
d4j-Closure-122,6,1,1.0,0.3333333333333333,1.0,1.0,3.0,pre_only
d4j-Closure-123,8,1,1.0,0.3333333333333333,1.0,1.0,3.0,pre_only
d4j-Closure-124,3,1,1.0,0.3333333333333333,1.0,1.0,3.0,pre_only
d4j-Closure-125,4,1,1.0,0.3333333333333333,1.0,1.0,3.0,pre_only
d4j-Closure-126,8,1,1.0,0.3333333333333333,1.0,1.0,3.0,pre_only
d4j-Closure-127,5,1,1.0,0.3333333333333333,1.0,1.0,3.0,pre_only
d4j-Closure-128,3,1,1.0,0.3333333333333333,1.0,1.0,3.0,pre_only
d4j-Closure-129,3,1,1.0,0.3333333333333333,1.0,1.0,3.0,pre_only
d4j-Closure-130,3,1,1.0,0.3333333333333333,1.0,1.0,3.0,pre_only
d4j-Closure-131,3,1,1.0,0.3333333333333333,1.0,1.0,3.0,pre_only
d4j-Closure-132,6,1,1.0,0.3333333333333333,1.0,1.0,3.0,pre_only
d4j-Closure-133,6,1,1.0,0.3333333333333333,1.0,1.0,3.0,pre_only
d4j-Closure-134,5,2,1.0,0.6666666666666666,1.0,1.0,3.0,pre_only
d4j-Closure-135,3,2,1.0,0.6666666666666666,1.0,1.0,3.0,pre_only
d4j-Closure-136,3,2,1.0,0.6666666666666666,1.0,1.0,3.0,pre_only
d4j-Closure-137,7,3,1.0,1.0,1.0,1.0,3.0,pre_only
d4j-Closure-138,6,2,1.0,0.6666666666666666,1.0,1.0,3.0,pre_only
d4j-Closure-139,7,1,1.0,0.3333333333333333,1.0,1.0,3.0,pre_only
d4j-Closure-140,3,1,1.0,0.3333333333333333,1.0,1.0,3.0,pre_only
d4j-Closure-141,5,2,1.0,0.6666666666666666,1.0,1.0,3.0,pre_only
d4j-Closure-142,3,2,1.0,0.6666666666666666,1.0,1.0,3.0,pre_only
d4j-Closure-143,6,2,1.0,0.6666666666666666,1.0,1.0,3.0,pre_only
d4j-Closure-144,4,4,1.0,1.0,1.0,1.0,3.0,pre_only
d4j-Closure-145,6,1,1.0,0.3333333333333333,1.0,1.0,3.0,pre_only
d4j-Closure-146,5,1,1.0,0.3333333333333333,1.0,1.0,3.0,pre_only
d4j-Closure-147,7,5,1.0,1.0,1.0,1.0,3.0,pre_only
d4j-Closure-148,6,2,1.0,0.6666666666666666,1.0,1.0,3.0,pre_only
d4j-Closure-149,6,4,1.0,1.0,1.0,1.0,3.0,pre_only
d4j-Closure-150,3,1,1.0,0.3333333333333333,1.0,1.0,3.0,pre_only
d4j-Closure-151,3,1,1.0,0.3333333333333333,1.0,1.0,3.0,pre_only
d4j-Closure-152,6,1,1.0,0.3333333333333333,1.0,1.0,3.0,pre_only
d4j-Closure-153,4,2,1.0,0.6666666666666666,1.0,1.0,3.0,pre_only
d4j-Closure-154,6,2,1.0,0.6666666666666666,1.0,1.0,3.0,pre_only
d4j-Closure-155,8,3,1.0,1.0,1.0,1.0,3.0,pre_only
d4j-Closure-156,8,1,1.0,0.3333333333333333,1.0,1.0,3.0,pre_only
d4j-Closure-157,4,3,1.0,1.0,1.0,1.0,3.0,pre_only
d4j-Closure-158,7,3,1.0,1.0,1.0,1.0,3.0,pre_only
d4j-Closure-159,8,1,1.0,0.3333333333333333,1.0,1.0,3.0,pre_only
d4j-Closure-160,8,1,1.0,0.3333333333333333,1.0,1.0,3.0,pre_only
d4j-Closure-161,8,1,1.0,0.3333333333333333,1.0,1.0,3.0,pre_only
d4j-Closure-162,3,2,1.0,0.6666666666666666,1.0,1.0,3.0,pre_only
d4j-Closure-163,3,2,1.0,0.6666666666666666,1.0,1.0,3.0,pre_only
d4j-Closure-164,7,1,1.0,0.3333333333333333,1.0,1.0,3.0,pre_only
d4j-Closure-165,6,4,1.0,1.0,1.0,1.0,3.0,pre_only
d4j-Closure-166,5,1,1.0,0.3333333333333333,1.0,1.0,3.0,pre_only
d4j-Closure-167,7,2,1.0,0.6666666666666666,1.0,1.0,3.0,pre_only
d4j-Closure-168,7,1,1.0,0.3333333333333333,1.0,1.0,3.0,pre_only
d4j-Closure-169,7,5,1.0,0.6666666666666666,0.8,1.0,3.0,pre_only
d4j-Closure-170,5,1,1.0,0.3333333333333333,1.0,1.0,3.0,pre_only
d4j-Closure-171,8,2,1.0,0.6666666666666666,1.0,1.0,3.0,pre_only
d4j-Closure-172,4,1,1.0,0.3333333333333333,1.0,1.0,3.0,pre_only
d4j-Closure-173,3,2,1.0,0.6666666666666666,1.0,1.0,3.0,pre_only
d4j-Closure-174,3,3,1.0,1.0,1.0,1.0,3.0,pre_only
d4j-Closure-175,6,1,1.0,0.3333333333333333,1.0,1.0,3.0,pre_only
d4j-Closure-176,4,1,1.0,0.3333333333333333,1.0,1.0,3.0,pre_only
d4j-Codec-1,6,3,1.0,1.0,1.0,1.0,3.0,pre_only
d4j-Codec-2,5,1,1.0,0.3333333333333333,1.0,1.0,3.0,pre_only
d4j-Codec-3,4,1,1.0,0.3333333333333333,1.0,1.0,3.0,pre_only
d4j-Codec-4,6,1,1.0,0.3333333333333333,1.0,1.0,3.0,pre_only
d4j-Codec-5,3,1,1.0,0.3333333333333333,1.0,1.0,3.0,pre_only
d4j-Codec-6,6,1,1.0,0.3333333333333333,1.0,1.0,3.0,pre_only
d4j-Codec-7,3,1,1.0,0.3333333333333333,1.0,1.0,3.0,pre_only
d4j-Codec-8,3,2,1.0,0.6666666666666666,1.0,1.0,3.0,pre_only
d4j-Codec-9,6,1,1.0,0.3333333333333333,1.0,1.0,3.0,pre_only
d4j-Codec-10,7,1,1.0,0.3333333333333333,1.0,1.0,3.0,pre_only
d4j-Codec-11,3,1,1.0,0.3333333333333333,1.0,1.0,3.0,pre_only
d4j-Codec-12,5,1,1.0,0.3333333333333333,1.0,1.0,3.0,pre_only
d4j-Codec-13,3,3,1.0,1.0,1.0,1.0,3.0,pre_only
d4j-Codec-14,4,3,1.0,1.0,1.0,1.0,3.0,pre_only
d4j-Codec-15,4,1,1.0,0.3333333333333333,1.0,1.0,3.0,pre_only
d4j-Codec-16,5,1,1.0,0.3333333333333333,1.0,1.0,3.0,pre_only
d4j-Codec-17,5,1,1.0,0.3333333333333333,1.0,1.0,3.0,pre_only
d4j-Codec-18,3,1,1.0,0.3333333333333333,1.0,1.0,3.0,pre_only
d4j-Collections-1,5,1,1.0,0.3333333333333333,1.0,1.0,3.0,pre_only
d4j-Collections-2,3,1,1.0,0.3333333333333333,1.0,1.0,3.0,pre_only
d4j-Collections-3,8,1,1.0,0.3333333333333333,1.0,1.0,3.0,pre_only
d4j-Collections-4,6,1,0.0,0.3333333333333333,1.0,0.5,6.0,pre_only
d4j-Collections-5,4,1,1.0,0.3333333333333333,1.0,1.0,3.0,pre_only
d4j-Collections-6,7,1,1.0,0.3333333333333333,1.0,1.0,3.0,pre_only
d4j-Collections-7,6,1,1.0,0.3333333333333333,1.0,1.0,3.0,pre_only
d4j-Collections-8,3,1,1.0,0.3333333333333333,1.0,1.0,3.0,pre_only
d4j-Collections-9,4,1,1.0,0.3333333333333333,1.0,1.0,3.0,pre_only
d4j-Collections-10,5,1,1.0,0.3333333333333333,1.0,1.0,3.0,pre_only
d4j-Collections-11,6,1,1.0,0.3333333333333333,1.0,1.0,3.0,pre_only
d4j-Collections-12,7,1,1.0,0.3333333333333333,1.0,1.0,3.0,pre_only
d4j-Collections-13,6,1,1.0,0.3333333333333333,1.0,1.0,3.0,pre_only
d4j-Collections-14,8,1,0.0,0.3333333333333333,1.0,0.5,6.0,pre_only
d4j-Collections-15,3,1,1.0,0.3333333333333333,1.0,1.0,3.0,pre_only
d4j-Collections-16,6,1,1.0,0.3333333333333333,1.0,1.0,3.0,pre_only
d4j-Collections-17,3,1,1.0,0.3333333333333333,1.0,1.0,3.0,pre_only
d4j-Collections-18,4,1,1.0,0.3333333333333333,1.0,1.0,3.0,pre_only
d4j-Collections-19,4,1,1.0,0.3333333333333333,1.0,1.0,3.0,pre_only
d4j-Collections-20,6,1,1.0,0.3333333333333333,1.0,1.0,3.0,pre_only
d4j-Collections-21,5,1,1.0,0.3333333333333333,1.0,1.0,3.0,pre_only
d4j-Collections-22,7,1,0.0,0.3333333333333333,1.0,0.5,6.0,pre_only
d4j-Collections-23,3,1,1.0,0.3333333333333333,1.0,1.0,3.0,pre_only
d4j-Collections-24,4,1,1.0,0.3333333333333333,1.0,1.0,3.0,pre_only
d4j-Collections-25,6,1,1.0,0.3333333333333333,1.0,1.0,3.0,pre_only
d4j-Collections-26,6,1,1.0,0.3333333333333333,1.0,1.0,3.0,pre_only
d4j-Collections-27,8,1,1.0,0.3333333333333333,1.0,1.0,3.0,pre_only
d4j-Collections-28,6,1,1.0,0.3333333333333333,1.0,1.0,3.0,pre_only
d4j-Compress-1,5,1,1.0,0.3333333333333333,1.0,1.0,3.0,pre_only
d4j-Compress-2,3,1,1.0,0.3333333333333333,1.0,1.0,3.0,pre_only
d4j-Compress-3,6,1,1.0,0.3333333333333333,1.0,1.0,3.0,pre_only
d4j-Compress-4,7,4,1.0,1.0,1.0,1.0,3.0,pre_only
d4j-Compress-5,8,1,1.0,0.3333333333333333,1.0,1.0,3.0,pre_only
d4j-Compress-6,6,1,1.0,0.3333333333333333,1.0,1.0,3.0,pre_only
d4j-Compress-7,4,1,1.0,0.3333333333333333,1.0,1.0,3.0,pre_only
d4j-Compress-8,4,1,1.0,0.3333333333333333,1.0,1.0,3.0,pre_only
d4j-Compress-9,4,1,1.0,0.3333333333333333,1.0,1.0,3.0,pre_only
d4j-Compress-10,5,1,1.0,0.3333333333333333,1.0,1.0,3.0,pre_only
d4j-Compress-11,4,1,1.0,0.3333333333333333,1.0,1.0,3.0,pre_only
d4j-Compress-12,7,1,1.0,0.3333333333333333,1.0,1.0,3.0,pre_only
d4j-Compress-13,4,1,1.0,0.3333333333333333,1.0,1.0,3.0,pre_only
d4j-Compress-14,7,1,1.0,0.3333333333333333,1.0,1.0,3.0,pre_only
d4j-Compress-15,8,1,1.0,0.3333333333333333,1.0,1.0,3.0,pre_only
d4j-Compress-16,6,1,1.0,0.3333333333333333,1.0,1.0,3.0,pre_only
d4j-Compress-17,6,1,1.0,0.3333333333333333,1.0,1.0,3.0,pre_only
d4j-Compress-18,7,1,1.0,0.3333333333333333,1.0,1.0,3.0,pre_only
d4j-Compress-19,8,1,1.0,0.3333333333333333,1.0,1.0,3.0,pre_only
d4j-Compress-20,5,1,1.0,0.3333333333333333,1.0,1.0,3.0,pre_only
d4j-Compress-21,4,1,1.0,0.3333333333333333,1.0,1.0,3.0,pre_only
d4j-Compress-22,7,1,1.0,0.3333333333333333,1.0,1.0,3.0,pre_only
d4j-Compress-23,3,1,1.0,0.3333333333333333,1.0,1.0,3.0,pre_only
d4j-Compress-24,6,1,1.0,0.3333333333333333,1.0,1.0,3.0,pre_only
d4j-Compress-25,3,1,1.0,0.3333333333333333,1.0,1.0,3.0,pre_only
d4j-Compress-26,8,1,1.0,0.3333333333333333,1.0,1.0,3.0,pre_only
d4j-Compress-27,6,1,1.0,0.3333333333333333,1.0,1.0,3.0,pre_only
d4j-Compress-28,6,1,1.0,0.3333333333333333,1.0,1.0,3.0,pre_only
d4j-Compress-29,6,5,1.0,1.0,1.0,1.0,3.0,pre_only
d4j-Compress-30,5,1,1.0,0.3333333333333333,1.0,1.0,3.0,pre_only
d4j-Compress-31,6,1,1.0,0.3333333333333333,1.0,1.0,3.0,pre_only
d4j-Compress-32,5,1,1.0,0.3333333333333333,1.0,1.0,3.0,pre_only
d4j-Compress-33,6,2,1.0,0.6666666666666666,1.0,1.0,3.0,pre_only
d4j-Compress-34,3,1,1.0,0.3333333333333333,1.0,1.0,3.0,pre_only
d4j-Compress-35,6,1,1.0,0.3333333333333333,1.0,1.0,3.0,pre_only
d4j-Compress-36,7,1,1.0,0.3333333333333333,1.0,1.0,3.0,pre_only
d4j-Compress-37,4,1,1.0,0.3333333333333333,1.0,1.0,3.0,pre_only
d4j-Compress-38,6,1,1.0,0.3333333333333333,1.0,1.0,3.0,pre_only
d4j-Compress-39,4,1,1.0,0.3333333333333333,1.0,1.0,3.0,pre_only
d4j-Compress-40,6,1,1.0,0.3333333333333333,1.0,1.0,3.0,pre_only
d4j-Compress-41,5,1,1.0,0.3333333333333333,1.0,1.0,3.0,pre_only
d4j-Compress-42,6,2,1.0,0.6666666666666666,1.0,1.0,3.0,pre_only
d4j-Compress-43,3,1,1.0,0.3333333333333333,1.0,1.0,3.0,pre_only
d4j-Compress-44,8,1,1.0,0.3333333333333333,1.0,1.0,3.0,pre_only
d4j-Compress-45,6,1,1.0,0.3333333333333333,1.0,1.0,3.0,pre_only
d4j-Compress-46,3,1,1.0,0.3333333333333333,1.0,1.0,3.0,pre_only
d4j-Compress-47,5,1,1.0,0.3333333333333333,1.0,1.0,3.0,pre_only
d4j-Csv-1,4,1,1.0,0.3333333333333333,1.0,1.0,3.0,pre_only
d4j-Csv-2,3,1,1.0,0.3333333333333333,1.0,1.0,3.0,pre_only
d4j-Csv-3,4,1,1.0,0.3333333333333333,1.0,1.0,3.0,pre_only
d4j-Csv-4,4,1,1.0,0.3333333333333333,1.0,1.0,3.0,pre_only
d4j-Csv-5,8,1,1.0,0.3333333333333333,1.0,1.0,3.0,pre_only
d4j-Csv-6,7,1,1.0,0.3333333333333333,1.0,1.0,3.0,pre_only
d4j-Csv-7,3,1,1.0,0.3333333333333333,1.0,1.0,3.0,pre_only
d4j-Csv-8,8,1,1.0,0.3333333333333333,1.0,1.0,3.0,pre_only
d4j-Csv-9,5,1,1.0,0.3333333333333333,1.0,1.0,3.0,pre_only
d4j-Csv-10,6,1,1.0,0.3333333333333333,1.0,1.0,3.0,pre_only
d4j-Csv-11,3,1,1.0,0.3333333333333333,1.0,1.0,3.0,pre_only
d4j-Csv-12,5,1,1.0,0.3333333333333333,1.0,1.0,3.0,pre_only
d4j-Csv-13,7,2,1.0,0.6666666666666666,1.0,1.0,3.0,pre_only
d4j-Csv-14,4,1,1.0,0.3333333333333333,1.0,1.0,3.0,pre_only
d4j-Csv-15,5,1,1.0,0.3333333333333333,1.0,1.0,3.0,pre_only
d4j-Csv-16,3,1,1.0,0.3333333333333333,1.0,1.0,3.0,pre_only
d4j-Gson-1,6,1,1.0,0.3333333333333333,1.0,1.0,3.0,pre_only
d4j-Gson-2,6,1,1.0,0.3333333333333333,1.0,1.0,3.0,pre_only
d4j-Gson-3,6,1,1.0,0.3333333333333333,1.0,1.0,3.0,pre_only
d4j-Gson-4,5,2,1.0,0.6666666666666666,1.0,1.0,3.0,pre_only
d4j-Gson-5,1,1,1.0,1.0,1.0,1.0,3.0,pre_only
d4j-Gson-6,4,1,1.0,0.3333333333333333,1.0,1.0,3.0,pre_only
d4j-Gson-7,5,1,1.0,0.3333333333333333,1.0,1.0,3.0,pre_only
d4j-Gson-8,5,1,1.0,0.3333333333333333,1.0,1.0,3.0,pre_only
d4j-Gson-9,3,3,1.0,1.0,1.0,1.0,3.0,pre_only
d4j-Gson-10,4,1,1.0,0.3333333333333333,1.0,1.0,3.0,pre_only
d4j-Gson-11,4,1,1.0,0.3333333333333333,1.0,1.0,3.0,pre_only
d4j-Gson-12,3,1,1.0,0.3333333333333333,1.0,1.0,3.0,pre_only
d4j-Gson-13,5,1,1.0,0.3333333333333333,1.0,1.0,3.0,pre_only
d4j-Gson-14,3,1,1.0,0.3333333333333333,1.0,1.0,3.0,pre_only
d4j-Gson-15,4,1,1.0,0.3333333333333333,1.0,1.0,3.0,pre_only
d4j-Gson-16,5,1,1.0,0.3333333333333333,1.0,1.0,3.0,pre_only
d4j-Gson-17,4,1,1.0,0.3333333333333333,1.0,1.0,3.0,pre_only
d4j-Gson-18,7,1,1.0,0.3333333333333333,1.0,1.0,3.0,pre_only
d4j-JacksonCore-1,4,2,1.0,0.6666666666666666,1.0,1.0,3.0,pre_only
d4j-JacksonCore-2,7,2,1.0,0.6666666666666666,1.0,1.0,3.0,pre_only
d4j-JacksonCore-3,3,1,1.0,0.3333333333333333,1.0,1.0,3.0,pre_only
d4j-JacksonCore-4,7,1,1.0,0.3333333333333333,1.0,1.0,3.0,pre_only
d4j-JacksonCore-5,6,1,1.0,0.3333333333333333,1.0,1.0,3.0,pre_only
d4j-JacksonCore-6,4,1,1.0,0.3333333333333333,1.0,1.0,3.0,pre_only
d4j-JacksonCore-7,6,1,1.0,0.3333333333333333,1.0,1.0,3.0,pre_only
d4j-JacksonCore-8,7,1,1.0,0.3333333333333333,1.0,1.0,3.0,pre_only
d4j-JacksonCore-9,7,3,1.0,1.0,1.0,1.0,3.0,pre_only
d4j-JacksonCore-10,3,1,1.0,0.3333333333333333,1.0,1.0,3.0,pre_only
d4j-JacksonCore-11,3,1,1.0,0.3333333333333333,1.0,1.0,3.0,pre_only
d4j-JacksonCore-12,6,2,1.0,0.6666666666666666,1.0,1.0,3.0,pre_only
d4j-JacksonCore-13,5,1,1.0,0.3333333333333333,1.0,1.0,3.0,pre_only
d4j-JacksonCore-14,8,1,1.0,0.3333333333333333,1.0,1.0,3.0,pre_only
d4j-JacksonCore-15,5,1,1.0,0.3333333333333333,1.0,1.0,3.0,pre_only
d4j-JacksonCore-16,3,1,1.0,0.3333333333333333,1.0,1.0,3.0,pre_only
d4j-JacksonCore-17,4,1,1.0,0.3333333333333333,1.0,1.0,3.0,pre_only
d4j-JacksonCore-18,3,3,1.0,1.0,1.0,1.0,3.0,pre_only
d4j-JacksonCore-19,6,2,1.0,0.6666666666666666,1.0,1.0,3.0,pre_only
d4j-JacksonCore-20,6,1,1.0,0.3333333333333333,1.0,1.0,3.0,pre_only
d4j-JacksonCore-21,4,1,1.0,0.3333333333333333,1.0,1.0,3.0,pre_only
d4j-JacksonCore-22,5,1,1.0,0.3333333333333333,1.0,1.0,3.0,pre_only
d4j-JacksonCore-23,5,1,1.0,0.3333333333333333,1.0,1.0,3.0,pre_only
d4j-JacksonCore-24,4,2,1.0,0.6666666666666666,1.0,1.0,3.0,pre_only
d4j-JacksonCore-25,8,1,1.0,0.3333333333333333,1.0,1.0,3.0,pre_only
d4j-JacksonCore-26,3,1,0.0,0.3333333333333333,1.0,0.5,6.0,pre_only
d4j-JacksonDatabind-1,7,1,1.0,0.3333333333333333,1.0,1.0,3.0,pre_only
d4j-JacksonDatabind-2,3,1,1.0,0.3333333333333333,1.0,1.0,3.0,pre_only
d4j-JacksonDatabind-3,5,1,1.0,0.3333333333333333,1.0,1.0,3.0,pre_only
d4j-JacksonDatabind-4,5,1,1.0,0.3333333333333333,1.0,1.0,3.0,pre_only
d4j-JacksonDatabind-5,4,1,1.0,0.3333333333333333,1.0,1.0,3.0,pre_only
d4j-JacksonDatabind-6,6,1,1.0,0.3333333333333333,1.0,1.0,3.0,pre_only
d4j-JacksonDatabind-7,7,1,1.0,0.3333333333333333,1.0,1.0,3.0,pre_only
d4j-JacksonDatabind-8,5,1,1.0,0.3333333333333333,1.0,1.0,3.0,pre_only
d4j-JacksonDatabind-9,4,1,1.0,0.3333333333333333,1.0,1.0,3.0,pre_only
d4j-JacksonDatabind-10,4,2,1.0,0.6666666666666666,1.0,1.0,3.0,pre_only
d4j-JacksonDatabind-11,3,1,1.0,0.3333333333333333,1.0,1.0,3.0,pre_only
d4j-JacksonDatabind-12,3,1,1.0,0.3333333333333333,1.0,1.0,3.0,pre_only
d4j-JacksonDatabind-13,6,2,1.0,0.6666666666666666,1.0,1.0,3.0,pre_only
d4j-JacksonDatabind-14,5,1,1.0,0.3333333333333333,1.0,1.0,3.0,pre_only
d4j-JacksonDatabind-15,6,5,1.0,1.0,1.0,1.0,3.0,pre_only
d4j-JacksonDatabind-16,3,1,1.0,0.3333333333333333,1.0,1.0,3.0,pre_only
d4j-JacksonDatabind-17,7,1,0.0,0.3333333333333333,1.0,0.5,6.0,pre_only
d4j-JacksonDatabind-18,5,1,1.0,0.3333333333333333,1.0,1.0,3.0,pre_only
d4j-JacksonDatabind-19,4,1,1.0,0.3333333333333333,1.0,1.0,3.0,pre_only
d4j-JacksonDatabind-20,7,1,1.0,0.3333333333333333,1.0,1.0,3.0,pre_only
d4j-JacksonDatabind-21,5,1,1.0,0.3333333333333333,1.0,1.0,3.0,pre_only
d4j-JacksonDatabind-22,8,2,1.0,0.6666666666666666,1.0,1.0,3.0,pre_only
d4j-JacksonDatabind-23,7,1,1.0,0.3333333333333333,1.0,1.0,3.0,pre_only
d4j-JacksonDatabind-24,6,1,1.0,0.3333333333333333,1.0,1.0,3.0,pre_only
d4j-JacksonDatabind-25,4,4,1.0,1.0,1.0,1.0,3.0,pre_only
d4j-JacksonDatabind-26,6,1,1.0,0.3333333333333333,1.0,1.0,3.0,pre_only
d4j-JacksonDatabind-27,8,1,1.0,0.3333333333333333,1.0,1.0,3.0,pre_only
d4j-JacksonDatabind-28,4,1,1.0,0.3333333333333333,1.0,1.0,3.0,pre_only
d4j-JacksonDatabind-29,7,1,1.0,0.3333333333333333,1.0,1.0,3.0,pre_only
d4j-JacksonDatabind-30,6,2,1.0,0.6666666666666666,1.0,1.0,3.0,pre_only
d4j-JacksonDatabind-31,5,1,1.0,0.3333333333333333,1.0,1.0,3.0,pre_only
d4j-JacksonDatabind-32,8,1,1.0,0.3333333333333333,1.0,1.0,3.0,pre_only
d4j-JacksonDatabind-33,4,1,1.0,0.3333333333333333,1.0,1.0,3.0,pre_only
d4j-JacksonDatabind-34,4,1,1.0,0.3333333333333333,1.0,1.0,3.0,pre_only
d4j-JacksonDatabind-35,4,1,1.0,0.3333333333333333,1.0,1.0,3.0,pre_only
d4j-JacksonDatabind-36,3,1,1.0,0.3333333333333333,1.0,1.0,3.0,pre_only
d4j-JacksonDatabind-37,6,1,1.0,0.3333333333333333,1.0,1.0,3.0,pre_only
d4j-JacksonDatabind-38,4,3,1.0,1.0,1.0,1.0,3.0,pre_only
d4j-JacksonDatabind-39,7,1,1.0,0.3333333333333333,1.0,1.0,3.0,pre_only
d4j-JacksonDatabind-40,7,1,1.0,0.3333333333333333,1.0,1.0,3.0,pre_only
d4j-JacksonDatabind-41,3,1,1.0,0.3333333333333333,1.0,1.0,3.0,pre_only
d4j-JacksonDatabind-42,4,1,1.0,0.3333333333333333,1.0,1.0,3.0,pre_only
d4j-JacksonDatabind-43,3,1,1.0,0.3333333333333333,1.0,1.0,3.0,pre_only
d4j-JacksonDatabind-44,3,1,1.0,0.3333333333333333,1.0,1.0,3.0,pre_only
d4j-JacksonDatabind-45,8,1,1.0,0.3333333333333333,1.0,1.0,3.0,pre_only
d4j-JacksonDatabind-46,4,1,1.0,0.3333333333333333,1.0,1.0,3.0,pre_only
d4j-JacksonDatabind-47,5,1,1.0,0.3333333333333333,1.0,1.0,3.0,pre_only
d4j-JacksonDatabind-48,8,2,1.0,0.6666666666666666,1.0,1.0,3.0,pre_only
d4j-JacksonDatabind-49,6,1,1.0,0.3333333333333333,1.0,1.0,3.0,pre_only
d4j-JacksonDatabind-50,4,1,1.0,0.3333333333333333,1.0,1.0,3.0,pre_only
d4j-JacksonDatabind-51,4,1,1.0,0.3333333333333333,1.0,1.0,3.0,pre_only
d4j-JacksonDatabind-52,5,2,1.0,0.6666666666666666,1.0,1.0,3.0,pre_only
d4j-JacksonDatabind-53,3,2,1.0,0.6666666666666666,1.0,1.0,3.0,pre_only
d4j-JacksonDatabind-54,6,1,1.0,0.3333333333333333,1.0,1.0,3.0,pre_only
d4j-JacksonDatabind-55,3,1,1.0,0.3333333333333333,1.0,1.0,3.0,pre_only
d4j-JacksonDatabind-56,6,1,1.0,0.3333333333333333,1.0,1.0,3.0,pre_only
d4j-JacksonDatabind-57,4,1,1.0,0.3333333333333333,1.0,1.0,3.0,pre_only
d4j-JacksonDatabind-58,8,1,1.0,0.3333333333333333,1.0,1.0,3.0,pre_only
d4j-JacksonDatabind-59,6,4,1.0,1.0,1.0,1.0,3.0,pre_only
d4j-JacksonDatabind-60,5,1,1.0,0.3333333333333333,1.0,1.0,3.0,pre_only
d4j-JacksonDatabind-61,8,2,1.0,0.6666666666666666,1.0,1.0,3.0,pre_only
d4j-JacksonDatabind-62,7,1,1.0,0.3333333333333333,1.0,1.0,3.0,pre_only
d4j-JacksonDatabind-63,4,1,1.0,0.3333333333333333,1.0,1.0,3.0,pre_only
d4j-JacksonDatabind-64,4,1,1.0,0.3333333333333333,1.0,1.0,3.0,pre_only
d4j-JacksonDatabind-66,3,1,1.0,0.3333333333333333,1.0,1.0,3.0,pre_only
d4j-JacksonDatabind-67,4,1,1.0,0.3333333333333333,1.0,1.0,3.0,pre_only
d4j-JacksonDatabind-68,8,1,1.0,0.3333333333333333,1.0,1.0,3.0,pre_only
d4j-JacksonDatabind-69,5,1,1.0,0.3333333333333333,1.0,1.0,3.0,pre_only
d4j-JacksonDatabind-70,8,1,1.0,0.3333333333333333,1.0,1.0,3.0,pre_only
d4j-JacksonDatabind-71,3,1,1.0,0.3333333333333333,1.0,1.0,3.0,pre_only
d4j-JacksonDatabind-72,8,1,1.0,0.3333333333333333,1.0,1.0,3.0,pre_only
d4j-JacksonDatabind-73,3,2,1.0,0.6666666666666666,1.0,1.0,3.0,pre_only
d4j-JacksonDatabind-74,3,1,1.0,0.3333333333333333,1.0,1.0,3.0,pre_only
d4j-JacksonDatabind-75,7,1,1.0,0.3333333333333333,1.0,1.0,3.0,pre_only
d4j-JacksonDatabind-76,7,1,1.0,0.3333333333333333,1.0,1.0,3.0,pre_only
d4j-JacksonDatabind-77,3,1,1.0,0.3333333333333333,1.0,1.0,3.0,pre_only
d4j-JacksonDatabind-78,5,1,1.0,0.3333333333333333,1.0,1.0,3.0,pre_only
d4j-JacksonDatabind-79,7,3,1.0,1.0,1.0,1.0,3.0,pre_only
d4j-JacksonDatabind-80,5,1,1.0,0.3333333333333333,1.0,1.0,3.0,pre_only
d4j-JacksonDatabind-81,3,1,1.0,0.3333333333333333,1.0,1.0,3.0,pre_only
d4j-JacksonDatabind-82,4,1,1.0,0.3333333333333333,1.0,1.0,3.0,pre_only
d4j-JacksonDatabind-83,8,1,1.0,0.3333333333333333,1.0,1.0,3.0,pre_only
d4j-JacksonDatabind-84,7,1,1.0,0.3333333333333333,1.0,1.0,3.0,pre_only
d4j-JacksonDatabind-85,5,1,1.0,0.3333333333333333,1.0,1.0,3.0,pre_only
d4j-JacksonDatabind-86,7,1,1.0,0.3333333333333333,1.0,1.0,3.0,pre_only
d4j-JacksonDatabind-87,7,1,1.0,0.3333333333333333,1.0,1.0,3.0,pre_only
d4j-JacksonDatabind-88,3,1,1.0,0.3333333333333333,1.0,1.0,3.0,pre_only
d4j-JacksonDatabind-90,6,2,1.0,0.6666666666666666,1.0,1.0,3.0,pre_only
d4j-JacksonDatabind-91,6,1,1.0,0.3333333333333333,1.0,1.0,3.0,pre_only
d4j-JacksonDatabind-92,5,1,1.0,0.3333333333333333,1.0,1.0,3.0,pre_only
d4j-JacksonDatabind-93,6,1,1.0,0.3333333333333333,1.0,1.0,3.0,pre_only
d4j-JacksonDatabind-94,6,1,1.0,0.3333333333333333,1.0,1.0,3.0,pre_only
d4j-JacksonDatabind-95,7,2,1.0,0.6666666666666666,1.0,1.0,3.0,pre_only
d4j-JacksonDatabind-96,4,1,1.0,0.3333333333333333,1.0,1.0,3.0,pre_only
d4j-JacksonDatabind-97,5,1,1.0,0.3333333333333333,1.0,1.0,3.0,pre_only
d4j-JacksonDatabind-98,8,1,1.0,0.3333333333333333,1.0,1.0,3.0,pre_only
d4j-JacksonDatabind-99,6,1,1.0,0.3333333333333333,1.0,1.0,3.0,pre_only
d4j-JacksonDatabind-100,3,1,1.0,0.3333333333333333,1.0,1.0,3.0,pre_only
d4j-JacksonDatabind-101,8,1,1.0,0.3333333333333333,1.0,1.0,3.0,pre_only
d4j-JacksonDatabind-102,4,1,1.0,0.3333333333333333,1.0,1.0,3.0,pre_only
d4j-JacksonDatabind-103,8,5,1.0,1.0,1.0,1.0,3.0,pre_only
d4j-JacksonDatabind-104,7,1,1.0,0.3333333333333333,1.0,1.0,3.0,pre_only
d4j-JacksonDatabind-105,3,1,1.0,0.3333333333333333,1.0,1.0,3.0,pre_only
d4j-JacksonDatabind-106,7,1,1.0,0.3333333333333333,1.0,1.0,3.0,pre_only
d4j-JacksonDatabind-107,6,1,1.0,0.3333333333333333,1.0,1.0,3.0,pre_only
d4j-JacksonDatabind-108,8,1,1.0,0.3333333333333333,1.0,1.0,3.0,pre_only
d4j-JacksonDatabind-109,7,2,1.0,0.6666666666666666,1.0,1.0,3.0,pre_only
d4j-JacksonDatabind-110,3,1,0.0,0.3333333333333333,1.0,0.5,6.0,pre_only
d4j-JacksonDatabind-111,5,5,1.0,1.0,1.0,1.0,3.0,pre_only
d4j-JacksonDatabind-112,4,1,1.0,0.3333333333333333,1.0,1.0,3.0,pre_only
d4j-JacksonXml-1,7,1,1.0,0.3333333333333333,1.0,1.0,3.0,pre_only
d4j-JacksonXml-2,7,1,1.0,0.3333333333333333,1.0,1.0,3.0,pre_only
d4j-JacksonXml-3,7,1,1.0,0.3333333333333333,1.0,1.0,3.0,pre_only
d4j-JacksonXml-4,7,1,1.0,0.3333333333333333,1.0,1.0,3.0,pre_only
d4j-JacksonXml-5,5,1,1.0,0.3333333333333333,1.0,1.0,3.0,pre_only
d4j-JacksonXml-6,4,1,1.0,0.3333333333333333,1.0,1.0,3.0,pre_only
d4j-Jsoup-1,7,1,1.0,0.3333333333333333,1.0,1.0,3.0,pre_only
d4j-Jsoup-2,4,1,1.0,0.3333333333333333,1.0,1.0,3.0,pre_only
d4j-Jsoup-3,7,3,1.0,1.0,1.0,1.0,3.0,pre_only
d4j-Jsoup-4,4,1,1.0,0.3333333333333333,1.0,1.0,3.0,pre_only
d4j-Jsoup-5,4,1,1.0,0.3333333333333333,1.0,1.0,3.0,pre_only
d4j-Jsoup-6,3,1,1.0,0.3333333333333333,1.0,1.0,3.0,pre_only
d4j-Jsoup-7,4,1,1.0,0.3333333333333333,1.0,1.0,3.0,pre_only
d4j-Jsoup-8,5,1,1.0,0.3333333333333333,1.0,1.0,3.0,pre_only
d4j-Jsoup-9,3,1,1.0,0.3333333333333333,1.0,1.0,3.0,pre_only
d4j-Jsoup-10,4,1,1.0,0.3333333333333333,1.0,1.0,3.0,pre_only
d4j-Jsoup-11,6,1,1.0,0.3333333333333333,1.0,1.0,3.0,pre_only
d4j-Jsoup-12,4,1,1.0,0.3333333333333333,1.0,1.0,3.0,pre_only
d4j-Jsoup-13,8,1,1.0,0.3333333333333333,1.0,1.0,3.0,pre_only
d4j-Jsoup-14,6,2,1.0,0.6666666666666666,1.0,1.0,3.0,pre_only
d4j-Jsoup-15,6,1,1.0,0.3333333333333333,1.0,1.0,3.0,pre_only
d4j-Jsoup-16,6,1,1.0,0.3333333333333333,1.0,1.0,3.0,pre_only
d4j-Jsoup-17,8,1,1.0,0.3333333333333333,1.0,1.0,3.0,pre_only
d4j-Jsoup-18,7,1,1.0,0.3333333333333333,1.0,1.0,3.0,pre_only
d4j-Jsoup-19,3,1,1.0,0.3333333333333333,1.0,1.0,3.0,pre_only
d4j-Jsoup-20,5,1,1.0,0.3333333333333333,1.0,1.0,3.0,pre_only
d4j-Jsoup-21,4,2,1.0,0.6666666666666666,1.0,1.0,3.0,pre_only
d4j-Jsoup-22,3,3,1.0,1.0,1.0,1.0,3.0,pre_only
d4j-Jsoup-23,5,2,1.0,0.6666666666666666,1.0,1.0,3.0,pre_only
d4j-Jsoup-24,3,1,1.0,0.3333333333333333,1.0,1.0,3.0,pre_only
d4j-Jsoup-25,4,1,1.0,0.3333333333333333,1.0,1.0,3.0,pre_only
d4j-Jsoup-26,3,1,1.0,0.3333333333333333,1.0,1.0,3.0,pre_only
d4j-Jsoup-27,5,1,1.0,0.3333333333333333,1.0,1.0,3.0,pre_only
d4j-Jsoup-28,7,3,1.0,1.0,1.0,1.0,3.0,pre_only
d4j-Jsoup-29,8,1,1.0,0.3333333333333333,1.0,1.0,3.0,pre_only
d4j-Jsoup-30,3,1,1.0,0.3333333333333333,1.0,1.0,3.0,pre_only
d4j-Jsoup-31,5,3,1.0,1.0,1.0,1.0,3.0,pre_only
d4j-Jsoup-32,4,1,1.0,0.3333333333333333,1.0,1.0,3.0,pre_only
d4j-Jsoup-33,7,1,1.0,0.3333333333333333,1.0,1.0,3.0,pre_only
d4j-Jsoup-34,5,1,1.0,0.3333333333333333,1.0,1.0,3.0,pre_only
d4j-Jsoup-35,7,1,1.0,0.3333333333333333,1.0,1.0,3.0,pre_only
d4j-Jsoup-36,5,1,1.0,0.3333333333333333,1.0,1.0,3.0,pre_only
d4j-Jsoup-37,7,1,1.0,0.3333333333333333,1.0,1.0,3.0,pre_only
d4j-Jsoup-38,4,1,1.0,0.3333333333333333,1.0,1.0,3.0,pre_only
d4j-Jsoup-39,3,1,1.0,0.3333333333333333,1.0,1.0,3.0,pre_only
d4j-Jsoup-40,7,1,1.0,0.3333333333333333,1.0,1.0,3.0,pre_only
d4j-Jsoup-41,3,1,1.0,0.3333333333333333,1.0,1.0,3.0,pre_only
d4j-Jsoup-42,8,1,1.0,0.3333333333333333,1.0,1.0,3.0,pre_only
d4j-Jsoup-43,3,1,1.0,0.3333333333333333,1.0,1.0,3.0,pre_only
d4j-Jsoup-44,5,1,1.0,0.3333333333333333,1.0,1.0,3.0,pre_only
d4j-Jsoup-45,7,1,1.0,0.3333333333333333,1.0,1.0,3.0,pre_only
d4j-Jsoup-46,4,1,1.0,0.3333333333333333,1.0,1.0,3.0,pre_only
d4j-Jsoup-47,8,1,1.0,0.3333333333333333,1.0,1.0,3.0,pre_only
d4j-Jsoup-48,5,1,1.0,0.3333333333333333,1.0,1.0,3.0,pre_only
d4j-Jsoup-49,7,1,1.0,0.3333333333333333,1.0,1.0,3.0,pre_only
d4j-Jsoup-50,4,1,1.0,0.3333333333333333,1.0,1.0,3.0,pre_only
d4j-Jsoup-51,5,1,1.0,0.3333333333333333,1.0,1.0,3.0,pre_only
d4j-Jsoup-52,3,3,1.0,1.0,1.0,1.0,3.0,pre_only
d4j-Jsoup-53,8,1,1.0,0.3333333333333333,1.0,1.0,3.0,pre_only
d4j-Jsoup-54,6,1,1.0,0.3333333333333333,1.0,1.0,3.0,pre_only
d4j-Jsoup-55,3,1,1.0,0.3333333333333333,1.0,1.0,3.0,pre_only
d4j-Jsoup-56,6,5,1.0,1.0,1.0,1.0,3.0,pre_only
d4j-Jsoup-57,8,1,1.0,0.3333333333333333,1.0,1.0,3.0,pre_only
d4j-Jsoup-58,3,3,1.0,1.0,1.0,1.0,3.0,pre_only
d4j-Jsoup-59,4,1,1.0,0.3333333333333333,1.0,1.0,3.0,pre_only
d4j-Jsoup-60,5,2,1.0,0.6666666666666666,1.0,1.0,3.0,pre_only
d4j-Jsoup-61,3,1,1.0,0.3333333333333333,1.0,1.0,3.0,pre_only
d4j-Jsoup-62,7,1,1.0,0.3333333333333333,1.0,1.0,3.0,pre_only
d4j-Jsoup-63,8,2,1.0,0.6666666666666666,1.0,1.0,3.0,pre_only
d4j-Jsoup-64,4,1,1.0,0.3333333333333333,1.0,1.0,3.0,pre_only
d4j-Jsoup-65,7,2,1.0,0.6666666666666666,1.0,1.0,3.0,pre_only
d4j-Jsoup-66,7,1,1.0,0.3333333333333333,1.0,1.0,3.0,pre_only
d4j-Jsoup-67,3,1,1.0,0.3333333333333333,1.0,1.0,3.0,pre_only
d4j-Jsoup-68,3,1,1.0,0.3333333333333333,1.0,1.0,3.0,pre_only
d4j-Jsoup-69,7,1,1.0,0.3333333333333333,1.0,1.0,3.0,pre_only
d4j-Jsoup-70,5,1,1.0,0.3333333333333333,1.0,1.0,3.0,pre_only
d4j-Jsoup-71,7,3,1.0,1.0,1.0,1.0,3.0,pre_only
d4j-Jsoup-72,3,1,1.0,0.3333333333333333,1.0,1.0,3.0,pre_only
d4j-Jsoup-73,6,1,1.0,0.3333333333333333,1.0,1.0,3.0,pre_only
d4j-Jsoup-74,3,1,1.0,0.3333333333333333,1.0,1.0,3.0,pre_only
d4j-Jsoup-75,7,1,1.0,0.3333333333333333,1.0,1.0,3.0,pre_only
d4j-Jsoup-76,5,1,1.0,0.3333333333333333,1.0,1.0,3.0,pre_only
d4j-Jsoup-77,8,1,1.0,0.3333333333333333,1.0,1.0,3.0,pre_only
d4j-Jsoup-78,6,1,1.0,0.3333333333333333,1.0,1.0,3.0,pre_only
d4j-Jsoup-79,4,1,1.0,0.3333333333333333,1.0,1.0,3.0,pre_only
d4j-Jsoup-80,8,1,1.0,0.3333333333333333,1.0,1.0,3.0,pre_only
d4j-Jsoup-81,4,1,1.0,0.3333333333333333,1.0,1.0,3.0,pre_only
d4j-Jsoup-82,6,1,1.0,0.3333333333333333,1.0,1.0,3.0,pre_only
d4j-Jsoup-83,4,2,1.0,0.6666666666666666,1.0,1.0,3.0,pre_only
d4j-Jsoup-84,3,1,1.0,0.3333333333333333,1.0,1.0,3.0,pre_only
d4j-Jsoup-85,8,1,1.0,0.3333333333333333,1.0,1.0,3.0,pre_only
d4j-Jsoup-86,7,1,1.0,0.3333333333333333,1.0,1.0,3.0,pre_only
d4j-Jsoup-87,8,4,1.0,1.0,1.0,1.0,3.0,pre_only
d4j-Jsoup-88,4,1,1.0,0.3333333333333333,1.0,1.0,3.0,pre_only
d4j-Jsoup-89,4,1,1.0,0.3333333333333333,1.0,1.0,3.0,pre_only
d4j-Jsoup-90,5,1,1.0,0.3333333333333333,1.0,1.0,3.0,pre_only
d4j-Jsoup-91,8,2,1.0,0.6666666666666666,1.0,1.0,3.0,pre_only
d4j-Jsoup-92,7,5,1.0,1.0,1.0,1.0,3.0,pre_only
d4j-Jsoup-93,4,1,1.0,0.3333333333333333,1.0,1.0,3.0,pre_only
d4j-JxPath-1,4,2,1.0,0.6666666666666666,1.0,1.0,3.0,pre_only
d4j-JxPath-2,7,1,1.0,0.3333333333333333,1.0,1.0,3.0,pre_only
d4j-JxPath-3,4,1,1.0,0.3333333333333333,1.0,1.0,3.0,pre_only
d4j-JxPath-4,3,2,1.0,0.6666666666666666,1.0,1.0,3.0,pre_only
d4j-JxPath-5,4,1,1.0,0.3333333333333333,1.0,1.0,3.0,pre_only
d4j-JxPath-6,5,1,1.0,0.3333333333333333,1.0,1.0,3.0,pre_only
d4j-JxPath-7,5,5,1.0,1.0,1.0,1.0,3.0,pre_only
d4j-JxPath-8,6,1,1.0,0.3333333333333333,1.0,1.0,3.0,pre_only
d4j-JxPath-9,3,3,1.0,1.0,1.0,1.0,3.0,pre_only
d4j-JxPath-10,7,1,1.0,0.3333333333333333,1.0,1.0,3.0,pre_only
d4j-JxPath-11,4,2,1.0,0.6666666666666666,1.0,1.0,3.0,pre_only
d4j-JxPath-12,6,1,1.0,0.3333333333333333,1.0,1.0,3.0,pre_only
d4j-JxPath-13,3,2,1.0,0.6666666666666666,1.0,1.0,3.0,pre_only
d4j-JxPath-14,4,1,1.0,0.3333333333333333,1.0,1.0,3.0,pre_only
d4j-JxPath-15,5,1,1.0,0.3333333333333333,1.0,1.0,3.0,pre_only
d4j-JxPath-16,8,2,1.0,0.6666666666666666,1.0,1.0,3.0,pre_only
d4j-JxPath-17,4,2,1.0,0.6666666666666666,1.0,1.0,3.0,pre_only
d4j-JxPath-18,6,1,1.0,0.3333333333333333,1.0,1.0,3.0,pre_only
d4j-JxPath-19,8,2,1.0,0.6666666666666666,1.0,1.0,3.0,pre_only
d4j-JxPath-20,7,1,1.0,0.3333333333333333,1.0,1.0,3.0,pre_only
d4j-JxPath-21,5,1,1.0,0.3333333333333333,1.0,1.0,3.0,pre_only
d4j-JxPath-22,6,1,1.0,0.3333333333333333,1.0,1.0,3.0,pre_only
d4j-Lang-1,3,1,1.0,0.3333333333333333,1.0,1.0,3.0,pre_only
d4j-Lang-3,3,1,1.0,0.3333333333333333,1.0,1.0,3.0,pre_only
d4j-Lang-4,3,1,1.0,0.3333333333333333,1.0,1.0,3.0,pre_only
d4j-Lang-5,3,1,1.0,0.3333333333333333,1.0,1.0,3.0,pre_only
d4j-Lang-6,5,1,1.0,0.3333333333333333,1.0,1.0,3.0,pre_only
d4j-Lang-7,3,1,1.0,0.3333333333333333,1.0,1.0,3.0,pre_only
d4j-Lang-8,8,1,1.0,0.3333333333333333,1.0,1.0,3.0,pre_only
d4j-Lang-9,4,1,1.0,0.3333333333333333,1.0,1.0,3.0,pre_only
d4j-Lang-10,7,1,1.0,0.3333333333333333,1.0,1.0,3.0,pre_only
d4j-Lang-11,7,1,1.0,0.3333333333333333,1.0,1.0,3.0,pre_only
d4j-Lang-12,8,1,0.0,0.3333333333333333,1.0,0.5,6.0,pre_only
d4j-Lang-13,6,1,0.0,0.3333333333333333,1.0,0.5,6.0,pre_only
d4j-Lang-14,6,1,1.0,0.3333333333333333,1.0,1.0,3.0,pre_only
d4j-Lang-15,3,1,1.0,0.3333333333333333,1.0,1.0,3.0,pre_only
d4j-Lang-16,3,1,1.0,0.3333333333333333,1.0,1.0,3.0,pre_only
d4j-Lang-17,7,1,1.0,0.3333333333333333,1.0,1.0,3.0,pre_only
d4j-Lang-19,6,1,1.0,0.3333333333333333,1.0,1.0,3.0,pre_only
d4j-Lang-20,3,1,1.0,0.3333333333333333,1.0,1.0,3.0,pre_only
d4j-Lang-21,5,1,1.0,0.3333333333333333,1.0,1.0,3.0,pre_only
d4j-Lang-22,3,1,1.0,0.3333333333333333,1.0,1.0,3.0,pre_only
d4j-Lang-23,7,1,1.0,0.3333333333333333,1.0,1.0,3.0,pre_only
d4j-Lang-24,3,1,1.0,0.3333333333333333,1.0,1.0,3.0,pre_only
d4j-Lang-26,5,1,1.0,0.3333333333333333,1.0,1.0,3.0,pre_only
d4j-Lang-27,3,1,1.0,0.3333333333333333,1.0,1.0,3.0,pre_only
d4j-Lang-28,3,1,1.0,0.3333333333333333,1.0,1.0,3.0,pre_only
d4j-Lang-29,4,1,1.0,0.3333333333333333,1.0,1.0,3.0,pre_only
d4j-Lang-30,6,1,1.0,0.3333333333333333,1.0,1.0,3.0,pre_only
d4j-Lang-31,5,1,1.0,0.3333333333333333,1.0,1.0,3.0,pre_only
d4j-Lang-32,5,1,1.0,0.3333333333333333,1.0,1.0,3.0,pre_only
d4j-Lang-33,4,1,1.0,0.3333333333333333,1.0,1.0,3.0,pre_only
d4j-Lang-34,7,1,1.0,0.3333333333333333,1.0,1.0,3.0,pre_only
d4j-Lang-35,3,1,1.0,0.3333333333333333,1.0,1.0,3.0,pre_only
d4j-Lang-36,3,1,1.0,0.3333333333333333,1.0,1.0,3.0,pre_only
d4j-Lang-37,6,1,1.0,0.3333333333333333,1.0,1.0,3.0,pre_only
d4j-Lang-38,4,1,1.0,0.3333333333333333,1.0,1.0,3.0,pre_only
d4j-Lang-39,5,1,1.0,0.3333333333333333,1.0,1.0,3.0,pre_only
d4j-Lang-40,5,1,1.0,0.3333333333333333,1.0,1.0,3.0,pre_only
d4j-Lang-41,8,1,1.0,0.3333333333333333,1.0,1.0,3.0,pre_only
d4j-Lang-42,8,1,1.0,0.3333333333333333,1.0,1.0,3.0,pre_only
d4j-Lang-43,3,1,1.0,0.3333333333333333,1.0,1.0,3.0,pre_only
d4j-Lang-44,7,1,1.0,0.3333333333333333,1.0,1.0,3.0,pre_only
d4j-Lang-45,8,1,0.0,0.3333333333333333,1.0,0.5,6.0,pre_only
d4j-Lang-46,5,1,1.0,0.3333333333333333,1.0,1.0,3.0,pre_only
d4j-Lang-47,7,1,1.0,0.3333333333333333,1.0,1.0,3.0,pre_only
d4j-Lang-49,4,1,1.0,0.3333333333333333,1.0,1.0,3.0,pre_only
d4j-Lang-50,5,1,1.0,0.3333333333333333,1.0,1.0,3.0,pre_only
d4j-Lang-51,5,1,1.0,0.3333333333333333,1.0,1.0,3.0,pre_only
d4j-Lang-52,6,1,1.0,0.3333333333333333,1.0,1.0,3.0,pre_only
d4j-Lang-53,5,1,1.0,0.3333333333333333,1.0,1.0,3.0,pre_only
d4j-Lang-54,7,1,0.0,0.3333333333333333,1.0,0.5,6.0,pre_only
d4j-Lang-55,4,1,1.0,0.3333333333333333,1.0,1.0,3.0,pre_only
d4j-Lang-56,4,1,1.0,0.3333333333333333,1.0,1.0,3.0,pre_only
d4j-Lang-57,7,1,1.0,0.3333333333333333,1.0,1.0,3.0,pre_only
d4j-Lang-58,3,1,1.0,0.3333333333333333,1.0,1.0,3.0,pre_only
d4j-Lang-59,5,1,1.0,0.3333333333333333,1.0,1.0,3.0,pre_only
d4j-Lang-60,6,1,1.0,0.3333333333333333,1.0,1.0,3.0,pre_only
d4j-Lang-61,5,1,1.0,0.3333333333333333,1.0,1.0,3.0,pre_only
d4j-Lang-62,4,1,1.0,0.3333333333333333,1.0,1.0,3.0,pre_only
d4j-Lang-63,5,1,1.0,0.3333333333333333,1.0,1.0,3.0,pre_only
d4j-Lang-64,3,1,1.0,0.3333333333333333,1.0,1.0,3.0,pre_only
d4j-Lang-65,3,1,1.0,0.3333333333333333,1.0,1.0,3.0,pre_only
d4j-Math-1,8,2,1.0,0.6666666666666666,1.0,1.0,3.0,pre_only
d4j-Math-2,6,1,1.0,0.3333333333333333,1.0,1.0,3.0,pre_only
d4j-Math-3,5,1,1.0,0.3333333333333333,1.0,1.0,3.0,pre_only
d4j-Math-4,3,2,1.0,0.6666666666666666,1.0,1.0,3.0,pre_only
d4j-Math-5,7,1,1.0,0.3333333333333333,1.0,1.0,3.0,pre_only
d4j-Math-6,5,5,1.0,1.0,1.0,1.0,3.0,pre_only
d4j-Math-7,8,1,1.0,0.3333333333333333,1.0,1.0,3.0,pre_only
d4j-Math-8,5,1,1.0,0.3333333333333333,1.0,1.0,3.0,pre_only
d4j-Math-9,8,1,1.0,0.3333333333333333,1.0,1.0,3.0,pre_only
d4j-Math-10,5,1,1.0,0.3333333333333333,1.0,1.0,3.0,pre_only
d4j-Math-11,8,1,1.0,0.3333333333333333,1.0,1.0,3.0,pre_only
d4j-Math-12,4,1,1.0,0.3333333333333333,1.0,1.0,3.0,pre_only
d4j-Math-13,4,1,1.0,0.3333333333333333,1.0,1.0,3.0,pre_only
d4j-Math-14,6,2,1.0,0.6666666666666666,1.0,1.0,3.0,pre_only
d4j-Math-15,5,1,1.0,0.3333333333333333,1.0,1.0,3.0,pre_only
d4j-Math-16,6,1,1.0,0.3333333333333333,1.0,1.0,3.0,pre_only
d4j-Math-17,5,1,1.0,0.3333333333333333,1.0,1.0,3.0,pre_only
d4j-Math-18,4,1,1.0,0.3333333333333333,1.0,1.0,3.0,pre_only
d4j-Math-19,3,1,1.0,0.3333333333333333,1.0,1.0,3.0,pre_only
d4j-Math-20,7,1,1.0,0.3333333333333333,1.0,1.0,3.0,pre_only
d4j-Math-21,4,1,1.0,0.3333333333333333,1.0,1.0,3.0,pre_only
d4j-Math-22,8,2,1.0,0.6666666666666666,1.0,1.0,3.0,pre_only
d4j-Math-23,6,1,1.0,0.3333333333333333,1.0,1.0,3.0,pre_only
d4j-Math-24,8,1,1.0,0.3333333333333333,1.0,1.0,3.0,pre_only
d4j-Math-25,5,1,1.0,0.3333333333333333,1.0,1.0,3.0,pre_only
d4j-Math-26,5,1,1.0,0.3333333333333333,1.0,1.0,3.0,pre_only
d4j-Math-27,5,1,1.0,0.3333333333333333,1.0,1.0,3.0,pre_only
d4j-Math-28,8,1,1.0,0.3333333333333333,1.0,1.0,3.0,pre_only
d4j-Math-29,6,1,1.0,0.3333333333333333,1.0,1.0,3.0,pre_only
d4j-Math-31,7,1,1.0,0.3333333333333333,1.0,1.0,3.0,pre_only
d4j-Math-32,8,1,1.0,0.3333333333333333,1.0,1.0,3.0,pre_only
d4j-Math-33,6,1,1.0,0.3333333333333333,1.0,1.0,3.0,pre_only
d4j-Math-34,4,1,1.0,0.3333333333333333,1.0,1.0,3.0,pre_only
d4j-Math-35,7,1,1.0,0.3333333333333333,1.0,1.0,3.0,pre_only
d4j-Math-36,7,1,1.0,0.3333333333333333,1.0,1.0,3.0,pre_only
d4j-Math-37,4,1,1.0,0.3333333333333333,1.0,1.0,3.0,pre_only
d4j-Math-38,6,1,1.0,0.3333333333333333,1.0,1.0,3.0,pre_only
d4j-Math-39,3,1,1.0,0.3333333333333333,1.0,1.0,3.0,pre_only
d4j-Math-40,3,1,1.0,0.3333333333333333,1.0,1.0,3.0,pre_only
d4j-Math-41,5,1,1.0,0.3333333333333333,1.0,1.0,3.0,pre_only
d4j-Math-42,8,1,1.0,0.3333333333333333,1.0,1.0,3.0,pre_only
d4j-Math-43,6,1,1.0,0.3333333333333333,1.0,1.0,3.0,pre_only
d4j-Math-44,6,1,1.0,0.3333333333333333,1.0,1.0,3.0,pre_only
d4j-Math-45,5,1,1.0,0.3333333333333333,1.0,1.0,3.0,pre_only
d4j-Math-46,4,1,1.0,0.3333333333333333,1.0,1.0,3.0,pre_only
d4j-Math-47,3,1,1.0,0.3333333333333333,1.0,1.0,3.0,pre_only
d4j-Math-48,5,1,1.0,0.3333333333333333,1.0,1.0,3.0,pre_only
d4j-Math-49,3,1,1.0,0.3333333333333333,1.0,1.0,3.0,pre_only
d4j-Math-50,8,1,1.0,0.3333333333333333,1.0,1.0,3.0,pre_only
d4j-Math-51,4,1,1.0,0.3333333333333333,1.0,1.0,3.0,pre_only
d4j-Math-52,6,1,1.0,0.3333333333333333,1.0,1.0,3.0,pre_only
d4j-Math-53,4,1,1.0,0.3333333333333333,1.0,1.0,3.0,pre_only
d4j-Math-54,4,1,1.0,0.3333333333333333,1.0,1.0,3.0,pre_only
d4j-Math-55,6,1,1.0,0.3333333333333333,1.0,1.0,3.0,pre_only
d4j-Math-56,8,1,1.0,0.3333333333333333,1.0,1.0,3.0,pre_only
d4j-Math-57,4,1,1.0,0.3333333333333333,1.0,1.0,3.0,pre_only
d4j-Math-58,4,1,1.0,0.3333333333333333,1.0,1.0,3.0,pre_only
d4j-Math-59,4,1,1.0,0.3333333333333333,1.0,1.0,3.0,pre_only
d4j-Math-60,3,1,1.0,0.3333333333333333,1.0,1.0,3.0,pre_only
d4j-Math-61,8,1,1.0,0.3333333333333333,1.0,1.0,3.0,pre_only
d4j-Math-62,4,1,1.0,0.3333333333333333,1.0,1.0,3.0,pre_only
d4j-Math-63,4,1,1.0,0.3333333333333333,1.0,1.0,3.0,pre_only
d4j-Math-64,7,1,1.0,0.3333333333333333,1.0,1.0,3.0,pre_only
d4j-Math-65,3,1,1.0,0.3333333333333333,1.0,1.0,3.0,pre_only
d4j-Math-66,3,1,1.0,0.3333333333333333,1.0,1.0,3.0,pre_only
d4j-Math-67,3,1,1.0,0.3333333333333333,1.0,1.0,3.0,pre_only
d4j-Math-68,6,1,1.0,0.3333333333333333,1.0,1.0,3.0,pre_only
d4j-Math-69,3,1,1.0,0.3333333333333333,1.0,1.0,3.0,pre_only
d4j-Math-70,5,1,1.0,0.3333333333333333,1.0,1.0,3.0,pre_only
d4j-Math-71,3,2,1.0,0.6666666666666666,1.0,1.0,3.0,pre_only
d4j-Math-72,7,1,1.0,0.3333333333333333,1.0,1.0,3.0,pre_only
d4j-Math-73,3,1,1.0,0.3333333333333333,1.0,1.0,3.0,pre_only
d4j-Math-74,3,1,1.0,0.3333333333333333,1.0,1.0,3.0,pre_only
d4j-Math-75,2,1,1.0,0.5,1.0,1.0,3.0,pre_only
d4j-Math-76,7,1,1.0,0.3333333333333333,1.0,1.0,3.0,pre_only
d4j-Math-77,7,2,1.0,0.6666666666666666,1.0,1.0,3.0,pre_only
d4j-Math-78,4,1,1.0,0.3333333333333333,1.0,1.0,3.0,pre_only
d4j-Math-79,5,1,1.0,0.3333333333333333,1.0,1.0,3.0,pre_only
d4j-Math-80,6,1,1.0,0.3333333333333333,1.0,1.0,3.0,pre_only
d4j-Math-81,7,1,1.0,0.3333333333333333,1.0,1.0,3.0,pre_only
d4j-Math-82,6,1,1.0,0.3333333333333333,1.0,1.0,3.0,pre_only
d4j-Math-83,3,1,1.0,0.3333333333333333,1.0,1.0,3.0,pre_only
d4j-Math-84,3,1,1.0,0.3333333333333333,1.0,1.0,3.0,pre_only
d4j-Math-85,5,1,1.0,0.3333333333333333,1.0,1.0,3.0,pre_only
d4j-Math-86,8,1,1.0,0.3333333333333333,1.0,1.0,3.0,pre_only
d4j-Math-87,6,1,1.0,0.3333333333333333,1.0,1.0,3.0,pre_only
d4j-Math-88,3,1,1.0,0.3333333333333333,1.0,1.0,3.0,pre_only
d4j-Math-89,2,1,1.0,0.5,1.0,1.0,3.0,pre_only
d4j-Math-90,2,1,1.0,0.5,1.0,1.0,3.0,pre_only
d4j-Math-91,6,1,1.0,0.3333333333333333,1.0,1.0,3.0,pre_only
d4j-Math-92,5,1,1.0,0.3333333333333333,1.0,1.0,3.0,pre_only
d4j-Math-93,4,1,1.0,0.3333333333333333,1.0,1.0,3.0,pre_only
d4j-Math-94,5,1,1.0,0.3333333333333333,1.0,1.0,3.0,pre_only
d4j-Math-95,5,1,1.0,0.3333333333333333,1.0,1.0,3.0,pre_only
d4j-Math-96,3,1,1.0,0.3333333333333333,1.0,1.0,3.0,pre_only
d4j-Math-97,3,1,1.0,0.3333333333333333,1.0,1.0,3.0,pre_only
d4j-Math-98,8,2,1.0,0.6666666666666666,1.0,1.0,3.0,pre_only
d4j-Math-99,3,1,1.0,0.3333333333333333,1.0,1.0,3.0,pre_only
d4j-Math-101,3,1,1.0,0.3333333333333333,1.0,1.0,3.0,pre_only
d4j-Math-103,7,1,1.0,0.3333333333333333,1.0,1.0,3.0,pre_only
d4j-Math-104,3,1,1.0,0.3333333333333333,1.0,1.0,3.0,pre_only
d4j-Math-105,1,1,1.0,1.0,1.0,1.0,3.0,pre_only
d4j-Math-106,3,1,1.0,0.3333333333333333,1.0,1.0,3.0,pre_only
d4j-Mockito-1,7,1,1.0,0.3333333333333333,1.0,1.0,3.0,pre_only
d4j-Mockito-2,7,1,1.0,0.3333333333333333,1.0,1.0,3.0,pre_only
d4j-Mockito-3,4,1,1.0,0.3333333333333333,1.0,1.0,3.0,pre_only
d4j-Mockito-4,4,1,1.0,0.3333333333333333,1.0,1.0,3.0,pre_only
d4j-Mockito-5,8,1,1.0,0.3333333333333333,1.0,1.0,3.0,pre_only
d4j-Mockito-6,6,1,1.0,0.3333333333333333,1.0,1.0,3.0,pre_only
d4j-Mockito-7,6,1,1.0,0.3333333333333333,1.0,1.0,3.0,pre_only
d4j-Mockito-8,5,1,1.0,0.3333333333333333,1.0,1.0,3.0,pre_only
d4j-Mockito-9,6,1,1.0,0.3333333333333333,1.0,1.0,3.0,pre_only
d4j-Mockito-10,7,1,1.0,0.3333333333333333,1.0,1.0,3.0,pre_only
d4j-Mockito-11,8,1,1.0,0.3333333333333333,1.0,1.0,3.0,pre_only
d4j-Mockito-12,7,1,1.0,0.3333333333333333,1.0,1.0,3.0,pre_only
d4j-Mockito-13,5,1,1.0,0.3333333333333333,1.0,1.0,3.0,pre_only
d4j-Mockito-14,5,2,1.0,0.6666666666666666,1.0,1.0,3.0,pre_only
d4j-Mockito-15,4,1,1.0,0.3333333333333333,1.0,1.0,3.0,pre_only
d4j-Mockito-16,6,2,1.0,0.6666666666666666,1.0,1.0,3.0,pre_only
d4j-Mockito-17,4,2,1.0,0.6666666666666666,1.0,1.0,3.0,pre_only
d4j-Mockito-18,5,1,1.0,0.3333333333333333,1.0,1.0,3.0,pre_only
d4j-Mockito-19,7,5,1.0,1.0,1.0,1.0,3.0,pre_only
d4j-Mockito-20,6,1,1.0,0.3333333333333333,1.0,1.0,3.0,pre_only
d4j-Mockito-21,5,1,1.0,0.3333333333333333,1.0,1.0,3.0,pre_only
d4j-Mockito-22,5,1,1.0,0.3333333333333333,1.0,1.0,3.0,pre_only
d4j-Mockito-23,7,1,1.0,0.3333333333333333,1.0,1.0,3.0,pre_only
d4j-Mockito-24,6,1,1.0,0.3333333333333333,1.0,1.0,3.0,pre_only
d4j-Mockito-25,4,1,1.0,0.3333333333333333,1.0,1.0,3.0,pre_only
d4j-Mockito-26,3,1,1.0,0.3333333333333333,1.0,1.0,3.0,pre_only
d4j-Mockito-27,3,1,1.0,0.3333333333333333,1.0,1.0,3.0,pre_only
d4j-Mockito-28,6,1,1.0,0.3333333333333333,1.0,1.0,3.0,pre_only
d4j-Mockito-29,4,1,1.0,0.3333333333333333,1.0,1.0,3.0,pre_only
d4j-Mockito-30,8,2,1.0,0.6666666666666666,1.0,1.0,3.0,pre_only
d4j-Mockito-31,3,1,1.0,0.3333333333333333,1.0,1.0,3.0,pre_only
d4j-Mockito-32,6,1,1.0,0.3333333333333333,1.0,1.0,3.0,pre_only
d4j-Mockito-33,7,1,1.0,0.3333333333333333,1.0,1.0,3.0,pre_only
d4j-Mockito-34,8,1,1.0,0.3333333333333333,1.0,1.0,3.0,pre_only
d4j-Mockito-35,6,1,1.0,0.3333333333333333,1.0,1.0,3.0,pre_only
d4j-Mockito-36,3,1,1.0,0.3333333333333333,1.0,1.0,3.0,pre_only
d4j-Mockito-37,6,1,1.0,0.3333333333333333,1.0,1.0,3.0,pre_only
d4j-Mockito-38,1,1,1.0,1.0,1.0,1.0,3.0,pre_only
d4j-Time-1,5,2,1.0,0.6666666666666666,1.0,1.0,3.0,pre_only
d4j-Time-2,5,2,1.0,0.6666666666666666,1.0,1.0,3.0,pre_only
d4j-Time-3,8,1,1.0,0.3333333333333333,1.0,1.0,3.0,pre_only
d4j-Time-4,4,1,1.0,0.3333333333333333,1.0,1.0,3.0,pre_only
d4j-Time-5,6,1,1.0,0.3333333333333333,1.0,1.0,3.0,pre_only
d4j-Time-6,4,1,1.0,0.3333333333333333,1.0,1.0,3.0,pre_only
d4j-Time-7,4,1,1.0,0.3333333333333333,1.0,1.0,3.0,pre_only
d4j-Time-8,4,1,1.0,0.3333333333333333,1.0,1.0,3.0,pre_only
d4j-Time-9,3,1,1.0,0.3333333333333333,1.0,1.0,3.0,pre_only
d4j-Time-10,7,1,1.0,0.3333333333333333,1.0,1.0,3.0,pre_only
d4j-Time-11,6,1,1.0,0.3333333333333333,1.0,1.0,3.0,pre_only
d4j-Time-12,4,2,1.0,0.6666666666666666,1.0,1.0,3.0,pre_only
d4j-Time-13,5,1,1.0,0.3333333333333333,1.0,1.0,3.0,pre_only
d4j-Time-14,4,1,1.0,0.3333333333333333,1.0,1.0,3.0,pre_only
d4j-Time-15,5,1,1.0,0.3333333333333333,1.0,1.0,3.0,pre_only
d4j-Time-16,8,1,1.0,0.3333333333333333,1.0,1.0,3.0,pre_only
d4j-Time-17,4,1,1.0,0.3333333333333333,1.0,1.0,3.0,pre_only
d4j-Time-18,7,1,1.0,0.3333333333333333,1.0,1.0,3.0,pre_only
d4j-Time-19,6,1,1.0,0.3333333333333333,1.0,1.0,3.0,pre_only
d4j-Time-20,6,1,1.0,0.3333333333333333,1.0,1.0,3.0,pre_only
d4j-Time-22,8,1,0.0,0.3333333333333333,1.0,0.3333333333333333,9.0,pre_only
d4j-Time-23,4,1,0.0,0.0,1.0,0.25,12.0,pre_only
d4j-Time-24,3,1,0.0,0.3333333333333333,1.0,0.3333333333333333,9.0,pre_only
d4j-Time-25,3,1,1.0,0.3333333333333333,1.0,1.0,3.0,pre_only
d4j-Time-26,8,3,1.0,0.3333333333333333,1.0,1.0,3.0,pre_only
d4j-Time-27,8,1,0.0,0.3333333333333333,1.0,0.5,6.0,pre_only
bip-PySnooper-1,3,2,1.0,0.6666666666666666,1.0,1.0,3.0,pre_only
bip-PySnooper-2,3,1,1.0,0.3333333333333333,1.0,1.0,3.0,pre_only
bip-PySnooper-3,3,1,0.0,0.3333333333333333,1.0,0.3333333333333333,9.0,pre_only
bip-ansible-1,5,1,1.0,0.3333333333333333,1.0,1.0,3.0,pre_only
bip-ansible-2,3,1,0.0,0.3333333333333333,1.0,0.5,6.0,pre_only
bip-ansible-3,4,1,0.0,0.0,1.0,0.25,12.0,pre_only
bip-ansible-4,4,1,0.0,0.3333333333333333,1.0,0.5,6.0,pre_only
bip-ansible-5,7,1,0.0,0.3333333333333333,1.0,0.3333333333333333,9.0,pre_only
bip-ansible-6,7,1,1.0,0.3333333333333333,1.0,1.0,3.0,pre_only
bip-ansible-7,3,1,0.0,0.3333333333333333,1.0,0.5,6.0,pre_only
bip-ansible-8,7,1,0.0,0.0,0.0,0.16666666666666666,18.0,pre_only
bip-ansible-9,3,1,0.0,0.3333333333333333,1.0,0.5,6.0,pre_only
bip-ansible-10,5,1,0.0,0.0,1.0,0.25,12.0,pre_only
bip-ansible-11,4,1,0.0,0.3333333333333333,1.0,0.3333333333333333,9.0,pre_only
bip-ansible-12,5,1,0.0,0.0,1.0,0.25,12.0,pre_only
bip-ansible-13,7,2,1.0,0.6666666666666666,1.0,1.0,3.0,pre_only
bip-ansible-14,5,1,0.0,0.0,1.0,0.25,12.0,pre_only
bip-ansible-15,5,1,0.0,0.0,1.0,0.25,12.0,pre_only
bip-ansible-16,3,1,0.0,0.3333333333333333,1.0,0.3333333333333333,9.0,pre_only
bip-ansible-17,5,1,1.0,0.3333333333333333,1.0,1.0,3.0,pre_only
bip-ansible-18,8,1,0.0,0.3333333333333333,1.0,0.5,6.0,pre_only
bip-black-1,4,1,1.0,0.3333333333333333,1.0,1.0,3.0,pre_only
bip-black-2,4,1,1.0,0.3333333333333333,1.0,1.0,3.0,pre_only
bip-black-3,3,1,1.0,0.3333333333333333,1.0,1.0,3.0,pre_only
bip-black-4,3,1,1.0,0.3333333333333333,1.0,1.0,3.0,pre_only
bip-black-5,3,1,1.0,0.3333333333333333,1.0,1.0,3.0,pre_only
bip-black-6,4,3,1.0,1.0,1.0,1.0,3.0,pre_only
bip-black-7,4,1,1.0,0.3333333333333333,1.0,1.0,3.0,pre_only
bip-black-8,4,1,1.0,0.3333333333333333,1.0,1.0,3.0,pre_only
bip-black-9,4,1,1.0,0.3333333333333333,1.0,1.0,3.0,pre_only
bip-black-10,4,1,0.0,0.3333333333333333,1.0,0.3333333333333333,9.0,pre_only
bip-black-11,3,1,1.0,0.3333333333333333,1.0,1.0,3.0,pre_only
bip-black-12,4,1,1.0,0.3333333333333333,1.0,1.0,3.0,pre_only
bip-black-13,4,1,0.0,0.3333333333333333,1.0,0.3333333333333333,9.0,pre_only
bip-black-14,3,1,1.0,0.3333333333333333,1.0,1.0,3.0,pre_only
bip-black-15,4,1,1.0,0.3333333333333333,1.0,1.0,3.0,pre_only
bip-black-16,4,1,1.0,0.3333333333333333,1.0,1.0,3.0,pre_only
bip-black-17,4,1,1.0,0.3333333333333333,1.0,1.0,3.0,pre_only
bip-black-18,4,1,1.0,0.3333333333333333,1.0,1.0,3.0,pre_only
bip-black-19,3,1,1.0,0.3333333333333333,1.0,1.0,3.0,pre_only
bip-black-20,4,1,1.0,0.3333333333333333,1.0,1.0,3.0,pre_only
bip-black-21,4,1,1.0,0.3333333333333333,1.0,1.0,3.0,pre_only
bip-black-22,4,1,1.0,0.3333333333333333,1.0,1.0,3.0,pre_only
bip-black-23,4,2,1.0,0.3333333333333333,1.0,1.0,3.0,pre_only
bip-cookiecutter-1,4,1,0.0,0.3333333333333333,1.0,0.5,6.0,pre_only
bip-cookiecutter-2,4,1,1.0,0.3333333333333333,1.0,1.0,3.0,pre_only
bip-cookiecutter-3,4,1,0.0,0.0,1.0,0.25,12.0,pre_only
bip-cookiecutter-4,4,3,1.0,0.6666666666666666,1.0,1.0,3.0,pre_only
bip-fastapi-1,4,4,1.0,1.0,1.0,1.0,3.0,pre_only
bip-fastapi-2,7,1,1.0,0.3333333333333333,1.0,1.0,3.0,pre_only
bip-fastapi-3,5,1,1.0,0.3333333333333333,1.0,1.0,3.0,pre_only
bip-fastapi-4,3,1,0.0,0.3333333333333333,1.0,0.5,6.0,pre_only
bip-fastapi-5,3,1,0.0,0.3333333333333333,1.0,0.5,6.0,pre_only
bip-fastapi-6,5,1,0.0,0.3333333333333333,1.0,0.5,6.0,pre_only
bip-fastapi-7,5,1,0.0,0.0,1.0,0.2,15.0,pre_only
bip-fastapi-8,4,1,1.0,0.3333333333333333,1.0,1.0,3.0,pre_only
bip-fastapi-9,3,1,1.0,0.3333333333333333,1.0,1.0,3.0,pre_only
bip-fastapi-10,8,1,1.0,0.3333333333333333,1.0,1.0,3.0,pre_only
bip-fastapi-11,6,1,1.0,0.3333333333333333,1.0,1.0,3.0,pre_only
bip-fastapi-12,5,1,0.0,0.0,1.0,0.25,12.0,pre_only
bip-fastapi-13,5,1,1.0,0.3333333333333333,1.0,1.0,3.0,pre_only
bip-fastapi-14,7,1,0.0,0.0,1.0,0.2,15.0,pre_only
bip-fastapi-15,7,1,1.0,0.3333333333333333,1.0,1.0,3.0,pre_only
bip-fastapi-16,7,1,0.0,0.3333333333333333,1.0,0.3333333333333333,9.0,pre_only
bip-httpie-1,4,1,0.0,0.0,1.0,0.25,12.0,pre_only
bip-httpie-2,6,2,0.0,0.3333333333333333,0.5,0.3333333333333333,9.0,pre_only
bip-httpie-3,5,1,0.0,0.0,1.0,0.25,12.0,pre_only
bip-httpie-4,4,1,0.0,0.3333333333333333,1.0,0.3333333333333333,9.0,pre_only
bip-httpie-5,5,1,0.0,0.0,1.0,0.25,12.0,pre_only
bip-keras-1,8,3,1.0,0.6666666666666666,0.6666666666666666,1.0,3.0,pre_only
bip-keras-2,5,1,0.0,0.0,1.0,0.25,12.0,pre_only
bip-keras-3,7,1,1.0,0.3333333333333333,1.0,1.0,3.0,pre_only
bip-keras-4,4,1,0.0,0.0,1.0,0.25,12.0,pre_only
bip-keras-5,5,1,0.0,0.3333333333333333,1.0,0.5,6.0,pre_only
bip-keras-6,6,1,0.0,0.3333333333333333,1.0,0.5,6.0,pre_only
bip-keras-7,4,1,0.0,0.0,1.0,0.25,12.0,pre_only
bip-keras-8,7,1,0.0,0.0,0.0,0.14285714285714285,21.0,pre_only
bip-keras-9,3,1,1.0,0.3333333333333333,1.0,1.0,3.0,pre_only
bip-keras-10,8,1,0.0,0.3333333333333333,1.0,0.3333333333333333,9.0,pre_only
bip-keras-11,4,3,1.0,1.0,1.0,1.0,3.0,pre_only
bip-keras-13,4,1,0.0,0.3333333333333333,1.0,0.5,6.0,pre_only
bip-keras-14,7,1,0.0,0.3333333333333333,1.0,0.5,6.0,pre_only
bip-keras-15,6,1,1.0,0.3333333333333333,1.0,1.0,3.0,pre_only
bip-keras-16,5,1,0.0,0.3333333333333333,1.0,0.5,6.0,pre_only
bip-keras-17,8,1,0.0,0.3333333333333333,1.0,0.3333333333333333,9.0,pre_only
bip-keras-18,7,1,1.0,0.3333333333333333,1.0,1.0,3.0,pre_only
bip-keras-19,6,2,1.0,0.6666666666666666,1.0,1.0,3.0,pre_only
bip-keras-20,6,5,1.0,0.6666666666666666,0.8,1.0,3.0,pre_only
bip-keras-21,4,1,1.0,0.3333333333333333,1.0,1.0,3.0,pre_only
bip-keras-22,6,1,0.0,0.0,0.0,0.16666666666666666,18.0,pre_only
bip-keras-23,6,1,0.0,0.3333333333333333,1.0,0.3333333333333333,9.0,pre_only
bip-keras-24,6,1,0.0,0.3333333333333333,1.0,0.5,6.0,pre_only
bip-keras-25,6,1,0.0,0.0,0.0,0.16666666666666666,18.0,pre_only
bip-keras-26,8,1,1.0,0.3333333333333333,1.0,1.0,3.0,pre_only
bip-keras-27,3,1,0.0,0.3333333333333333,1.0,0.5,6.0,pre_only
bip-keras-28,6,1,0.0,0.0,1.0,0.2,15.0,pre_only
bip-keras-29,6,1,1.0,0.3333333333333333,1.0,1.0,3.0,pre_only
bip-keras-30,8,1,1.0,0.3333333333333333,1.0,1.0,3.0,pre_only
bip-keras-31,6,1,1.0,0.3333333333333333,1.0,1.0,3.0,pre_only
bip-keras-32,7,1,1.0,0.3333333333333333,1.0,1.0,3.0,pre_only
bip-keras-33,8,1,0.0,0.0,0.0,0.125,24.0,pre_only
bip-keras-34,8,2,0.0,0.6666666666666666,1.0,0.5,6.0,pre_only
bip-keras-35,3,1,0.0,0.3333333333333333,1.0,0.5,6.0,pre_only
bip-keras-36,3,1,1.0,0.3333333333333333,1.0,1.0,3.0,pre_only
bip-keras-37,8,2,1.0,0.6666666666666666,1.0,1.0,3.0,pre_only
bip-keras-38,4,1,1.0,0.3333333333333333,1.0,1.0,3.0,pre_only
bip-keras-39,7,1,0.0,0.0,0.0,0.16666666666666666,18.0,pre_only
bip-keras-40,7,1,1.0,0.3333333333333333,1.0,1.0,3.0,pre_only
bip-keras-41,8,1,1.0,0.3333333333333333,1.0,1.0,3.0,pre_only
bip-keras-42,6,2,0.0,0.6666666666666666,1.0,0.5,6.0,pre_only
bip-keras-43,4,1,0.0,0.0,1.0,0.25,12.0,pre_only
bip-keras-44,6,1,1.0,0.3333333333333333,1.0,1.0,3.0,pre_only
bip-keras-45,7,1,1.0,0.3333333333333333,1.0,1.0,3.0,pre_only
bip-luigi-1,7,1,0.0,0.0,0.0,0.16666666666666666,18.0,pre_only
bip-luigi-2,4,1,0.0,0.3333333333333333,1.0,0.3333333333333333,9.0,pre_only
bip-luigi-3,6,1,0.0,0.3333333333333333,1.0,0.5,6.0,pre_only
bip-luigi-4,8,1,0.0,0.3333333333333333,1.0,0.5,6.0,pre_only
bip-luigi-5,5,1,0.0,0.3333333333333333,1.0,0.3333333333333333,9.0,pre_only
bip-luigi-6,3,1,1.0,0.3333333333333333,1.0,1.0,3.0,pre_only
bip-luigi-7,5,1,1.0,0.3333333333333333,1.0,1.0,3.0,pre_only
bip-luigi-8,8,1,1.0,0.3333333333333333,1.0,1.0,3.0,pre_only
bip-luigi-9,8,1,0.0,0.0,0.0,0.14285714285714285,21.0,pre_only
bip-luigi-10,4,1,1.0,0.3333333333333333,1.0,1.0,3.0,pre_only
bip-luigi-11,6,1,1.0,0.3333333333333333,1.0,1.0,3.0,pre_only
bip-luigi-12,4,1,0.0,0.0,1.0,0.25,12.0,pre_only
bip-luigi-13,7,1,0.0,0.0,0.0,0.16666666666666666,18.0,pre_only
bip-luigi-14,5,1,1.0,0.3333333333333333,1.0,1.0,3.0,pre_only
bip-luigi-15,8,1,1.0,0.3333333333333333,1.0,1.0,3.0,pre_only
bip-luigi-16,7,1,1.0,0.3333333333333333,1.0,1.0,3.0,pre_only
bip-luigi-17,4,1,1.0,0.3333333333333333,1.0,1.0,3.0,pre_only
bip-luigi-18,7,1,1.0,0.3333333333333333,1.0,1.0,3.0,pre_only
bip-luigi-19,3,1,1.0,0.3333333333333333,1.0,1.0,3.0,pre_only
bip-luigi-20,7,1,0.0,0.0,1.0,0.25,12.0,pre_only
bip-luigi-21,3,1,1.0,0.3333333333333333,1.0,1.0,3.0,pre_only
bip-luigi-22,7,1,1.0,0.3333333333333333,1.0,1.0,3.0,pre_only
bip-luigi-23,8,2,1.0,0.6666666666666666,1.0,1.0,3.0,pre_only
bip-luigi-24,7,1,0.0,0.0,0.0,0.14285714285714285,21.0,pre_only
bip-luigi-25,4,1,1.0,0.3333333333333333,1.0,1.0,3.0,pre_only
bip-luigi-26,7,1,0.0,0.0,0.0,0.16666666666666666,18.0,pre_only
bip-luigi-27,5,1,1.0,0.3333333333333333,1.0,1.0,3.0,pre_only
bip-luigi-28,7,1,0.0,0.3333333333333333,1.0,0.3333333333333333,9.0,pre_only
bip-luigi-29,3,1,1.0,0.3333333333333333,1.0,1.0,3.0,pre_only
bip-luigi-30,5,1,0.0,0.0,1.0,0.2,15.0,pre_only
bip-luigi-31,4,1,1.0,0.3333333333333333,1.0,1.0,3.0,pre_only
bip-luigi-32,3,1,1.0,0.3333333333333333,1.0,1.0,3.0,pre_only
bip-luigi-33,8,1,0.0,0.3333333333333333,1.0,0.3333333333333333,9.0,pre_only
bip-matplotlib-1,4,3,1.0,0.6666666666666666,1.0,1.0,3.0,pre_only
bip-matplotlib-2,8,1,1.0,0.3333333333333333,1.0,1.0,3.0,pre_only
bip-matplotlib-3,3,1,0.0,0.3333333333333333,1.0,0.3333333333333333,9.0,pre_only
bip-matplotlib-4,6,2,1.0,0.3333333333333333,0.5,1.0,3.0,pre_only
bip-matplotlib-5,8,1,1.0,0.3333333333333333,1.0,1.0,3.0,pre_only
bip-matplotlib-6,4,1,1.0,0.3333333333333333,1.0,1.0,3.0,pre_only
bip-matplotlib-7,4,1,1.0,0.3333333333333333,1.0,1.0,3.0,pre_only
bip-matplotlib-8,5,1,1.0,0.3333333333333333,1.0,1.0,3.0,pre_only
bip-matplotlib-9,4,1,1.0,0.3333333333333333,1.0,1.0,3.0,pre_only
bip-matplotlib-10,7,1,0.0,0.3333333333333333,1.0,0.5,6.0,pre_only
bip-matplotlib-11,6,1,0.0,0.3333333333333333,1.0,0.5,6.0,pre_only
bip-matplotlib-12,7,1,1.0,0.3333333333333333,1.0,1.0,3.0,pre_only
bip-matplotlib-13,4,1,1.0,0.3333333333333333,1.0,1.0,3.0,pre_only
bip-matplotlib-14,5,1,0.0,0.3333333333333333,1.0,0.5,6.0,pre_only
bip-matplotlib-15,7,4,1.0,0.3333333333333333,0.75,1.0,3.0,pre_only
bip-matplotlib-16,8,1,0.0,0.3333333333333333,1.0,0.5,6.0,pre_only
bip-matplotlib-17,4,1,0.0,0.3333333333333333,1.0,0.5,6.0,pre_only
bip-matplotlib-18,6,1,0.0,0.3333333333333333,1.0,0.5,6.0,pre_only
bip-matplotlib-19,5,1,1.0,0.3333333333333333,1.0,1.0,3.0,pre_only
bip-matplotlib-20,5,2,0.0,0.3333333333333333,1.0,0.5,6.0,pre_only
bip-matplotlib-21,8,1,1.0,0.3333333333333333,1.0,1.0,3.0,pre_only
bip-matplotlib-22,7,1,1.0,0.3333333333333333,1.0,1.0,3.0,pre_only
bip-matplotlib-23,3,1,0.0,0.3333333333333333,1.0,0.5,6.0,pre_only
bip-matplotlib-24,5,1,1.0,0.3333333333333333,1.0,1.0,3.0,pre_only
bip-matplotlib-25,4,1,0.0,0.3333333333333333,1.0,0.3333333333333333,9.0,pre_only
bip-matplotlib-26,8,1,0.0,0.3333333333333333,1.0,0.5,6.0,pre_only
bip-matplotlib-27,3,1,0.0,0.3333333333333333,1.0,0.3333333333333333,9.0,pre_only
bip-matplotlib-28,6,1,1.0,0.3333333333333333,1.0,1.0,3.0,pre_only
bip-matplotlib-29,7,1,1.0,0.3333333333333333,1.0,1.0,3.0,pre_only
bip-matplotlib-30,7,1,0.0,0.3333333333333333,1.0,0.3333333333333333,9.0,pre_only
bip-pandas-1,7,1,0.0,0.0,1.0,0.25,12.0,pre_only
bip-pandas-2,5,1,0.0,0.0,1.0,0.2,15.0,pre_only
bip-pandas-3,8,1,0.0,0.0,0.0,0.125,24.0,pre_only
bip-pandas-4,4,1,0.0,0.3333333333333333,1.0,0.3333333333333333,9.0,pre_only
bip-pandas-5,8,1,0.0,0.0,1.0,0.25,12.0,pre_only
bip-pandas-6,8,1,1.0,0.3333333333333333,1.0,1.0,3.0,pre_only
bip-pandas-7,6,1,0.0,0.3333333333333333,1.0,0.5,6.0,pre_only
bip-pandas-8,4,1,0.0,0.0,1.0,0.25,12.0,pre_only
bip-pandas-9,3,2,1.0,0.6666666666666666,1.0,1.0,3.0,pre_only
bip-pandas-10,8,1,0.0,0.0,0.0,0.125,24.0,pre_only
bip-pandas-11,4,1,1.0,0.3333333333333333,1.0,1.0,3.0,pre_only
bip-pandas-12,7,1,1.0,0.3333333333333333,1.0,1.0,3.0,pre_only
bip-pandas-13,4,1,0.0,0.3333333333333333,1.0,0.3333333333333333,9.0,pre_only
bip-pandas-14,8,1,0.0,0.0,1.0,0.25,12.0,pre_only
bip-pandas-15,8,1,0.0,0.0,0.0,0.16666666666666666,18.0,pre_only
bip-pandas-16,3,1,1.0,0.3333333333333333,1.0,1.0,3.0,pre_only
bip-pandas-17,8,1,0.0,0.0,1.0,0.25,12.0,pre_only
bip-pandas-18,7,2,1.0,0.6666666666666666,1.0,1.0,3.0,pre_only
bip-pandas-19,7,1,0.0,0.0,0.0,0.14285714285714285,21.0,pre_only
bip-pandas-20,3,1,1.0,0.3333333333333333,1.0,1.0,3.0,pre_only
bip-pandas-21,6,1,0.0,0.0,0.0,0.16666666666666666,18.0,pre_only
bip-pandas-22,3,2,1.0,0.6666666666666666,1.0,1.0,3.0,pre_only
bip-pandas-23,7,1,0.0,0.3333333333333333,1.0,0.5,6.0,pre_only
bip-pandas-24,4,1,0.0,0.3333333333333333,1.0,0.5,6.0,pre_only
bip-pandas-25,6,1,1.0,0.3333333333333333,1.0,1.0,3.0,pre_only
bip-pandas-26,8,1,0.0,0.0,0.0,0.14285714285714285,21.0,pre_only
bip-pandas-27,3,1,0.0,0.3333333333333333,1.0,0.5,6.0,pre_only
bip-pandas-28,4,1,0.0,0.3333333333333333,1.0,0.3333333333333333,9.0,pre_only
bip-pandas-29,4,1,0.0,0.3333333333333333,1.0,0.3333333333333333,9.0,pre_only
bip-pandas-30,3,1,1.0,0.3333333333333333,1.0,1.0,3.0,pre_only
bip-pandas-31,3,1,1.0,0.3333333333333333,1.0,1.0,3.0,pre_only
bip-pandas-32,7,1,0.0,0.0,0.0,0.16666666666666666,18.0,pre_only
bip-pandas-33,7,1,1.0,0.3333333333333333,1.0,1.0,3.0,pre_only
bip-pandas-34,4,1,0.0,0.3333333333333333,1.0,0.3333333333333333,9.0,pre_only
bip-pandas-35,8,1,0.0,0.0,1.0,0.2,15.0,pre_only
bip-pandas-36,6,1,0.0,0.3333333333333333,1.0,0.5,6.0,pre_only
bip-pandas-37,6,1,0.0,0.0,1.0,0.2,15.0,pre_only
bip-pandas-38,5,1,0.0,0.3333333333333333,1.0,0.5,6.0,pre_only
bip-pandas-39,4,1,0.0,0.3333333333333333,1.0,0.3333333333333333,9.0,pre_only
bip-pandas-40,4,1,1.0,0.3333333333333333,1.0,1.0,3.0,pre_only
bip-pandas-41,5,1,0.0,0.0,1.0,0.2,15.0,pre_only
bip-pandas-43,3,1,0.0,0.3333333333333333,1.0,0.5,6.0,pre_only
bip-pandas-44,5,5,1.0,1.0,1.0,1.0,3.0,pre_only
bip-pandas-45,5,1,0.0,0.0,1.0,0.25,12.0,pre_only
bip-pandas-46,4,2,0.0,0.3333333333333333,1.0,0.5,6.0,pre_only
bip-pandas-47,8,2,1.0,0.3333333333333333,0.5,1.0,3.0,pre_only
bip-pandas-48,5,1,0.0,0.0,1.0,0.25,12.0,pre_only
bip-pandas-49,5,1,1.0,0.3333333333333333,1.0,1.0,3.0,pre_only
bip-pandas-50,4,1,0.0,0.0,1.0,0.25,12.0,pre_only
bip-pandas-51,5,1,1.0,0.3333333333333333,1.0,1.0,3.0,pre_only
bip-pandas-52,4,1,0.0,0.3333333333333333,1.0,0.5,6.0,pre_only
bip-pandas-53,4,2,1.0,0.3333333333333333,1.0,1.0,3.0,pre_only
bip-pandas-54,5,1,0.0,0.3333333333333333,1.0,0.3333333333333333,9.0,pre_only
bip-pandas-55,3,2,0.0,0.6666666666666666,1.0,0.5,6.0,pre_only
bip-pandas-56,5,1,1.0,0.3333333333333333,1.0,1.0,3.0,pre_only
bip-pandas-57,4,1,0.0,0.3333333333333333,1.0,0.3333333333333333,9.0,pre_only
bip-pandas-58,4,1,0.0,0.0,1.0,0.25,12.0,pre_only
bip-pandas-59,6,1,0.0,0.0,1.0,0.25,12.0,pre_only
bip-pandas-60,5,1,1.0,0.3333333333333333,1.0,1.0,3.0,pre_only
bip-pandas-61,3,1,0.0,0.3333333333333333,1.0,0.3333333333333333,9.0,pre_only
bip-pandas-62,6,2,0.0,0.3333333333333333,1.0,0.3333333333333333,9.0,pre_only
bip-pandas-63,8,1,0.0,0.0,0.0,0.125,24.0,pre_only
bip-pandas-64,4,1,0.0,0.0,1.0,0.25,12.0,pre_only
bip-pandas-65,6,2,0.0,0.0,0.5,0.25,12.0,pre_only
bip-pandas-66,3,2,0.0,0.6666666666666666,1.0,0.5,6.0,pre_only
bip-pandas-67,3,1,0.0,0.3333333333333333,1.0,0.3333333333333333,9.0,pre_only
bip-pandas-68,3,1,0.0,0.3333333333333333,1.0,0.5,6.0,pre_only
bip-pandas-69,6,1,0.0,0.0,0.0,0.16666666666666666,18.0,pre_only
bip-pandas-70,4,2,1.0,0.6666666666666666,1.0,1.0,3.0,pre_only
bip-pandas-71,7,1,0.0,0.0,1.0,0.25,12.0,pre_only
bip-pandas-72,8,1,0.0,0.0,0.0,0.125,24.0,pre_only
bip-pandas-73,7,2,1.0,0.3333333333333333,0.5,1.0,3.0,pre_only
bip-pandas-74,7,1,1.0,0.3333333333333333,1.0,1.0,3.0,pre_only
bip-pandas-75,8,1,0.0,0.0,0.0,0.16666666666666666,18.0,pre_only
bip-pandas-76,3,1,1.0,0.3333333333333333,1.0,1.0,3.0,pre_only
bip-pandas-77,5,1,0.0,0.0,1.0,0.25,12.0,pre_only
bip-pandas-78,3,1,1.0,0.3333333333333333,1.0,1.0,3.0,pre_only
bip-pandas-79,6,4,1.0,1.0,0.75,1.0,3.0,pre_only
bip-pandas-80,3,3,1.0,1.0,1.0,1.0,3.0,pre_only
bip-pandas-81,5,1,1.0,0.3333333333333333,1.0,1.0,3.0,pre_only
bip-pandas-82,8,1,0.0,0.0,1.0,0.25,12.0,pre_only
bip-pandas-83,6,2,0.0,0.3333333333333333,0.5,0.5,6.0,pre_only
bip-pandas-84,7,1,1.0,0.3333333333333333,1.0,1.0,3.0,pre_only
bip-pandas-85,8,1,0.0,0.3333333333333333,1.0,0.3333333333333333,9.0,pre_only
bip-pandas-86,6,1,0.0,0.3333333333333333,1.0,0.3333333333333333,9.0,pre_only
bip-pandas-87,8,1,0.0,0.3333333333333333,1.0,0.5,6.0,pre_only
bip-pandas-88,6,1,0.0,0.3333333333333333,1.0,0.5,6.0,pre_only
bip-pandas-89,8,1,0.0,0.0,1.0,0.25,12.0,pre_only
bip-pandas-90,4,1,0.0,0.3333333333333333,1.0,0.3333333333333333,9.0,pre_only
bip-pandas-91,4,1,1.0,0.3333333333333333,1.0,1.0,3.0,pre_only
bip-pandas-92,6,3,0.0,0.6666666666666666,0.6666666666666666,0.5,6.0,pre_only
bip-pandas-93,4,1,0.0,0.3333333333333333,1.0,0.5,6.0,pre_only
bip-pandas-94,6,1,1.0,0.3333333333333333,1.0,1.0,3.0,pre_only
bip-pandas-95,8,1,0.0,0.0,1.0,0.2,15.0,pre_only
bip-pandas-96,3,1,0.0,0.3333333333333333,1.0,0.5,6.0,pre_only
bip-pandas-97,7,1,0.0,0.3333333333333333,1.0,0.5,6.0,pre_only
bip-pandas-98,8,1,0.0,0.0,0.0,0.16666666666666666,18.0,pre_only
bip-pandas-99,3,1,1.0,0.3333333333333333,1.0,1.0,3.0,pre_only
bip-pandas-100,8,1,0.0,0.0,0.0,0.125,24.0,pre_only
bip-pandas-101,8,1,0.0,0.3333333333333333,1.0,0.3333333333333333,9.0,pre_only
bip-pandas-102,6,1,0.0,0.0,1.0,0.2,15.0,pre_only
bip-pandas-103,8,2,1.0,0.3333333333333333,1.0,1.0,3.0,pre_only
bip-pandas-104,5,1,1.0,0.3333333333333333,1.0,1.0,3.0,pre_only
bip-pandas-105,8,2,1.0,0.3333333333333333,0.5,1.0,3.0,pre_only
bip-pandas-106,8,1,0.0,0.0,1.0,0.25,12.0,pre_only
bip-pandas-107,8,1,1.0,0.3333333333333333,1.0,1.0,3.0,pre_only
bip-pandas-108,4,1,0.0,0.3333333333333333,1.0,0.5,6.0,pre_only
bip-pandas-109,4,1,0.0,0.0,1.0,0.25,12.0,pre_only
bip-pandas-110,3,2,1.0,0.6666666666666666,1.0,1.0,3.0,pre_only
bip-pandas-111,5,2,1.0,0.6666666666666666,1.0,1.0,3.0,pre_only
bip-pandas-112,6,1,0.0,0.0,1.0,0.2,15.0,pre_only
bip-pandas-113,3,1,1.0,0.3333333333333333,1.0,1.0,3.0,pre_only
bip-pandas-114,5,1,0.0,0.3333333333333333,1.0,0.3333333333333333,9.0,pre_only
bip-pandas-115,5,1,0.0,0.0,1.0,0.25,12.0,pre_only
bip-pandas-116,6,1,0.0,0.3333333333333333,1.0,0.5,6.0,pre_only
bip-pandas-117,5,1,0.0,0.0,1.0,0.25,12.0,pre_only
bip-pandas-118,6,1,0.0,0.0,0.0,0.16666666666666666,18.0,pre_only
bip-pandas-119,6,1,0.0,0.3333333333333333,1.0,0.5,6.0,pre_only
bip-pandas-120,8,2,1.0,0.3333333333333333,1.0,1.0,3.0,pre_only
bip-pandas-121,5,2,0.0,0.3333333333333333,1.0,0.3333333333333333,9.0,pre_only
bip-pandas-122,6,1,0.0,0.3333333333333333,1.0,0.5,6.0,pre_only
bip-pandas-123,5,3,1.0,0.6666666666666666,1.0,1.0,3.0,pre_only
bip-pandas-124,5,1,0.0,0.3333333333333333,1.0,0.5,6.0,pre_only
bip-pandas-125,4,2,0.0,0.3333333333333333,1.0,0.3333333333333333,9.0,pre_only
bip-pandas-126,6,1,1.0,0.3333333333333333,1.0,1.0,3.0,pre_only
bip-pandas-127,6,1,0.0,0.0,0.0,0.16666666666666666,18.0,pre_only
bip-pandas-128,5,1,0.0,0.3333333333333333,1.0,0.5,6.0,pre_only
bip-pandas-129,3,1,1.0,0.3333333333333333,1.0,1.0,3.0,pre_only
bip-pandas-130,6,1,0.0,0.3333333333333333,1.0,0.3333333333333333,9.0,pre_only
bip-pandas-131,6,1,0.0,0.0,1.0,0.25,12.0,pre_only
bip-pandas-132,7,2,0.0,0.0,0.5,0.25,12.0,pre_only
bip-pandas-133,3,1,0.0,0.3333333333333333,1.0,0.3333333333333333,9.0,pre_only
bip-pandas-134,3,1,0.0,0.3333333333333333,1.0,0.5,6.0,pre_only
bip-pandas-135,4,1,0.0,0.3333333333333333,1.0,0.5,6.0,pre_only
bip-pandas-136,8,1,0.0,0.3333333333333333,1.0,0.5,6.0,pre_only
bip-pandas-137,5,1,0.0,0.0,1.0,0.2,15.0,pre_only
bip-pandas-138,4,1,0.0,0.3333333333333333,1.0,0.3333333333333333,9.0,pre_only
bip-pandas-139,6,1,1.0,0.3333333333333333,1.0,1.0,3.0,pre_only
bip-pandas-140,4,1,1.0,0.3333333333333333,1.0,1.0,3.0,pre_only
bip-pandas-141,4,1,1.0,0.3333333333333333,1.0,1.0,3.0,pre_only
bip-pandas-142,4,1,0.0,0.3333333333333333,1.0,0.5,6.0,pre_only
bip-pandas-143,5,1,1.0,0.3333333333333333,1.0,1.0,3.0,pre_only
bip-pandas-144,4,1,0.0,0.3333333333333333,1.0,0.3333333333333333,9.0,pre_only
bip-pandas-145,8,1,0.0,0.3333333333333333,1.0,0.3333333333333333,9.0,pre_only
bip-pandas-146,8,2,0.0,0.3333333333333333,1.0,0.3333333333333333,9.0,pre_only
bip-pandas-147,4,1,1.0,0.3333333333333333,1.0,1.0,3.0,pre_only
bip-pandas-148,6,1,0.0,0.3333333333333333,1.0,0.3333333333333333,9.0,pre_only
bip-pandas-149,8,1,0.0,0.3333333333333333,1.0,0.3333333333333333,9.0,pre_only
bip-pandas-150,8,1,0.0,0.0,1.0,0.2,15.0,pre_only
bip-pandas-151,8,1,0.0,0.0,1.0,0.25,12.0,pre_only
bip-pandas-152,6,1,0.0,0.0,0.0,0.16666666666666666,18.0,pre_only
bip-pandas-153,4,1,0.0,0.3333333333333333,1.0,0.3333333333333333,9.0,pre_only
bip-pandas-154,3,1,1.0,0.3333333333333333,1.0,1.0,3.0,pre_only
bip-pandas-155,7,1,0.0,0.3333333333333333,1.0,0.3333333333333333,9.0,pre_only
bip-pandas-156,5,1,0.0,0.0,1.0,0.25,12.0,pre_only
bip-pandas-157,5,1,1.0,0.3333333333333333,1.0,1.0,3.0,pre_only
bip-pandas-158,3,1,0.0,0.3333333333333333,1.0,0.3333333333333333,9.0,pre_only
bip-pandas-159,4,1,1.0,0.3333333333333333,1.0,1.0,3.0,pre_only
bip-pandas-160,6,1,0.0,0.0,1.0,0.2,15.0,pre_only
bip-pandas-161,4,1,0.0,0.0,1.0,0.25,12.0,pre_only
bip-pandas-162,3,1,0.0,0.3333333333333333,1.0,0.5,6.0,pre_only
bip-pandas-163,6,1,0.0,0.3333333333333333,1.0,0.5,6.0,pre_only
bip-pandas-164,5,1,0.0,0.0,1.0,0.25,12.0,pre_only
bip-pandas-165,7,1,0.0,0.3333333333333333,1.0,0.5,6.0,pre_only
bip-pandas-166,8,1,1.0,0.3333333333333333,1.0,1.0,3.0,pre_only
bip-pandas-167,5,4,1.0,1.0,1.0,1.0,3.0,pre_only
bip-pandas-168,8,1,1.0,0.3333333333333333,1.0,1.0,3.0,pre_only
bip-pandas-169,7,1,1.0,0.3333333333333333,1.0,1.0,3.0,pre_only
bip-sanic-1,4,1,1.0,0.3333333333333333,1.0,1.0,3.0,pre_only
bip-sanic-2,4,1,0.0,0.3333333333333333,1.0,0.3333333333333333,9.0,pre_only
bip-sanic-3,4,1,1.0,0.3333333333333333,1.0,1.0,3.0,pre_only
bip-sanic-4,4,1,0.0,0.3333333333333333,1.0,0.5,6.0,pre_only
bip-sanic-5,3,1,0.0,0.3333333333333333,1.0,0.5,6.0,pre_only
bip-scrapy-1,3,1,1.0,0.3333333333333333,1.0,1.0,3.0,pre_only
bip-scrapy-2,4,1,0.0,0.3333333333333333,1.0,0.5,6.0,pre_only
bip-scrapy-3,3,1,1.0,0.3333333333333333,1.0,1.0,3.0,pre_only
bip-scrapy-4,6,1,0.0,0.3333333333333333,1.0,0.3333333333333333,9.0,pre_only
bip-scrapy-5,8,1,0.0,0.0,1.0,0.25,12.0,pre_only
bip-scrapy-6,8,1,1.0,0.3333333333333333,1.0,1.0,3.0,pre_only
bip-scrapy-7,6,1,1.0,0.3333333333333333,1.0,1.0,3.0,pre_only
bip-scrapy-8,8,1,0.0,0.3333333333333333,1.0,0.3333333333333333,9.0,pre_only
bip-scrapy-9,5,1,0.0,0.0,1.0,0.25,12.0,pre_only
bip-scrapy-10,5,1,1.0,0.3333333333333333,1.0,1.0,3.0,pre_only
bip-scrapy-11,8,1,0.0,0.3333333333333333,1.0,0.3333333333333333,9.0,pre_only
bip-scrapy-12,6,1,0.0,0.0,1.0,0.2,15.0,pre_only
bip-scrapy-13,6,1,0.0,0.3333333333333333,1.0,0.5,6.0,pre_only
bip-scrapy-14,6,1,0.0,0.3333333333333333,1.0,0.5,6.0,pre_only
bip-scrapy-15,8,1,0.0,0.3333333333333333,1.0,0.5,6.0,pre_only
bip-scrapy-16,8,1,0.0,0.3333333333333333,1.0,0.5,6.0,pre_only
bip-scrapy-17,4,1,0.0,0.3333333333333333,1.0,0.3333333333333333,9.0,pre_only
bip-scrapy-18,7,1,0.0,0.0,0.0,0.16666666666666666,18.0,pre_only
bip-scrapy-19,5,1,1.0,0.3333333333333333,1.0,1.0,3.0,pre_only
bip-scrapy-20,5,1,0.0,0.3333333333333333,1.0,0.5,6.0,pre_only
bip-scrapy-21,4,1,1.0,0.3333333333333333,1.0,1.0,3.0,pre_only
bip-scrapy-22,4,1,1.0,0.3333333333333333,1.0,1.0,3.0,pre_only
bip-scrapy-23,7,1,0.0,0.3333333333333333,1.0,0.3333333333333333,9.0,pre_only
bip-scrapy-24,6,1,0.0,0.3333333333333333,1.0,0.3333333333333333,9.0,pre_only
bip-scrapy-25,8,1,1.0,0.3333333333333333,1.0,1.0,3.0,pre_only
bip-scrapy-26,6,1,0.0,0.0,1.0,0.2,15.0,pre_only
bip-scrapy-27,6,1,1.0,0.3333333333333333,1.0,1.0,3.0,pre_only
bip-scrapy-28,5,1,0.0,0.0,1.0,0.25,12.0,pre_only
bip-scrapy-29,5,1,0.0,0.3333333333333333,1.0,0.3333333333333333,9.0,pre_only
bip-scrapy-30,6,1,0.0,0.0,0.0,0.16666666666666666,18.0,pre_only
bip-scrapy-31,8,1,0.0,0.0,1.0,0.2,15.0,pre_only
bip-scrapy-32,5,1,1.0,0.3333333333333333,1.0,1.0,3.0,pre_only
bip-scrapy-33,7,5,1.0,0.6666666666666666,0.8,1.0,3.0,pre_only
bip-scrapy-34,7,1,0.0,0.3333333333333333,1.0,0.5,6.0,pre_only
bip-scrapy-35,8,1,0.0,0.3333333333333333,1.0,0.5,6.0,pre_only
bip-scrapy-36,8,1,0.0,0.0,0.0,0.16666666666666666,18.0,pre_only
bip-scrapy-37,5,1,0.0,0.0,1.0,0.2,15.0,pre_only
bip-scrapy-38,6,1,1.0,0.3333333333333333,1.0,1.0,3.0,pre_only
bip-scrapy-39,3,1,0.0,0.3333333333333333,1.0,0.5,6.0,pre_only
bip-scrapy-40,3,1,1.0,0.3333333333333333,1.0,1.0,3.0,pre_only
bip-spacy-1,6,1,1.0,0.3333333333333333,1.0,1.0,3.0,pre_only
bip-spacy-2,6,1,0.0,0.3333333333333333,1.0,0.5,6.0,pre_only
bip-spacy-3,6,1,0.0,0.0,0.0,0.16666666666666666,18.0,pre_only
bip-spacy-4,4,1,0.0,0.3333333333333333,1.0,0.3333333333333333,9.0,pre_only
bip-spacy-5,6,1,0.0,0.3333333333333333,1.0,0.3333333333333333,9.0,pre_only
bip-spacy-6,6,1,0.0,0.3333333333333333,1.0,0.3333333333333333,9.0,pre_only
bip-spacy-7,3,2,1.0,0.6666666666666666,1.0,1.0,3.0,pre_only
bip-spacy-8,3,1,1.0,0.3333333333333333,1.0,1.0,3.0,pre_only
bip-spacy-9,4,1,1.0,0.3333333333333333,1.0,1.0,3.0,pre_only
bip-spacy-10,6,1,1.0,0.3333333333333333,1.0,1.0,3.0,pre_only
bip-thefuck-1,6,1,0.0,0.0,1.0,0.25,12.0,pre_only
bip-thefuck-2,4,1,1.0,0.3333333333333333,1.0,1.0,3.0,pre_only
bip-thefuck-3,4,1,0.0,0.3333333333333333,1.0,0.5,6.0,pre_only
bip-thefuck-4,4,1,1.0,0.3333333333333333,1.0,1.0,3.0,pre_only
bip-thefuck-5,8,1,0.0,0.3333333333333333,1.0,0.5,6.0,pre_only
bip-thefuck-6,5,1,0.0,0.3333333333333333,1.0,0.5,6.0,pre_only
bip-thefuck-7,7,1,0.0,0.3333333333333333,1.0,0.3333333333333333,9.0,pre_only
bip-thefuck-8,5,1,0.0,0.3333333333333333,1.0,0.5,6.0,pre_only
bip-thefuck-9,8,1,1.0,0.3333333333333333,1.0,1.0,3.0,pre_only
bip-thefuck-10,3,1,0.0,0.3333333333333333,1.0,0.3333333333333333,9.0,pre_only
bip-thefuck-11,3,1,1.0,0.3333333333333333,1.0,1.0,3.0,pre_only
bip-thefuck-12,4,1,0.0,0.3333333333333333,1.0,0.5,6.0,pre_only
bip-thefuck-13,7,1,1.0,0.3333333333333333,1.0,1.0,3.0,pre_only
bip-thefuck-14,5,1,1.0,0.3333333333333333,1.0,1.0,3.0,pre_only
bip-thefuck-15,8,1,0.0,0.3333333333333333,1.0,0.5,6.0,pre_only
bip-thefuck-16,4,4,1.0,1.0,1.0,1.0,3.0,pre_only
bip-thefuck-17,6,2,0.0,0.6666666666666666,1.0,0.5,6.0,pre_only
bip-thefuck-18,4,1,0.0,0.3333333333333333,1.0,0.3333333333333333,9.0,pre_only
bip-thefuck-19,8,1,0.0,0.0,0.0,0.16666666666666666,18.0,pre_only
bip-thefuck-20,6,1,0.0,0.0,1.0,0.25,12.0,pre_only
bip-thefuck-21,7,1,0.0,0.0,1.0,0.2,15.0,pre_only
bip-thefuck-22,3,1,1.0,0.3333333333333333,1.0,1.0,3.0,pre_only
bip-thefuck-23,5,1,1.0,0.3333333333333333,1.0,1.0,3.0,pre_only
bip-thefuck-24,8,1,1.0,0.3333333333333333,1.0,1.0,3.0,pre_only
bip-thefuck-25,7,1,0.0,0.0,1.0,0.2,15.0,pre_only
bip-thefuck-26,7,1,0.0,0.0,1.0,0.2,15.0,pre_only
bip-thefuck-27,3,1,0.0,0.3333333333333333,1.0,0.3333333333333333,9.0,pre_only
bip-thefuck-28,6,1,1.0,0.3333333333333333,1.0,1.0,3.0,pre_only
bip-thefuck-29,4,1,1.0,0.3333333333333333,1.0,1.0,3.0,pre_only
bip-thefuck-30,4,1,0.0,0.3333333333333333,1.0,0.5,6.0,pre_only
bip-thefuck-31,6,1,0.0,0.0,1.0,0.2,15.0,pre_only
bip-thefuck-32,5,1,0.0,0.3333333333333333,1.0,0.5,6.0,pre_only
bip-tornado-1,7,1,0.0,0.3333333333333333,1.0,0.5,6.0,pre_only
bip-tornado-2,4,1,0.0,0.3333333333333333,1.0,0.3333333333333333,9.0,pre_only
bip-tornado-3,3,1,0.0,0.3333333333333333,1.0,0.3333333333333333,9.0,pre_only
bip-tornado-4,5,1,1.0,0.3333333333333333,1.0,1.0,3.0,pre_only
bip-tornado-5,3,1,1.0,0.3333333333333333,1.0,1.0,3.0,pre_only
bip-tornado-6,3,2,1.0,0.6666666666666666,1.0,1.0,3.0,pre_only
bip-tornado-7,7,1,1.0,0.3333333333333333,1.0,1.0,3.0,pre_only
bip-tornado-8,7,1,0.0,0.3333333333333333,1.0,0.3333333333333333,9.0,pre_only
bip-tornado-9,7,1,0.0,0.0,0.0,0.14285714285714285,21.0,pre_only
bip-tornado-10,5,2,0.0,0.6666666666666666,1.0,0.5,6.0,pre_only
bip-tornado-11,4,1,0.0,0.3333333333333333,1.0,0.5,6.0,pre_only
bip-tornado-12,6,1,0.0,0.0,1.0,0.25,12.0,pre_only
bip-tornado-13,4,1,1.0,0.3333333333333333,1.0,1.0,3.0,pre_only
bip-tornado-14,3,1,1.0,0.3333333333333333,1.0,1.0,3.0,pre_only
bip-tornado-15,4,2,1.0,0.6666666666666666,1.0,1.0,3.0,pre_only
bip-tornado-16,6,1,0.0,0.0,1.0,0.25,12.0,pre_only
bip-tqdm-1,4,1,0.0,0.0,1.0,0.25,12.0,pre_only
bip-tqdm-2,5,2,0.0,0.6666666666666666,1.0,0.5,6.0,pre_only
bip-tqdm-3,4,1,1.0,0.3333333333333333,1.0,1.0,3.0,pre_only
bip-tqdm-4,5,1,1.0,0.3333333333333333,1.0,1.0,3.0,pre_only
bip-tqdm-5,5,1,1.0,0.3333333333333333,1.0,1.0,3.0,pre_only
bip-tqdm-6,5,1,1.0,0.3333333333333333,1.0,1.0,3.0,pre_only
bip-tqdm-7,5,1,0.0,0.3333333333333333,1.0,0.5,6.0,pre_only
bip-tqdm-8,4,1,1.0,0.3333333333333333,1.0,1.0,3.0,pre_only
bip-tqdm-9,5,1,1.0,0.3333333333333333,1.0,1.0,3.0,pre_only
bip-youtube-dl-1,3,1,1.0,0.3333333333333333,1.0,1.0,3.0,pre_only
bip-youtube-dl-2,5,1,0.0,0.0,1.0,0.25,12.0,pre_only
bip-youtube-dl-3,4,1,1.0,0.3333333333333333,1.0,1.0,3.0,pre_only
bip-youtube-dl-4,3,1,1.0,0.3333333333333333,1.0,1.0,3.0,pre_only
bip-youtube-dl-5,3,1,1.0,0.3333333333333333,1.0,1.0,3.0,pre_only
bip-youtube-dl-6,6,1,0.0,0.3333333333333333,1.0,0.3333333333333333,9.0,pre_only
bip-youtube-dl-7,7,1,0.0,0.3333333333333333,1.0,0.3333333333333333,9.0,pre_only
bip-youtube-dl-8,3,1,1.0,0.3333333333333333,1.0,1.0,3.0,pre_only
bip-youtube-dl-9,5,1,1.0,0.3333333333333333,1.0,1.0,3.0,pre_only
bip-youtube-dl-10,7,1,0.0,0.3333333333333333,1.0,0.5,6.0,pre_only
bip-youtube-dl-11,4,1,0.0,0.3333333333333333,1.0,0.5,6.0,pre_only
bip-youtube-dl-12,4,1,1.0,0.3333333333333333,1.0,1.0,3.0,pre_only
bip-youtube-dl-13,7,1,0.0,0.3333333333333333,1.0,0.5,6.0,pre_only
bip-youtube-dl-14,4,1,0.0,0.3333333333333333,1.0,0.3333333333333333,9.0,pre_only
bip-youtube-dl-15,3,1,1.0,0.3333333333333333,1.0,1.0,3.0,pre_only
bip-youtube-dl-16,4,2,1.0,0.3333333333333333,1.0,1.0,3.0,pre_only
bip-youtube-dl-17,8,1,0.0,0.3333333333333333,1.0,0.5,6.0,pre_only
bip-youtube-dl-18,5,1,1.0,0.3333333333333333,1.0,1.0,3.0,pre_only
bip-youtube-dl-19,4,1,1.0,0.3333333333333333,1.0,1.0,3.0,pre_only
bip-youtube-dl-20,4,1,1.0,0.3333333333333333,1.0,1.0,3.0,pre_only
bip-youtube-dl-21,7,1,0.0,0.3333333333333333,1.0,0.3333333333333333,9.0,pre_only
bip-youtube-dl-22,7,1,0.0,0.3333333333333333,1.0,0.5,6.0,pre_only
bip-youtube-dl-23,3,1,0.0,0.3333333333333333,1.0,0.5,6.0,pre_only
bip-youtube-dl-24,3,1,1.0,0.3333333333333333,1.0,1.0,3.0,pre_only
bip-youtube-dl-25,3,1,0.0,0.3333333333333333,1.0,0.5,6.0,pre_only
bip-youtube-dl-26,3,1,1.0,0.3333333333333333,1.0,1.0,3.0,pre_only
bip-youtube-dl-27,8,1,0.0,0.3333333333333333,1.0,0.5,6.0,pre_only
bip-youtube-dl-28,8,1,0.0,0.3333333333333333,1.0,0.5,6.0,pre_only
bip-youtube-dl-29,7,1,0.0,0.3333333333333333,1.0,0.5,6.0,pre_only
bip-youtube-dl-30,6,1,1.0,0.3333333333333333,1.0,1.0,3.0,pre_only
bip-youtube-dl-31,7,2,0.0,0.3333333333333333,0.5,0.5,6.0,pre_only
bip-youtube-dl-32,7,2,1.0,0.3333333333333333,0.5,1.0,3.0,pre_only
bip-youtube-dl-33,8,2,1.0,0.3333333333333333,0.5,1.0,3.0,pre_only
bip-youtube-dl-34,4,1,1.0,0.3333333333333333,1.0,1.0,3.0,pre_only
bip-youtube-dl-35,3,2,1.0,0.6666666666666666,1.0,1.0,3.0,pre_only
bip-youtube-dl-36,4,1,1.0,0.3333333333333333,1.0,1.0,3.0,pre_only
bip-youtube-dl-37,7,1,1.0,0.3333333333333333,1.0,1.0,3.0,pre_only
bip-youtube-dl-38,4,2,1.0,0.6666666666666666,1.0,1.0,3.0,pre_only
bip-youtube-dl-39,4,2,0.0,0.6666666666666666,1.0,0.5,6.0,pre_only
bip-youtube-dl-40,5,2,0.0,0.6666666666666666,1.0,0.5,6.0,pre_only
bip-youtube-dl-41,4,1,1.0,0.3333333333333333,1.0,1.0,3.0,pre_only
bip-youtube-dl-42,4,4,1.0,1.0,1.0,1.0,3.0,pre_only
bip-youtube-dl-43,5,1,0.0,0.3333333333333333,1.0,0.5,6.0,pre_only
d4j-Cli-1,4,1,0.0,0.3333333333333333,1.0,0.3333333333333333,9.0,fail_only
d4j-Cli-2,7,1,1.0,0.3333333333333333,1.0,1.0,3.0,fail_only
d4j-Cli-3,7,1,0.0,0.0,0.0,0.14285714285714285,21.0,fail_only
d4j-Cli-4,4,1,0.0,0.0,1.0,0.25,12.0,fail_only
d4j-Cli-5,3,1,0.0,0.3333333333333333,1.0,0.3333333333333333,9.0,fail_only
d4j-Cli-7,6,1,0.0,0.3333333333333333,1.0,0.3333333333333333,9.0,fail_only
d4j-Cli-8,5,1,0.0,0.0,1.0,0.2,15.0,fail_only
d4j-Cli-9,3,1,1.0,0.3333333333333333,1.0,1.0,3.0,fail_only
d4j-Cli-10,8,1,0.0,0.0,1.0,0.25,12.0,fail_only
d4j-Cli-11,3,1,0.0,0.3333333333333333,1.0,0.5,6.0,fail_only
d4j-Cli-12,4,1,0.0,0.3333333333333333,1.0,0.5,6.0,fail_only
d4j-Cli-13,6,3,0.0,0.3333333333333333,0.6666666666666666,0.3333333333333333,9.0,fail_only
d4j-Cli-14,8,1,0.0,0.0,0.0,0.14285714285714285,21.0,fail_only
d4j-Cli-15,6,1,1.0,0.3333333333333333,1.0,1.0,3.0,fail_only
d4j-Cli-16,7,4,1.0,1.0,1.0,1.0,3.0,fail_only
d4j-Cli-17,5,1,0.0,0.0,1.0,0.25,12.0,fail_only
d4j-Cli-18,4,1,0.0,0.0,1.0,0.25,12.0,fail_only
d4j-Cli-19,5,1,1.0,0.3333333333333333,1.0,1.0,3.0,fail_only
d4j-Cli-20,8,1,0.0,0.0,1.0,0.2,15.0,fail_only
d4j-Cli-21,3,3,1.0,1.0,1.0,1.0,3.0,fail_only
d4j-Cli-22,4,1,0.0,0.3333333333333333,1.0,0.3333333333333333,9.0,fail_only
d4j-Cli-23,6,1,0.0,0.0,1.0,0.25,12.0,fail_only
d4j-Cli-24,7,1,0.0,0.0,0.0,0.14285714285714285,21.0,fail_only
d4j-Cli-25,3,1,0.0,0.3333333333333333,1.0,0.5,6.0,fail_only
d4j-Cli-26,6,1,0.0,0.0,1.0,0.25,12.0,fail_only
d4j-Cli-27,6,1,0.0,0.0,1.0,0.25,12.0,fail_only
d4j-Cli-28,6,1,0.0,0.0,1.0,0.2,15.0,fail_only
d4j-Cli-29,5,1,0.0,0.0,1.0,0.25,12.0,fail_only
d4j-Cli-30,3,2,1.0,0.6666666666666666,1.0,1.0,3.0,fail_only
d4j-Cli-31,3,3,1.0,1.0,1.0,1.0,3.0,fail_only
d4j-Cli-32,3,1,0.0,0.3333333333333333,1.0,0.3333333333333333,9.0,fail_only
d4j-Cli-33,5,1,0.0,0.3333333333333333,1.0,0.3333333333333333,9.0,fail_only
d4j-Cli-34,8,2,1.0,0.3333333333333333,1.0,1.0,3.0,fail_only
d4j-Cli-35,5,1,0.0,0.0,1.0,0.25,12.0,fail_only
d4j-Cli-36,3,2,1.0,0.6666666666666666,1.0,1.0,3.0,fail_only
d4j-Cli-37,5,1,0.0,0.3333333333333333,1.0,0.3333333333333333,9.0,fail_only
d4j-Cli-38,3,1,0.0,0.3333333333333333,1.0,0.3333333333333333,9.0,fail_only
d4j-Cli-39,7,1,1.0,0.3333333333333333,1.0,1.0,3.0,fail_only
d4j-Cli-40,4,1,1.0,0.3333333333333333,1.0,1.0,3.0,fail_only
d4j-Closure-1,6,1,0.0,0.3333333333333333,1.0,0.5,6.0,fail_only
d4j-Closure-2,4,1,1.0,0.3333333333333333,1.0,1.0,3.0,fail_only
d4j-Closure-3,8,1,1.0,0.3333333333333333,1.0,1.0,3.0,fail_only
d4j-Closure-4,4,1,0.0,0.3333333333333333,1.0,0.5,6.0,fail_only
d4j-Closure-5,8,1,0.0,0.3333333333333333,1.0,0.3333333333333333,9.0,fail_only
d4j-Closure-6,7,1,0.0,0.0,1.0,0.2,15.0,fail_only
d4j-Closure-7,4,1,0.0,0.0,1.0,0.25,12.0,fail_only
d4j-Closure-8,7,1,1.0,0.3333333333333333,1.0,1.0,3.0,fail_only
d4j-Closure-9,7,1,0.0,0.0,1.0,0.2,15.0,fail_only
d4j-Closure-10,8,1,0.0,0.0,1.0,0.2,15.0,fail_only
d4j-Closure-11,3,1,0.0,0.3333333333333333,1.0,0.3333333333333333,9.0,fail_only
d4j-Closure-12,3,1,0.0,0.3333333333333333,1.0,0.3333333333333333,9.0,fail_only
d4j-Closure-13,6,1,0.0,0.0,1.0,0.2,15.0,fail_only
d4j-Closure-14,3,1,0.0,0.3333333333333333,1.0,0.5,6.0,fail_only
d4j-Closure-15,3,1,1.0,0.3333333333333333,1.0,1.0,3.0,fail_only
d4j-Closure-16,7,1,0.0,0.0,0.0,0.14285714285714285,21.0,fail_only
d4j-Closure-17,7,1,1.0,0.3333333333333333,1.0,1.0,3.0,fail_only
d4j-Closure-18,8,1,1.0,0.3333333333333333,1.0,1.0,3.0,fail_only
d4j-Closure-19,5,1,1.0,0.3333333333333333,1.0,1.0,3.0,fail_only
d4j-Closure-20,4,1,0.0,0.3333333333333333,1.0,0.3333333333333333,9.0,fail_only
d4j-Closure-21,7,1,0.0,0.0,0.0,0.14285714285714285,21.0,fail_only
d4j-Closure-22,3,1,0.0,0.3333333333333333,1.0,0.5,6.0,fail_only
d4j-Closure-23,8,1,0.0,0.0,0.0,0.125,24.0,fail_only
d4j-Closure-24,6,1,0.0,0.3333333333333333,1.0,0.3333333333333333,9.0,fail_only
d4j-Closure-25,8,1,0.0,0.3333333333333333,1.0,0.3333333333333333,9.0,fail_only
d4j-Closure-26,8,1,0.0,0.0,0.0,0.14285714285714285,21.0,fail_only
d4j-Closure-27,7,1,0.0,0.0,0.0,0.16666666666666666,18.0,fail_only
d4j-Closure-29,8,1,0.0,0.0,0.0,0.14285714285714285,21.0,fail_only
d4j-Closure-30,8,2,0.0,0.0,0.5,0.25,12.0,fail_only
d4j-Closure-31,8,1,0.0,0.3333333333333333,1.0,0.3333333333333333,9.0,fail_only
d4j-Closure-32,4,1,0.0,0.0,1.0,0.25,12.0,fail_only
d4j-Closure-33,3,1,0.0,0.3333333333333333,1.0,0.3333333333333333,9.0,fail_only
d4j-Closure-34,5,2,1.0,0.3333333333333333,1.0,1.0,3.0,fail_only
d4j-Closure-35,7,1,0.0,0.0,0.0,0.16666666666666666,18.0,fail_only
d4j-Closure-36,7,1,0.0,0.3333333333333333,1.0,0.3333333333333333,9.0,fail_only
d4j-Closure-37,4,2,1.0,0.6666666666666666,1.0,1.0,3.0,fail_only
d4j-Closure-38,4,1,0.0,0.3333333333333333,1.0,0.3333333333333333,9.0,fail_only
d4j-Closure-39,3,1,0.0,0.3333333333333333,1.0,0.5,6.0,fail_only
d4j-Closure-40,4,1,0.0,0.3333333333333333,1.0,0.5,6.0,fail_only
d4j-Closure-41,6,1,1.0,0.3333333333333333,1.0,1.0,3.0,fail_only
d4j-Closure-42,4,1,1.0,0.3333333333333333,1.0,1.0,3.0,fail_only
d4j-Closure-43,8,1,0.0,0.0,0.0,0.16666666666666666,18.0,fail_only
d4j-Closure-44,4,1,0.0,0.0,1.0,0.25,12.0,fail_only
d4j-Closure-45,3,1,1.0,0.3333333333333333,1.0,1.0,3.0,fail_only
d4j-Closure-46,4,1,0.0,0.3333333333333333,1.0,0.3333333333333333,9.0,fail_only
d4j-Closure-47,7,2,0.0,0.0,0.5,0.2,15.0,fail_only
d4j-Closure-48,3,1,0.0,0.3333333333333333,1.0,0.3333333333333333,9.0,fail_only
d4j-Closure-49,7,1,1.0,0.3333333333333333,1.0,1.0,3.0,fail_only
d4j-Closure-50,3,1,1.0,0.3333333333333333,1.0,1.0,3.0,fail_only
d4j-Closure-51,6,1,0.0,0.0,0.0,0.16666666666666666,18.0,fail_only
d4j-Closure-52,3,1,0.0,0.3333333333333333,1.0,0.5,6.0,fail_only
d4j-Closure-53,4,1,0.0,0.3333333333333333,1.0,0.3333333333333333,9.0,fail_only
d4j-Closure-54,5,2,1.0,0.6666666666666666,1.0,1.0,3.0,fail_only
d4j-Closure-55,5,1,0.0,0.3333333333333333,1.0,0.5,6.0,fail_only
d4j-Closure-56,3,1,0.0,0.3333333333333333,1.0,0.3333333333333333,9.0,fail_only
d4j-Closure-57,7,1,0.0,0.0,1.0,0.25,12.0,fail_only
d4j-Closure-58,4,1,0.0,0.3333333333333333,1.0,0.5,6.0,fail_only
d4j-Closure-59,8,1,0.0,0.0,0.0,0.14285714285714285,21.0,fail_only
d4j-Closure-60,6,1,0.0,0.3333333333333333,1.0,0.5,6.0,fail_only
d4j-Closure-61,3,1,0.0,0.3333333333333333,1.0,0.5,6.0,fail_only
d4j-Closure-62,4,1,1.0,0.3333333333333333,1.0,1.0,3.0,fail_only
d4j-Closure-64,5,1,1.0,0.3333333333333333,1.0,1.0,3.0,fail_only
d4j-Closure-65,6,1,1.0,0.3333333333333333,1.0,1.0,3.0,fail_only
d4j-Closure-66,5,1,0.0,0.0,1.0,0.25,12.0,fail_only
d4j-Closure-67,5,1,0.0,0.0,1.0,0.25,12.0,fail_only
d4j-Closure-68,7,1,0.0,0.0,0.0,0.16666666666666666,18.0,fail_only
d4j-Closure-69,8,1,0.0,0.3333333333333333,1.0,0.3333333333333333,9.0,fail_only
d4j-Closure-70,5,1,0.0,0.0,1.0,0.25,12.0,fail_only
d4j-Closure-71,4,1,1.0,0.3333333333333333,1.0,1.0,3.0,fail_only
d4j-Closure-72,6,2,0.0,0.3333333333333333,1.0,0.5,6.0,fail_only
d4j-Closure-73,7,1,0.0,0.0,1.0,0.25,12.0,fail_only
d4j-Closure-74,5,1,0.0,0.3333333333333333,1.0,0.3333333333333333,9.0,fail_only
d4j-Closure-75,7,1,0.0,0.3333333333333333,1.0,0.3333333333333333,9.0,fail_only
d4j-Closure-76,8,1,0.0,0.3333333333333333,1.0,0.5,6.0,fail_only
d4j-Closure-77,7,1,1.0,0.3333333333333333,1.0,1.0,3.0,fail_only
d4j-Closure-78,5,1,0.0,0.3333333333333333,1.0,0.5,6.0,fail_only
d4j-Closure-79,8,2,1.0,0.3333333333333333,1.0,1.0,3.0,fail_only
d4j-Closure-80,5,1,1.0,0.3333333333333333,1.0,1.0,3.0,fail_only
d4j-Closure-81,5,1,1.0,0.3333333333333333,1.0,1.0,3.0,fail_only
d4j-Closure-82,4,1,1.0,0.3333333333333333,1.0,1.0,3.0,fail_only
d4j-Closure-83,6,1,0.0,0.0,1.0,0.2,15.0,fail_only
d4j-Closure-84,7,1,0.0,0.0,1.0,0.25,12.0,fail_only
d4j-Closure-85,6,1,0.0,0.0,1.0,0.2,15.0,fail_only
d4j-Closure-86,7,1,0.0,0.3333333333333333,1.0,0.3333333333333333,9.0,fail_only
d4j-Closure-87,8,1,0.0,0.0,0.0,0.125,24.0,fail_only
d4j-Closure-88,4,1,0.0,0.3333333333333333,1.0,0.5,6.0,fail_only
d4j-Closure-89,8,2,0.0,0.3333333333333333,1.0,0.5,6.0,fail_only
d4j-Closure-90,3,2,0.0,0.6666666666666666,1.0,0.5,6.0,fail_only
d4j-Closure-91,8,1,0.0,0.3333333333333333,1.0,0.5,6.0,fail_only
d4j-Closure-92,8,1,0.0,0.0,0.0,0.14285714285714285,21.0,fail_only
d4j-Closure-94,6,1,0.0,0.0,1.0,0.2,15.0,fail_only
d4j-Closure-95,5,1,0.0,0.0,1.0,0.25,12.0,fail_only
d4j-Closure-96,8,1,0.0,0.3333333333333333,1.0,0.5,6.0,fail_only
d4j-Closure-97,7,1,1.0,0.3333333333333333,1.0,1.0,3.0,fail_only
d4j-Closure-98,3,1,0.0,0.3333333333333333,1.0,0.5,6.0,fail_only
d4j-Closure-99,7,1,0.0,0.0,0.0,0.14285714285714285,21.0,fail_only
d4j-Closure-100,8,1,0.0,0.0,0.0,0.125,24.0,fail_only
d4j-Closure-101,7,1,0.0,0.3333333333333333,1.0,0.3333333333333333,9.0,fail_only
d4j-Closure-102,6,1,0.0,0.0,0.0,0.16666666666666666,18.0,fail_only
d4j-Closure-103,6,2,0.0,0.0,0.5,0.25,12.0,fail_only
d4j-Closure-104,3,1,0.0,0.3333333333333333,1.0,0.3333333333333333,9.0,fail_only
d4j-Closure-105,3,1,0.0,0.3333333333333333,1.0,0.5,6.0,fail_only
d4j-Closure-106,8,2,0.0,0.0,0.5,0.25,12.0,fail_only
d4j-Closure-107,8,1,0.0,0.0,1.0,0.2,15.0,fail_only
d4j-Closure-108,5,1,0.0,0.0,1.0,0.2,15.0,fail_only
d4j-Closure-109,4,1,1.0,0.3333333333333333,1.0,1.0,3.0,fail_only
d4j-Closure-110,7,2,0.0,0.3333333333333333,0.5,0.3333333333333333,9.0,fail_only
d4j-Closure-111,5,1,0.0,0.3333333333333333,1.0,0.3333333333333333,9.0,fail_only
d4j-Closure-112,4,1,0.0,0.0,1.0,0.25,12.0,fail_only
d4j-Closure-113,8,1,0.0,0.0,0.0,0.125,24.0,fail_only
d4j-Closure-114,6,1,0.0,0.0,1.0,0.2,15.0,fail_only
d4j-Closure-115,7,1,0.0,0.0,1.0,0.25,12.0,fail_only
d4j-Closure-116,7,1,0.0,0.0,0.0,0.14285714285714285,21.0,fail_only
d4j-Closure-117,6,1,1.0,0.3333333333333333,1.0,1.0,3.0,fail_only
d4j-Closure-118,4,1,1.0,0.3333333333333333,1.0,1.0,3.0,fail_only
d4j-Closure-119,6,1,1.0,0.3333333333333333,1.0,1.0,3.0,fail_only
d4j-Closure-120,3,1,0.0,0.3333333333333333,1.0,0.5,6.0,fail_only
d4j-Closure-121,3,1,0.0,0.3333333333333333,1.0,0.5,6.0,fail_only
d4j-Closure-122,6,1,0.0,0.0,0.0,0.16666666666666666,18.0,fail_only
d4j-Closure-123,8,1,0.0,0.0,0.0,0.125,24.0,fail_only
d4j-Closure-124,3,1,1.0,0.3333333333333333,1.0,1.0,3.0,fail_only
d4j-Closure-125,4,1,0.0,0.0,1.0,0.25,12.0,fail_only
d4j-Closure-126,8,1,0.0,0.3333333333333333,1.0,0.5,6.0,fail_only
d4j-Closure-127,5,1,0.0,0.0,1.0,0.2,15.0,fail_only
d4j-Closure-128,3,1,0.0,0.3333333333333333,1.0,0.3333333333333333,9.0,fail_only
d4j-Closure-129,3,1,1.0,0.3333333333333333,1.0,1.0,3.0,fail_only
d4j-Closure-130,3,1,0.0,0.3333333333333333,1.0,0.3333333333333333,9.0,fail_only
d4j-Closure-131,3,1,1.0,0.3333333333333333,1.0,1.0,3.0,fail_only
d4j-Closure-132,6,1,0.0,0.3333333333333333,1.0,0.3333333333333333,9.0,fail_only
d4j-Closure-133,6,1,0.0,0.3333333333333333,1.0,0.5,6.0,fail_only
d4j-Closure-134,5,2,0.0,0.6666666666666666,1.0,0.5,6.0,fail_only
d4j-Closure-135,3,2,1.0,0.6666666666666666,1.0,1.0,3.0,fail_only
d4j-Closure-136,3,2,1.0,0.6666666666666666,1.0,1.0,3.0,fail_only
d4j-Closure-137,7,3,0.0,0.6666666666666666,0.6666666666666666,0.5,6.0,fail_only
d4j-Closure-138,6,2,1.0,0.6666666666666666,1.0,1.0,3.0,fail_only
d4j-Closure-139,7,1,0.0,0.0,0.0,0.16666666666666666,18.0,fail_only
d4j-Closure-140,3,1,0.0,0.3333333333333333,1.0,0.3333333333333333,9.0,fail_only
d4j-Closure-141,5,2,0.0,0.3333333333333333,1.0,0.3333333333333333,9.0,fail_only
d4j-Closure-142,3,2,1.0,0.6666666666666666,1.0,1.0,3.0,fail_only
d4j-Closure-143,6,2,0.0,0.3333333333333333,0.5,0.5,6.0,fail_only
d4j-Closure-144,4,4,1.0,1.0,1.0,1.0,3.0,fail_only
d4j-Closure-145,6,1,0.0,0.3333333333333333,1.0,0.3333333333333333,9.0,fail_only
d4j-Closure-146,5,1,0.0,0.0,1.0,0.25,12.0,fail_only
d4j-Closure-147,7,5,1.0,0.6666666666666666,0.8,1.0,3.0,fail_only
d4j-Closure-148,6,2,0.0,0.3333333333333333,1.0,0.3333333333333333,9.0,fail_only
d4j-Closure-149,6,4,1.0,1.0,1.0,1.0,3.0,fail_only
d4j-Closure-150,3,1,0.0,0.3333333333333333,1.0,0.3333333333333333,9.0,fail_only
d4j-Closure-151,3,1,1.0,0.3333333333333333,1.0,1.0,3.0,fail_only
d4j-Closure-152,6,1,0.0,0.3333333333333333,1.0,0.3333333333333333,9.0,fail_only
d4j-Closure-153,4,2,1.0,0.6666666666666666,1.0,1.0,3.0,fail_only
d4j-Closure-154,6,2,0.0,0.3333333333333333,0.5,0.3333333333333333,9.0,fail_only
d4j-Closure-155,8,3,1.0,0.3333333333333333,0.6666666666666666,1.0,3.0,fail_only
d4j-Closure-156,8,1,0.0,0.3333333333333333,1.0,0.3333333333333333,9.0,fail_only
d4j-Closure-157,4,3,1.0,1.0,1.0,1.0,3.0,fail_only
d4j-Closure-158,7,3,0.0,0.3333333333333333,0.3333333333333333,0.3333333333333333,9.0,fail_only
d4j-Closure-159,8,1,0.0,0.0,1.0,0.2,15.0,fail_only
d4j-Closure-160,8,1,0.0,0.0,1.0,0.2,15.0,fail_only
d4j-Closure-161,8,1,0.0,0.0,1.0,0.2,15.0,fail_only
d4j-Closure-162,3,2,1.0,0.6666666666666666,1.0,1.0,3.0,fail_only
d4j-Closure-163,3,2,1.0,0.6666666666666666,1.0,1.0,3.0,fail_only
d4j-Closure-164,7,1,0.0,0.0,1.0,0.2,15.0,fail_only
d4j-Closure-165,6,4,0.0,0.6666666666666666,1.0,0.5,6.0,fail_only
d4j-Closure-166,5,1,0.0,0.0,1.0,0.2,15.0,fail_only
d4j-Closure-167,7,2,0.0,0.3333333333333333,0.5,0.5,6.0,fail_only
d4j-Closure-168,7,1,0.0,0.3333333333333333,1.0,0.3333333333333333,9.0,fail_only
d4j-Closure-169,7,5,1.0,0.6666666666666666,0.8,1.0,3.0,fail_only
d4j-Closure-170,5,1,1.0,0.3333333333333333,1.0,1.0,3.0,fail_only
d4j-Closure-171,8,2,0.0,0.0,0.0,0.14285714285714285,21.0,fail_only
d4j-Closure-172,4,1,0.0,0.3333333333333333,1.0,0.3333333333333333,9.0,fail_only
d4j-Closure-173,3,2,1.0,0.6666666666666666,1.0,1.0,3.0,fail_only
d4j-Closure-174,3,3,1.0,1.0,1.0,1.0,3.0,fail_only
d4j-Closure-175,6,1,0.0,0.0,1.0,0.25,12.0,fail_only
d4j-Closure-176,4,1,0.0,0.3333333333333333,1.0,0.3333333333333333,9.0,fail_only
d4j-Codec-1,6,3,1.0,0.6666666666666666,1.0,1.0,3.0,fail_only
d4j-Codec-2,5,1,0.0,0.3333333333333333,1.0,0.5,6.0,fail_only
d4j-Codec-3,4,1,0.0,0.0,1.0,0.25,12.0,fail_only
d4j-Codec-4,6,1,1.0,0.3333333333333333,1.0,1.0,3.0,fail_only
d4j-Codec-5,3,1,0.0,0.3333333333333333,1.0,0.5,6.0,fail_only
d4j-Codec-6,6,1,0.0,0.3333333333333333,1.0,0.5,6.0,fail_only
d4j-Codec-7,3,1,0.0,0.3333333333333333,1.0,0.3333333333333333,9.0,fail_only
d4j-Codec-8,3,2,1.0,0.6666666666666666,1.0,1.0,3.0,fail_only
d4j-Codec-9,6,1,0.0,0.0,0.0,0.16666666666666666,18.0,fail_only
d4j-Codec-10,7,1,0.0,0.0,0.0,0.16666666666666666,18.0,fail_only
d4j-Codec-11,3,1,0.0,0.3333333333333333,1.0,0.3333333333333333,9.0,fail_only
d4j-Codec-12,5,1,0.0,0.3333333333333333,1.0,0.5,6.0,fail_only
d4j-Codec-13,3,3,1.0,1.0,1.0,1.0,3.0,fail_only
d4j-Codec-14,4,3,0.0,0.6666666666666666,1.0,0.5,6.0,fail_only
d4j-Codec-15,4,1,0.0,0.3333333333333333,1.0,0.5,6.0,fail_only
d4j-Codec-16,5,1,0.0,0.0,1.0,0.25,12.0,fail_only
d4j-Codec-17,5,1,0.0,0.3333333333333333,1.0,0.3333333333333333,9.0,fail_only
d4j-Codec-18,3,1,1.0,0.3333333333333333,1.0,1.0,3.0,fail_only
d4j-Collections-1,5,1,0.0,0.3333333333333333,1.0,0.5,6.0,fail_only
d4j-Collections-2,3,1,1.0,0.3333333333333333,1.0,1.0,3.0,fail_only
d4j-Collections-3,8,1,0.0,0.0,1.0,0.2,15.0,fail_only
d4j-Collections-4,6,1,1.0,0.3333333333333333,1.0,1.0,3.0,fail_only
d4j-Collections-5,4,1,1.0,0.3333333333333333,1.0,1.0,3.0,fail_only
d4j-Collections-6,7,1,0.0,0.0,1.0,0.25,12.0,fail_only
d4j-Collections-7,6,1,0.0,0.0,1.0,0.25,12.0,fail_only
d4j-Collections-8,3,1,1.0,0.3333333333333333,1.0,1.0,3.0,fail_only
d4j-Collections-9,4,1,1.0,0.3333333333333333,1.0,1.0,3.0,fail_only
d4j-Collections-10,5,1,0.0,0.0,1.0,0.25,12.0,fail_only
d4j-Collections-11,6,1,0.0,0.0,1.0,0.2,15.0,fail_only
d4j-Collections-12,7,1,0.0,0.0,1.0,0.25,12.0,fail_only
d4j-Collections-13,6,1,0.0,0.0,1.0,0.25,12.0,fail_only
d4j-Collections-14,8,1,0.0,0.3333333333333333,1.0,0.3333333333333333,9.0,fail_only
d4j-Collections-15,3,1,0.0,0.3333333333333333,1.0,0.5,6.0,fail_only
d4j-Collections-16,6,1,0.0,0.0,0.0,0.16666666666666666,18.0,fail_only
d4j-Collections-17,3,1,0.0,0.3333333333333333,1.0,0.3333333333333333,9.0,fail_only
d4j-Collections-18,4,1,0.0,0.3333333333333333,1.0,0.5,6.0,fail_only
d4j-Collections-19,4,1,1.0,0.3333333333333333,1.0,1.0,3.0,fail_only
d4j-Collections-20,6,1,0.0,0.3333333333333333,1.0,0.5,6.0,fail_only
d4j-Collections-21,5,1,0.0,0.3333333333333333,1.0,0.5,6.0,fail_only
d4j-Collections-22,7,1,0.0,0.0,1.0,0.25,12.0,fail_only
d4j-Collections-23,3,1,0.0,0.3333333333333333,1.0,0.3333333333333333,9.0,fail_only
d4j-Collections-24,4,1,0.0,0.3333333333333333,1.0,0.5,6.0,fail_only
d4j-Collections-25,6,1,0.0,0.3333333333333333,1.0,0.3333333333333333,9.0,fail_only
d4j-Collections-26,6,1,0.0,0.3333333333333333,1.0,0.5,6.0,fail_only
d4j-Collections-27,8,1,0.0,0.0,0.0,0.16666666666666666,18.0,fail_only
d4j-Collections-28,6,1,1.0,0.3333333333333333,1.0,1.0,3.0,fail_only
d4j-Compress-1,5,1,0.0,0.3333333333333333,1.0,0.5,6.0,fail_only
d4j-Compress-2,3,1,0.0,0.3333333333333333,1.0,0.5,6.0,fail_only
d4j-Compress-3,6,1,1.0,0.3333333333333333,1.0,1.0,3.0,fail_only
d4j-Compress-4,7,4,1.0,0.6666666666666666,0.75,1.0,3.0,fail_only
d4j-Compress-5,8,1,0.0,0.0,0.0,0.16666666666666666,18.0,fail_only
d4j-Compress-6,6,1,0.0,0.3333333333333333,1.0,0.3333333333333333,9.0,fail_only
d4j-Compress-7,4,1,0.0,0.0,1.0,0.25,12.0,fail_only
d4j-Compress-8,4,1,0.0,0.3333333333333333,1.0,0.5,6.0,fail_only
d4j-Compress-9,4,1,0.0,0.0,1.0,0.25,12.0,fail_only
d4j-Compress-10,5,1,1.0,0.3333333333333333,1.0,1.0,3.0,fail_only
d4j-Compress-11,4,1,0.0,0.0,1.0,0.25,12.0,fail_only
d4j-Compress-12,7,1,1.0,0.3333333333333333,1.0,1.0,3.0,fail_only
d4j-Compress-13,4,1,0.0,0.3333333333333333,1.0,0.5,6.0,fail_only
d4j-Compress-14,7,1,0.0,0.3333333333333333,1.0,0.3333333333333333,9.0,fail_only
d4j-Compress-15,8,1,0.0,0.0,1.0,0.2,15.0,fail_only
d4j-Compress-16,6,1,0.0,0.3333333333333333,1.0,0.5,6.0,fail_only
d4j-Compress-17,6,1,0.0,0.0,1.0,0.2,15.0,fail_only
d4j-Compress-18,7,1,0.0,0.3333333333333333,1.0,0.5,6.0,fail_only
d4j-Compress-19,8,1,0.0,0.0,0.0,0.125,24.0,fail_only
d4j-Compress-20,5,1,0.0,0.0,1.0,0.2,15.0,fail_only
d4j-Compress-21,4,1,0.0,0.0,1.0,0.25,12.0,fail_only
d4j-Compress-22,7,1,0.0,0.0,1.0,0.2,15.0,fail_only
d4j-Compress-23,3,1,1.0,0.3333333333333333,1.0,1.0,3.0,fail_only
d4j-Compress-24,6,1,0.0,0.0,1.0,0.25,12.0,fail_only
d4j-Compress-25,3,1,1.0,0.3333333333333333,1.0,1.0,3.0,fail_only
d4j-Compress-26,8,1,0.0,0.0,0.0,0.125,24.0,fail_only
d4j-Compress-27,6,1,0.0,0.3333333333333333,1.0,0.3333333333333333,9.0,fail_only
d4j-Compress-28,6,1,0.0,0.0,1.0,0.2,15.0,fail_only
d4j-Compress-29,6,5,1.0,0.6666666666666666,0.8,1.0,3.0,fail_only
d4j-Compress-30,5,1,1.0,0.3333333333333333,1.0,1.0,3.0,fail_only
d4j-Compress-31,6,1,0.0,0.3333333333333333,1.0,0.3333333333333333,9.0,fail_only
d4j-Compress-32,5,1,0.0,0.3333333333333333,1.0,0.5,6.0,fail_only
d4j-Compress-33,6,2,1.0,0.6666666666666666,1.0,1.0,3.0,fail_only
d4j-Compress-34,3,1,0.0,0.3333333333333333,1.0,0.5,6.0,fail_only
d4j-Compress-35,6,1,1.0,0.3333333333333333,1.0,1.0,3.0,fail_only
d4j-Compress-36,7,1,0.0,0.3333333333333333,1.0,0.5,6.0,fail_only
d4j-Compress-37,4,1,0.0,0.0,1.0,0.25,12.0,fail_only
d4j-Compress-38,6,1,0.0,0.0,0.0,0.16666666666666666,18.0,fail_only
d4j-Compress-39,4,1,0.0,0.3333333333333333,1.0,0.3333333333333333,9.0,fail_only
d4j-Compress-40,6,1,0.0,0.0,1.0,0.25,12.0,fail_only
d4j-Compress-41,5,1,0.0,0.3333333333333333,1.0,0.5,6.0,fail_only
d4j-Compress-42,6,2,0.0,0.3333333333333333,1.0,0.3333333333333333,9.0,fail_only
d4j-Compress-43,3,1,1.0,0.3333333333333333,1.0,1.0,3.0,fail_only
d4j-Compress-44,8,1,0.0,0.0,0.0,0.125,24.0,fail_only
d4j-Compress-45,6,1,0.0,0.3333333333333333,1.0,0.5,6.0,fail_only
d4j-Compress-46,3,1,0.0,0.3333333333333333,1.0,0.5,6.0,fail_only
d4j-Compress-47,5,1,0.0,0.0,1.0,0.25,12.0,fail_only
d4j-Csv-1,4,1,1.0,0.3333333333333333,1.0,1.0,3.0,fail_only
d4j-Csv-2,3,1,0.0,0.3333333333333333,1.0,0.3333333333333333,9.0,fail_only
d4j-Csv-3,4,1,0.0,0.3333333333333333,1.0,0.3333333333333333,9.0,fail_only
d4j-Csv-4,4,1,0.0,0.3333333333333333,1.0,0.3333333333333333,9.0,fail_only
d4j-Csv-5,8,1,1.0,0.3333333333333333,1.0,1.0,3.0,fail_only
d4j-Csv-6,7,1,0.0,0.3333333333333333,1.0,0.3333333333333333,9.0,fail_only
d4j-Csv-7,3,1,0.0,0.3333333333333333,1.0,0.5,6.0,fail_only
d4j-Csv-8,8,1,0.0,0.3333333333333333,1.0,0.3333333333333333,9.0,fail_only
d4j-Csv-9,5,1,1.0,0.3333333333333333,1.0,1.0,3.0,fail_only
d4j-Csv-10,6,1,0.0,0.0,1.0,0.2,15.0,fail_only
d4j-Csv-11,3,1,1.0,0.3333333333333333,1.0,1.0,3.0,fail_only
d4j-Csv-12,5,1,0.0,0.3333333333333333,1.0,0.3333333333333333,9.0,fail_only
d4j-Csv-13,7,2,0.0,0.0,0.5,0.25,12.0,fail_only
d4j-Csv-14,4,1,0.0,0.3333333333333333,1.0,0.5,6.0,fail_only
d4j-Csv-15,5,1,0.0,0.0,1.0,0.25,12.0,fail_only
d4j-Csv-16,3,1,1.0,0.3333333333333333,1.0,1.0,3.0,fail_only
d4j-Gson-1,6,1,0.0,0.0,1.0,0.2,15.0,fail_only
d4j-Gson-2,6,1,0.0,0.3333333333333333,1.0,0.3333333333333333,9.0,fail_only
d4j-Gson-3,6,1,0.0,0.0,1.0,0.25,12.0,fail_only
d4j-Gson-4,5,2,1.0,0.6666666666666666,1.0,1.0,3.0,fail_only
d4j-Gson-5,1,1,1.0,1.0,1.0,1.0,3.0,fail_only
d4j-Gson-6,4,1,0.0,0.3333333333333333,1.0,0.3333333333333333,9.0,fail_only
d4j-Gson-7,5,1,1.0,0.3333333333333333,1.0,1.0,3.0,fail_only
d4j-Gson-8,5,1,1.0,0.3333333333333333,1.0,1.0,3.0,fail_only
d4j-Gson-9,3,3,1.0,1.0,1.0,1.0,3.0,fail_only
d4j-Gson-10,4,1,0.0,0.3333333333333333,1.0,0.3333333333333333,9.0,fail_only
d4j-Gson-11,4,1,1.0,0.3333333333333333,1.0,1.0,3.0,fail_only
d4j-Gson-12,3,1,1.0,0.3333333333333333,1.0,1.0,3.0,fail_only
d4j-Gson-13,5,1,0.0,0.0,1.0,0.25,12.0,fail_only
d4j-Gson-14,3,1,1.0,0.3333333333333333,1.0,1.0,3.0,fail_only
d4j-Gson-15,4,1,1.0,0.3333333333333333,1.0,1.0,3.0,fail_only
d4j-Gson-16,5,1,0.0,0.3333333333333333,1.0,0.3333333333333333,9.0,fail_only
d4j-Gson-17,4,1,1.0,0.3333333333333333,1.0,1.0,3.0,fail_only
d4j-Gson-18,7,1,0.0,0.0,1.0,0.25,12.0,fail_only
d4j-JacksonCore-1,4,2,0.0,0.3333333333333333,1.0,0.5,6.0,fail_only
d4j-JacksonCore-2,7,2,0.0,0.0,0.5,0.25,12.0,fail_only
d4j-JacksonCore-3,3,1,0.0,0.3333333333333333,1.0,0.3333333333333333,9.0,fail_only
d4j-JacksonCore-4,7,1,1.0,0.3333333333333333,1.0,1.0,3.0,fail_only
d4j-JacksonCore-5,6,1,0.0,0.0,1.0,0.2,15.0,fail_only
d4j-JacksonCore-6,4,1,0.0,0.3333333333333333,1.0,0.3333333333333333,9.0,fail_only
d4j-JacksonCore-7,6,1,0.0,0.3333333333333333,1.0,0.3333333333333333,9.0,fail_only
d4j-JacksonCore-8,7,1,1.0,0.3333333333333333,1.0,1.0,3.0,fail_only
d4j-JacksonCore-9,7,3,0.0,0.3333333333333333,0.6666666666666666,0.5,6.0,fail_only
d4j-JacksonCore-10,3,1,0.0,0.3333333333333333,1.0,0.5,6.0,fail_only
d4j-JacksonCore-11,3,1,0.0,0.3333333333333333,1.0,0.3333333333333333,9.0,fail_only
d4j-JacksonCore-12,6,2,0.0,0.3333333333333333,0.5,0.5,6.0,fail_only
d4j-JacksonCore-13,5,1,0.0,0.0,1.0,0.2,15.0,fail_only
d4j-JacksonCore-14,8,1,0.0,0.3333333333333333,1.0,0.3333333333333333,9.0,fail_only
d4j-JacksonCore-15,5,1,0.0,0.3333333333333333,1.0,0.3333333333333333,9.0,fail_only
d4j-JacksonCore-16,3,1,0.0,0.3333333333333333,1.0,0.3333333333333333,9.0,fail_only
d4j-JacksonCore-17,4,1,1.0,0.3333333333333333,1.0,1.0,3.0,fail_only
d4j-JacksonCore-18,3,3,1.0,1.0,1.0,1.0,3.0,fail_only
d4j-JacksonCore-19,6,2,0.0,0.3333333333333333,1.0,0.3333333333333333,9.0,fail_only
d4j-JacksonCore-20,6,1,0.0,0.0,1.0,0.25,12.0,fail_only
d4j-JacksonCore-21,4,1,0.0,0.3333333333333333,1.0,0.5,6.0,fail_only
d4j-JacksonCore-22,5,1,1.0,0.3333333333333333,1.0,1.0,3.0,fail_only
d4j-JacksonCore-23,5,1,1.0,0.3333333333333333,1.0,1.0,3.0,fail_only
d4j-JacksonCore-24,4,2,1.0,0.3333333333333333,1.0,1.0,3.0,fail_only
d4j-JacksonCore-25,8,1,0.0,0.3333333333333333,1.0,0.3333333333333333,9.0,fail_only
d4j-JacksonCore-26,3,1,0.0,0.3333333333333333,1.0,0.5,6.0,fail_only
d4j-JacksonDatabind-1,7,1,0.0,0.3333333333333333,1.0,0.5,6.0,fail_only
d4j-JacksonDatabind-2,3,1,0.0,0.3333333333333333,1.0,0.5,6.0,fail_only
d4j-JacksonDatabind-3,5,1,0.0,0.0,1.0,0.25,12.0,fail_only
d4j-JacksonDatabind-4,5,1,0.0,0.0,1.0,0.25,12.0,fail_only
d4j-JacksonDatabind-5,4,1,0.0,0.0,1.0,0.25,12.0,fail_only
d4j-JacksonDatabind-6,6,1,0.0,0.0,1.0,0.25,12.0,fail_only
d4j-JacksonDatabind-7,7,1,1.0,0.3333333333333333,1.0,1.0,3.0,fail_only
d4j-JacksonDatabind-8,5,1,0.0,0.0,1.0,0.2,15.0,fail_only
d4j-JacksonDatabind-9,4,1,0.0,0.0,1.0,0.25,12.0,fail_only
d4j-JacksonDatabind-10,4,2,0.0,0.3333333333333333,1.0,0.5,6.0,fail_only
d4j-JacksonDatabind-11,3,1,0.0,0.3333333333333333,1.0,0.3333333333333333,9.0,fail_only
d4j-JacksonDatabind-12,3,1,0.0,0.3333333333333333,1.0,0.3333333333333333,9.0,fail_only
d4j-JacksonDatabind-13,6,2,0.0,0.3333333333333333,1.0,0.3333333333333333,9.0,fail_only
d4j-JacksonDatabind-14,5,1,1.0,0.3333333333333333,1.0,1.0,3.0,fail_only
d4j-JacksonDatabind-15,6,5,1.0,0.6666666666666666,0.8,1.0,3.0,fail_only
d4j-JacksonDatabind-16,3,1,0.0,0.3333333333333333,1.0,0.5,6.0,fail_only
d4j-JacksonDatabind-17,7,1,0.0,0.0,1.0,0.25,12.0,fail_only
d4j-JacksonDatabind-18,5,1,0.0,0.0,1.0,0.25,12.0,fail_only
d4j-JacksonDatabind-19,4,1,1.0,0.3333333333333333,1.0,1.0,3.0,fail_only
d4j-JacksonDatabind-20,7,1,0.0,0.3333333333333333,1.0,0.3333333333333333,9.0,fail_only
d4j-JacksonDatabind-21,5,1,0.0,0.3333333333333333,1.0,0.5,6.0,fail_only
d4j-JacksonDatabind-22,8,2,0.0,0.3333333333333333,1.0,0.5,6.0,fail_only
d4j-JacksonDatabind-23,7,1,0.0,0.0,1.0,0.2,15.0,fail_only
d4j-JacksonDatabind-24,6,1,0.0,0.3333333333333333,1.0,0.3333333333333333,9.0,fail_only
d4j-JacksonDatabind-25,4,4,1.0,1.0,1.0,1.0,3.0,fail_only
d4j-JacksonDatabind-26,6,1,0.0,0.3333333333333333,1.0,0.5,6.0,fail_only
d4j-JacksonDatabind-27,8,1,0.0,0.0,0.0,0.14285714285714285,21.0,fail_only
d4j-JacksonDatabind-28,4,1,0.0,0.3333333333333333,1.0,0.3333333333333333,9.0,fail_only
d4j-JacksonDatabind-29,7,1,0.0,0.0,0.0,0.16666666666666666,18.0,fail_only
d4j-JacksonDatabind-30,6,2,0.0,0.6666666666666666,1.0,0.5,6.0,fail_only
d4j-JacksonDatabind-31,5,1,0.0,0.0,1.0,0.25,12.0,fail_only
d4j-JacksonDatabind-32,8,1,0.0,0.0,1.0,0.2,15.0,fail_only
d4j-JacksonDatabind-33,4,1,0.0,0.3333333333333333,1.0,0.5,6.0,fail_only
d4j-JacksonDatabind-34,4,1,0.0,0.3333333333333333,1.0,0.5,6.0,fail_only
d4j-JacksonDatabind-35,4,1,0.0,0.0,1.0,0.25,12.0,fail_only
d4j-JacksonDatabind-36,3,1,0.0,0.3333333333333333,1.0,0.5,6.0,fail_only
d4j-JacksonDatabind-37,6,1,0.0,0.3333333333333333,1.0,0.5,6.0,fail_only
d4j-JacksonDatabind-38,4,3,1.0,1.0,1.0,1.0,3.0,fail_only
d4j-JacksonDatabind-39,7,1,0.0,0.0,0.0,0.14285714285714285,21.0,fail_only
d4j-JacksonDatabind-40,7,1,0.0,0.0,0.0,0.16666666666666666,18.0,fail_only
d4j-JacksonDatabind-41,3,1,0.0,0.3333333333333333,1.0,0.3333333333333333,9.0,fail_only
d4j-JacksonDatabind-42,4,1,0.0,0.3333333333333333,1.0,0.5,6.0,fail_only
d4j-JacksonDatabind-43,3,1,0.0,0.3333333333333333,1.0,0.5,6.0,fail_only
d4j-JacksonDatabind-44,3,1,0.0,0.3333333333333333,1.0,0.5,6.0,fail_only
d4j-JacksonDatabind-45,8,1,0.0,0.0,0.0,0.16666666666666666,18.0,fail_only
d4j-JacksonDatabind-46,4,1,0.0,0.3333333333333333,1.0,0.5,6.0,fail_only
d4j-JacksonDatabind-47,5,1,0.0,0.0,1.0,0.25,12.0,fail_only
d4j-JacksonDatabind-48,8,2,0.0,0.3333333333333333,1.0,0.5,6.0,fail_only
d4j-JacksonDatabind-49,6,1,0.0,0.3333333333333333,1.0,0.5,6.0,fail_only
d4j-JacksonDatabind-50,4,1,0.0,0.3333333333333333,1.0,0.5,6.0,fail_only
d4j-JacksonDatabind-51,4,1,0.0,0.0,1.0,0.25,12.0,fail_only
d4j-JacksonDatabind-52,5,2,1.0,0.6666666666666666,1.0,1.0,3.0,fail_only
d4j-JacksonDatabind-53,3,2,1.0,0.6666666666666666,1.0,1.0,3.0,fail_only
d4j-JacksonDatabind-54,6,1,0.0,0.3333333333333333,1.0,0.3333333333333333,9.0,fail_only
d4j-JacksonDatabind-55,3,1,0.0,0.3333333333333333,1.0,0.5,6.0,fail_only
d4j-JacksonDatabind-56,6,1,1.0,0.3333333333333333,1.0,1.0,3.0,fail_only
d4j-JacksonDatabind-57,4,1,0.0,0.3333333333333333,1.0,0.3333333333333333,9.0,fail_only
d4j-JacksonDatabind-58,8,1,0.0,0.0,0.0,0.14285714285714285,21.0,fail_only
d4j-JacksonDatabind-59,6,4,1.0,0.6666666666666666,0.75,1.0,3.0,fail_only
d4j-JacksonDatabind-60,5,1,0.0,0.3333333333333333,1.0,0.3333333333333333,9.0,fail_only
d4j-JacksonDatabind-61,8,2,1.0,0.6666666666666666,1.0,1.0,3.0,fail_only
d4j-JacksonDatabind-62,7,1,0.0,0.0,1.0,0.25,12.0,fail_only
d4j-JacksonDatabind-63,4,1,0.0,0.3333333333333333,1.0,0.3333333333333333,9.0,fail_only
d4j-JacksonDatabind-64,4,1,0.0,0.3333333333333333,1.0,0.3333333333333333,9.0,fail_only
d4j-JacksonDatabind-66,3,1,0.0,0.3333333333333333,1.0,0.5,6.0,fail_only
d4j-JacksonDatabind-67,4,1,1.0,0.3333333333333333,1.0,1.0,3.0,fail_only
d4j-JacksonDatabind-68,8,1,1.0,0.3333333333333333,1.0,1.0,3.0,fail_only
d4j-JacksonDatabind-69,5,1,0.0,0.3333333333333333,1.0,0.3333333333333333,9.0,fail_only
d4j-JacksonDatabind-70,8,1,0.0,0.3333333333333333,1.0,0.5,6.0,fail_only
d4j-JacksonDatabind-71,3,1,0.0,0.3333333333333333,1.0,0.3333333333333333,9.0,fail_only
d4j-JacksonDatabind-72,8,1,0.0,0.0,0.0,0.16666666666666666,18.0,fail_only
d4j-JacksonDatabind-73,3,2,1.0,0.6666666666666666,1.0,1.0,3.0,fail_only
d4j-JacksonDatabind-74,3,1,0.0,0.3333333333333333,1.0,0.3333333333333333,9.0,fail_only
d4j-JacksonDatabind-75,7,1,0.0,0.3333333333333333,1.0,0.5,6.0,fail_only
d4j-JacksonDatabind-76,7,1,1.0,0.3333333333333333,1.0,1.0,3.0,fail_only
d4j-JacksonDatabind-77,3,1,1.0,0.3333333333333333,1.0,1.0,3.0,fail_only
d4j-JacksonDatabind-78,5,1,0.0,0.0,1.0,0.25,12.0,fail_only
d4j-JacksonDatabind-79,7,3,0.0,0.0,0.3333333333333333,0.25,12.0,fail_only
d4j-JacksonDatabind-80,5,1,0.0,0.0,1.0,0.25,12.0,fail_only
d4j-JacksonDatabind-81,3,1,0.0,0.3333333333333333,1.0,0.3333333333333333,9.0,fail_only
d4j-JacksonDatabind-82,4,1,1.0,0.3333333333333333,1.0,1.0,3.0,fail_only
d4j-JacksonDatabind-83,8,1,0.0,0.3333333333333333,1.0,0.3333333333333333,9.0,fail_only
d4j-JacksonDatabind-84,7,1,0.0,0.0,1.0,0.25,12.0,fail_only
d4j-JacksonDatabind-85,5,1,0.0,0.0,1.0,0.2,15.0,fail_only
d4j-JacksonDatabind-86,7,1,0.0,0.3333333333333333,1.0,0.3333333333333333,9.0,fail_only
d4j-JacksonDatabind-87,7,1,0.0,0.0,1.0,0.2,15.0,fail_only
d4j-JacksonDatabind-88,3,1,0.0,0.3333333333333333,1.0,0.3333333333333333,9.0,fail_only
d4j-JacksonDatabind-90,6,2,0.0,0.3333333333333333,1.0,0.3333333333333333,9.0,fail_only
d4j-JacksonDatabind-91,6,1,0.0,0.3333333333333333,1.0,0.5,6.0,fail_only
d4j-JacksonDatabind-92,5,1,0.0,0.0,1.0,0.2,15.0,fail_only
d4j-JacksonDatabind-93,6,1,1.0,0.3333333333333333,1.0,1.0,3.0,fail_only
d4j-JacksonDatabind-94,6,1,0.0,0.0,1.0,0.25,12.0,fail_only
d4j-JacksonDatabind-95,7,2,0.0,0.3333333333333333,1.0,0.3333333333333333,9.0,fail_only
d4j-JacksonDatabind-96,4,1,0.0,0.3333333333333333,1.0,0.5,6.0,fail_only
d4j-JacksonDatabind-97,5,1,0.0,0.0,1.0,0.25,12.0,fail_only
d4j-JacksonDatabind-98,8,1,0.0,0.0,1.0,0.2,15.0,fail_only
d4j-JacksonDatabind-99,6,1,0.0,0.3333333333333333,1.0,0.3333333333333333,9.0,fail_only
d4j-JacksonDatabind-100,3,1,0.0,0.3333333333333333,1.0,0.5,6.0,fail_only
d4j-JacksonDatabind-101,8,1,0.0,0.0,0.0,0.14285714285714285,21.0,fail_only
d4j-JacksonDatabind-102,4,1,0.0,0.0,1.0,0.25,12.0,fail_only
d4j-JacksonDatabind-103,8,5,1.0,0.6666666666666666,0.6,1.0,3.0,fail_only
d4j-JacksonDatabind-104,7,1,0.0,0.0,0.0,0.16666666666666666,18.0,fail_only
d4j-JacksonDatabind-105,3,1,0.0,0.3333333333333333,1.0,0.3333333333333333,9.0,fail_only
d4j-JacksonDatabind-106,7,1,0.0,0.3333333333333333,1.0,0.5,6.0,fail_only
d4j-JacksonDatabind-107,6,1,0.0,0.0,0.0,0.16666666666666666,18.0,fail_only
d4j-JacksonDatabind-108,8,1,0.0,0.0,1.0,0.25,12.0,fail_only
d4j-JacksonDatabind-109,7,2,1.0,0.6666666666666666,1.0,1.0,3.0,fail_only
d4j-JacksonDatabind-110,3,1,0.0,0.3333333333333333,1.0,0.3333333333333333,9.0,fail_only
d4j-JacksonDatabind-111,5,5,1.0,1.0,1.0,1.0,3.0,fail_only
d4j-JacksonDatabind-112,4,1,0.0,0.3333333333333333,1.0,0.5,6.0,fail_only
d4j-JacksonXml-1,7,1,0.0,0.3333333333333333,1.0,0.5,6.0,fail_only
d4j-JacksonXml-2,7,1,0.0,0.3333333333333333,1.0,0.3333333333333333,9.0,fail_only
d4j-JacksonXml-3,7,1,0.0,0.0,1.0,0.25,12.0,fail_only
d4j-JacksonXml-4,7,1,0.0,0.0,1.0,0.2,15.0,fail_only
d4j-JacksonXml-5,5,1,0.0,0.3333333333333333,1.0,0.5,6.0,fail_only
d4j-JacksonXml-6,4,1,1.0,0.3333333333333333,1.0,1.0,3.0,fail_only
d4j-Jsoup-1,7,1,0.0,0.0,1.0,0.2,15.0,fail_only
d4j-Jsoup-2,4,1,0.0,0.3333333333333333,1.0,0.5,6.0,fail_only
d4j-Jsoup-3,7,3,0.0,0.3333333333333333,0.6666666666666666,0.5,6.0,fail_only
d4j-Jsoup-4,4,1,0.0,0.3333333333333333,1.0,0.5,6.0,fail_only
d4j-Jsoup-5,4,1,0.0,0.3333333333333333,1.0,0.5,6.0,fail_only
d4j-Jsoup-6,3,1,0.0,0.3333333333333333,1.0,0.5,6.0,fail_only
d4j-Jsoup-7,4,1,1.0,0.3333333333333333,1.0,1.0,3.0,fail_only
d4j-Jsoup-8,5,1,0.0,0.3333333333333333,1.0,0.5,6.0,fail_only
d4j-Jsoup-9,3,1,0.0,0.3333333333333333,1.0,0.5,6.0,fail_only
d4j-Jsoup-10,4,1,0.0,0.3333333333333333,1.0,0.3333333333333333,9.0,fail_only
d4j-Jsoup-11,6,1,1.0,0.3333333333333333,1.0,1.0,3.0,fail_only
d4j-Jsoup-12,4,1,0.0,0.0,1.0,0.25,12.0,fail_only
d4j-Jsoup-13,8,1,0.0,0.3333333333333333,1.0,0.3333333333333333,9.0,fail_only
d4j-Jsoup-14,6,2,0.0,0.0,0.5,0.2,15.0,fail_only
d4j-Jsoup-15,6,1,0.0,0.3333333333333333,1.0,0.5,6.0,fail_only
d4j-Jsoup-16,6,1,0.0,0.3333333333333333,1.0,0.3333333333333333,9.0,fail_only
d4j-Jsoup-17,8,1,0.0,0.0,1.0,0.2,15.0,fail_only
d4j-Jsoup-18,7,1,0.0,0.0,1.0,0.2,15.0,fail_only
d4j-Jsoup-19,3,1,0.0,0.3333333333333333,1.0,0.5,6.0,fail_only
d4j-Jsoup-20,5,1,1.0,0.3333333333333333,1.0,1.0,3.0,fail_only
d4j-Jsoup-21,4,2,0.0,0.6666666666666666,1.0,0.5,6.0,fail_only
d4j-Jsoup-22,3,3,1.0,1.0,1.0,1.0,3.0,fail_only
d4j-Jsoup-23,5,2,1.0,0.6666666666666666,1.0,1.0,3.0,fail_only
d4j-Jsoup-24,3,1,1.0,0.3333333333333333,1.0,1.0,3.0,fail_only
d4j-Jsoup-25,4,1,0.0,0.3333333333333333,1.0,0.5,6.0,fail_only
d4j-Jsoup-26,3,1,0.0,0.3333333333333333,1.0,0.5,6.0,fail_only
d4j-Jsoup-27,5,1,1.0,0.3333333333333333,1.0,1.0,3.0,fail_only
d4j-Jsoup-28,7,3,0.0,0.3333333333333333,0.3333333333333333,0.3333333333333333,9.0,fail_only
d4j-Jsoup-29,8,1,0.0,0.3333333333333333,1.0,0.5,6.0,fail_only
d4j-Jsoup-30,3,1,0.0,0.3333333333333333,1.0,0.3333333333333333,9.0,fail_only
d4j-Jsoup-31,5,3,0.0,0.3333333333333333,1.0,0.5,6.0,fail_only
d4j-Jsoup-32,4,1,0.0,0.3333333333333333,1.0,0.3333333333333333,9.0,fail_only
d4j-Jsoup-33,7,1,1.0,0.3333333333333333,1.0,1.0,3.0,fail_only
d4j-Jsoup-34,5,1,0.0,0.3333333333333333,1.0,0.3333333333333333,9.0,fail_only
d4j-Jsoup-35,7,1,1.0,0.3333333333333333,1.0,1.0,3.0,fail_only
d4j-Jsoup-36,5,1,0.0,0.3333333333333333,1.0,0.5,6.0,fail_only
d4j-Jsoup-37,7,1,1.0,0.3333333333333333,1.0,1.0,3.0,fail_only
d4j-Jsoup-38,4,1,1.0,0.3333333333333333,1.0,1.0,3.0,fail_only
d4j-Jsoup-39,3,1,1.0,0.3333333333333333,1.0,1.0,3.0,fail_only
d4j-Jsoup-40,7,1,0.0,0.0,0.0,0.16666666666666666,18.0,fail_only
d4j-Jsoup-41,3,1,0.0,0.3333333333333333,1.0,0.5,6.0,fail_only
d4j-Jsoup-42,8,1,0.0,0.3333333333333333,1.0,0.3333333333333333,9.0,fail_only
d4j-Jsoup-43,3,1,0.0,0.3333333333333333,1.0,0.3333333333333333,9.0,fail_only
d4j-Jsoup-44,5,1,0.0,0.0,1.0,0.2,15.0,fail_only
d4j-Jsoup-45,7,1,0.0,0.0,1.0,0.25,12.0,fail_only
d4j-Jsoup-46,4,1,0.0,0.3333333333333333,1.0,0.5,6.0,fail_only
d4j-Jsoup-47,8,1,0.0,0.0,0.0,0.14285714285714285,21.0,fail_only
d4j-Jsoup-48,5,1,0.0,0.0,1.0,0.25,12.0,fail_only
d4j-Jsoup-49,7,1,0.0,0.0,1.0,0.25,12.0,fail_only
d4j-Jsoup-50,4,1,0.0,0.3333333333333333,1.0,0.5,6.0,fail_only
d4j-Jsoup-51,5,1,0.0,0.3333333333333333,1.0,0.3333333333333333,9.0,fail_only
d4j-Jsoup-52,3,3,1.0,1.0,1.0,1.0,3.0,fail_only
d4j-Jsoup-53,8,1,0.0,0.0,0.0,0.14285714285714285,21.0,fail_only
d4j-Jsoup-54,6,1,0.0,0.0,0.0,0.16666666666666666,18.0,fail_only
d4j-Jsoup-55,3,1,1.0,0.3333333333333333,1.0,1.0,3.0,fail_only
d4j-Jsoup-56,6,5,0.0,0.6666666666666666,0.8,0.5,6.0,fail_only
d4j-Jsoup-57,8,1,0.0,0.0,0.0,0.16666666666666666,18.0,fail_only
d4j-Jsoup-58,3,3,1.0,1.0,1.0,1.0,3.0,fail_only
d4j-Jsoup-59,4,1,0.0,0.3333333333333333,1.0,0.3333333333333333,9.0,fail_only
d4j-Jsoup-60,5,2,1.0,0.3333333333333333,1.0,1.0,3.0,fail_only
d4j-Jsoup-61,3,1,0.0,0.3333333333333333,1.0,0.3333333333333333,9.0,fail_only
d4j-Jsoup-62,7,1,0.0,0.0,0.0,0.14285714285714285,21.0,fail_only
d4j-Jsoup-63,8,2,1.0,0.3333333333333333,0.5,1.0,3.0,fail_only
d4j-Jsoup-64,4,1,1.0,0.3333333333333333,1.0,1.0,3.0,fail_only
d4j-Jsoup-65,7,2,0.0,0.3333333333333333,0.5,0.5,6.0,fail_only
d4j-Jsoup-66,7,1,0.0,0.3333333333333333,1.0,0.5,6.0,fail_only
d4j-Jsoup-67,3,1,1.0,0.3333333333333333,1.0,1.0,3.0,fail_only
d4j-Jsoup-68,3,1,1.0,0.3333333333333333,1.0,1.0,3.0,fail_only
d4j-Jsoup-69,7,1,0.0,0.0,0.0,0.14285714285714285,21.0,fail_only
d4j-Jsoup-70,5,1,0.0,0.0,1.0,0.25,12.0,fail_only
d4j-Jsoup-71,7,3,1.0,0.6666666666666666,0.6666666666666666,1.0,3.0,fail_only
d4j-Jsoup-72,3,1,0.0,0.3333333333333333,1.0,0.3333333333333333,9.0,fail_only
d4j-Jsoup-73,6,1,0.0,0.0,1.0,0.25,12.0,fail_only
d4j-Jsoup-74,3,1,0.0,0.3333333333333333,1.0,0.5,6.0,fail_only
d4j-Jsoup-75,7,1,0.0,0.3333333333333333,1.0,0.5,6.0,fail_only
d4j-Jsoup-76,5,1,0.0,0.0,1.0,0.2,15.0,fail_only
d4j-Jsoup-77,8,1,0.0,0.0,0.0,0.14285714285714285,21.0,fail_only
d4j-Jsoup-78,6,1,0.0,0.0,0.0,0.16666666666666666,18.0,fail_only
d4j-Jsoup-79,4,1,0.0,0.3333333333333333,1.0,0.5,6.0,fail_only
d4j-Jsoup-80,8,1,0.0,0.3333333333333333,1.0,0.3333333333333333,9.0,fail_only
d4j-Jsoup-81,4,1,0.0,0.0,1.0,0.25,12.0,fail_only
d4j-Jsoup-82,6,1,0.0,0.0,0.0,0.16666666666666666,18.0,fail_only
d4j-Jsoup-83,4,2,0.0,0.6666666666666666,1.0,0.5,6.0,fail_only
d4j-Jsoup-84,3,1,0.0,0.3333333333333333,1.0,0.5,6.0,fail_only
d4j-Jsoup-85,8,1,0.0,0.0,1.0,0.2,15.0,fail_only
d4j-Jsoup-86,7,1,0.0,0.3333333333333333,1.0,0.5,6.0,fail_only
d4j-Jsoup-87,8,4,0.0,0.3333333333333333,0.5,0.5,6.0,fail_only
d4j-Jsoup-88,4,1,1.0,0.3333333333333333,1.0,1.0,3.0,fail_only
d4j-Jsoup-89,4,1,0.0,0.0,1.0,0.25,12.0,fail_only
d4j-Jsoup-90,5,1,0.0,0.0,1.0,0.2,15.0,fail_only
d4j-Jsoup-91,8,2,0.0,0.3333333333333333,1.0,0.3333333333333333,9.0,fail_only
d4j-Jsoup-92,7,5,1.0,0.6666666666666666,0.8,1.0,3.0,fail_only
d4j-Jsoup-93,4,1,0.0,0.3333333333333333,1.0,0.5,6.0,fail_only
d4j-JxPath-1,4,2,1.0,0.6666666666666666,1.0,1.0,3.0,fail_only
d4j-JxPath-2,7,1,0.0,0.0,1.0,0.2,15.0,fail_only
d4j-JxPath-3,4,1,1.0,0.3333333333333333,1.0,1.0,3.0,fail_only
d4j-JxPath-4,3,2,1.0,0.6666666666666666,1.0,1.0,3.0,fail_only
d4j-JxPath-5,4,1,0.0,0.3333333333333333,1.0,0.5,6.0,fail_only
d4j-JxPath-6,5,1,0.0,0.3333333333333333,1.0,0.3333333333333333,9.0,fail_only
d4j-JxPath-7,5,5,1.0,1.0,1.0,1.0,3.0,fail_only
d4j-JxPath-8,6,1,0.0,0.0,0.0,0.16666666666666666,18.0,fail_only
d4j-JxPath-9,3,3,1.0,1.0,1.0,1.0,3.0,fail_only
d4j-JxPath-10,7,1,0.0,0.0,0.0,0.16666666666666666,18.0,fail_only
d4j-JxPath-11,4,2,1.0,0.6666666666666666,1.0,1.0,3.0,fail_only
d4j-JxPath-12,6,1,0.0,0.0,0.0,0.16666666666666666,18.0,fail_only
d4j-JxPath-13,3,2,0.0,0.6666666666666666,1.0,0.5,6.0,fail_only
d4j-JxPath-14,4,1,0.0,0.0,1.0,0.25,12.0,fail_only
d4j-JxPath-15,5,1,1.0,0.3333333333333333,1.0,1.0,3.0,fail_only
d4j-JxPath-16,8,2,0.0,0.0,1.0,0.25,12.0,fail_only
d4j-JxPath-17,4,2,0.0,0.3333333333333333,1.0,0.5,6.0,fail_only
d4j-JxPath-18,6,1,1.0,0.3333333333333333,1.0,1.0,3.0,fail_only
d4j-JxPath-19,8,2,0.0,0.3333333333333333,1.0,0.3333333333333333,9.0,fail_only
d4j-JxPath-20,7,1,0.0,0.0,0.0,0.16666666666666666,18.0,fail_only
d4j-JxPath-21,5,1,0.0,0.3333333333333333,1.0,0.3333333333333333,9.0,fail_only
d4j-JxPath-22,6,1,0.0,0.3333333333333333,1.0,0.5,6.0,fail_only
d4j-Lang-1,3,1,0.0,0.3333333333333333,1.0,0.3333333333333333,9.0,fail_only
d4j-Lang-3,3,1,1.0,0.3333333333333333,1.0,1.0,3.0,fail_only
d4j-Lang-4,3,1,1.0,0.3333333333333333,1.0,1.0,3.0,fail_only
d4j-Lang-5,3,1,0.0,0.3333333333333333,1.0,0.5,6.0,fail_only
d4j-Lang-6,5,1,0.0,0.3333333333333333,1.0,0.3333333333333333,9.0,fail_only
d4j-Lang-7,3,1,0.0,0.3333333333333333,1.0,0.3333333333333333,9.0,fail_only
d4j-Lang-8,8,1,0.0,0.3333333333333333,1.0,0.5,6.0,fail_only
d4j-Lang-9,4,1,0.0,0.0,1.0,0.25,12.0,fail_only
d4j-Lang-10,7,1,1.0,0.3333333333333333,1.0,1.0,3.0,fail_only
d4j-Lang-11,7,1,0.0,0.0,0.0,0.14285714285714285,21.0,fail_only
d4j-Lang-12,8,1,0.0,0.0,0.0,0.16666666666666666,18.0,fail_only
d4j-Lang-13,6,1,0.0,0.3333333333333333,1.0,0.3333333333333333,9.0,fail_only
d4j-Lang-14,6,1,0.0,0.0,0.0,0.16666666666666666,18.0,fail_only
d4j-Lang-15,3,1,0.0,0.3333333333333333,1.0,0.5,6.0,fail_only
d4j-Lang-16,3,1,0.0,0.3333333333333333,1.0,0.5,6.0,fail_only
d4j-Lang-17,7,1,1.0,0.3333333333333333,1.0,1.0,3.0,fail_only
d4j-Lang-19,6,1,1.0,0.3333333333333333,1.0,1.0,3.0,fail_only
d4j-Lang-20,3,1,0.0,0.3333333333333333,1.0,0.3333333333333333,9.0,fail_only
d4j-Lang-21,5,1,0.0,0.0,1.0,0.25,12.0,fail_only
d4j-Lang-22,3,1,0.0,0.3333333333333333,1.0,0.3333333333333333,9.0,fail_only
d4j-Lang-23,7,1,0.0,0.0,0.0,0.16666666666666666,18.0,fail_only
d4j-Lang-24,3,1,0.0,0.3333333333333333,1.0,0.5,6.0,fail_only
d4j-Lang-26,5,1,1.0,0.3333333333333333,1.0,1.0,3.0,fail_only
d4j-Lang-27,3,1,0.0,0.3333333333333333,1.0,0.5,6.0,fail_only
d4j-Lang-28,3,1,0.0,0.3333333333333333,1.0,0.5,6.0,fail_only
d4j-Lang-29,4,1,0.0,0.3333333333333333,1.0,0.3333333333333333,9.0,fail_only
d4j-Lang-30,6,1,0.0,0.0,1.0,0.2,15.0,fail_only
d4j-Lang-31,5,1,0.0,0.3333333333333333,1.0,0.3333333333333333,9.0,fail_only
d4j-Lang-32,5,1,0.0,0.0,1.0,0.25,12.0,fail_only
d4j-Lang-33,4,1,0.0,0.3333333333333333,1.0,0.5,6.0,fail_only
d4j-Lang-34,7,1,0.0,0.3333333333333333,1.0,0.5,6.0,fail_only
d4j-Lang-35,3,1,0.0,0.3333333333333333,1.0,0.3333333333333333,9.0,fail_only
d4j-Lang-36,3,1,0.0,0.3333333333333333,1.0,0.3333333333333333,9.0,fail_only
d4j-Lang-37,6,1,0.0,0.3333333333333333,1.0,0.5,6.0,fail_only
d4j-Lang-38,4,1,0.0,0.3333333333333333,1.0,0.3333333333333333,9.0,fail_only
d4j-Lang-39,5,1,0.0,0.3333333333333333,1.0,0.5,6.0,fail_only
d4j-Lang-40,5,1,0.0,0.3333333333333333,1.0,0.3333333333333333,9.0,fail_only
d4j-Lang-41,8,1,0.0,0.0,1.0,0.2,15.0,fail_only
d4j-Lang-42,8,1,0.0,0.0,0.0,0.14285714285714285,21.0,fail_only
d4j-Lang-43,3,1,1.0,0.3333333333333333,1.0,1.0,3.0,fail_only
d4j-Lang-44,7,1,0.0,0.0,0.0,0.14285714285714285,21.0,fail_only
d4j-Lang-45,8,1,0.0,0.3333333333333333,1.0,0.3333333333333333,9.0,fail_only
d4j-Lang-46,5,1,0.0,0.3333333333333333,1.0,0.5,6.0,fail_only
d4j-Lang-47,7,1,0.0,0.3333333333333333,1.0,0.3333333333333333,9.0,fail_only
d4j-Lang-49,4,1,0.0,0.3333333333333333,1.0,0.3333333333333333,9.0,fail_only
d4j-Lang-50,5,1,0.0,0.3333333333333333,1.0,0.3333333333333333,9.0,fail_only
d4j-Lang-51,5,1,0.0,0.0,1.0,0.25,12.0,fail_only
d4j-Lang-52,6,1,0.0,0.3333333333333333,1.0,0.3333333333333333,9.0,fail_only
d4j-Lang-53,5,1,0.0,0.0,1.0,0.2,15.0,fail_only
d4j-Lang-54,7,1,0.0,0.0,0.0,0.14285714285714285,21.0,fail_only
d4j-Lang-55,4,1,0.0,0.3333333333333333,1.0,0.5,6.0,fail_only
d4j-Lang-56,4,1,0.0,0.3333333333333333,1.0,0.5,6.0,fail_only
d4j-Lang-57,7,1,0.0,0.3333333333333333,1.0,0.5,6.0,fail_only
d4j-Lang-58,3,1,0.0,0.3333333333333333,1.0,0.3333333333333333,9.0,fail_only
d4j-Lang-59,5,1,0.0,0.0,1.0,0.25,12.0,fail_only
d4j-Lang-60,6,1,0.0,0.3333333333333333,1.0,0.3333333333333333,9.0,fail_only
d4j-Lang-61,5,1,0.0,0.3333333333333333,1.0,0.5,6.0,fail_only
d4j-Lang-62,4,1,0.0,0.3333333333333333,1.0,0.3333333333333333,9.0,fail_only
d4j-Lang-63,5,1,0.0,0.3333333333333333,1.0,0.5,6.0,fail_only
d4j-Lang-64,3,1,0.0,0.3333333333333333,1.0,0.5,6.0,fail_only
d4j-Lang-65,3,1,1.0,0.3333333333333333,1.0,1.0,3.0,fail_only
d4j-Math-1,8,2,1.0,0.3333333333333333,0.5,1.0,3.0,fail_only
d4j-Math-2,6,1,0.0,0.3333333333333333,1.0,0.5,6.0,fail_only
d4j-Math-3,5,1,1.0,0.3333333333333333,1.0,1.0,3.0,fail_only
d4j-Math-4,3,2,1.0,0.6666666666666666,1.0,1.0,3.0,fail_only
d4j-Math-5,7,1,0.0,0.3333333333333333,1.0,0.3333333333333333,9.0,fail_only
d4j-Math-6,5,5,1.0,1.0,1.0,1.0,3.0,fail_only
d4j-Math-7,8,1,0.0,0.3333333333333333,1.0,0.5,6.0,fail_only
d4j-Math-8,5,1,0.0,0.3333333333333333,1.0,0.5,6.0,fail_only
d4j-Math-9,8,1,0.0,0.0,0.0,0.125,24.0,fail_only
d4j-Math-10,5,1,0.0,0.0,1.0,0.2,15.0,fail_only
d4j-Math-11,8,1,0.0,0.3333333333333333,1.0,0.3333333333333333,9.0,fail_only
d4j-Math-12,4,1,0.0,0.3333333333333333,1.0,0.3333333333333333,9.0,fail_only
d4j-Math-13,4,1,1.0,0.3333333333333333,1.0,1.0,3.0,fail_only
d4j-Math-14,6,2,1.0,0.3333333333333333,1.0,1.0,3.0,fail_only
d4j-Math-15,5,1,1.0,0.3333333333333333,1.0,1.0,3.0,fail_only
d4j-Math-16,6,1,0.0,0.3333333333333333,1.0,0.3333333333333333,9.0,fail_only
d4j-Math-17,5,1,0.0,0.3333333333333333,1.0,0.3333333333333333,9.0,fail_only
d4j-Math-18,4,1,0.0,0.0,1.0,0.25,12.0,fail_only
d4j-Math-19,3,1,0.0,0.3333333333333333,1.0,0.3333333333333333,9.0,fail_only
d4j-Math-20,7,1,1.0,0.3333333333333333,1.0,1.0,3.0,fail_only
d4j-Math-21,4,1,0.0,0.3333333333333333,1.0,0.5,6.0,fail_only
d4j-Math-22,8,2,0.0,0.3333333333333333,1.0,0.3333333333333333,9.0,fail_only
d4j-Math-23,6,1,0.0,0.0,1.0,0.25,12.0,fail_only
d4j-Math-24,8,1,0.0,0.0,0.0,0.16666666666666666,18.0,fail_only
d4j-Math-25,5,1,0.0,0.0,1.0,0.2,15.0,fail_only
d4j-Math-26,5,1,1.0,0.3333333333333333,1.0,1.0,3.0,fail_only
d4j-Math-27,5,1,0.0,0.0,1.0,0.25,12.0,fail_only
d4j-Math-28,8,1,0.0,0.0,0.0,0.125,24.0,fail_only
d4j-Math-29,6,1,0.0,0.0,1.0,0.2,15.0,fail_only
d4j-Math-31,7,1,0.0,0.3333333333333333,1.0,0.3333333333333333,9.0,fail_only
d4j-Math-32,8,1,0.0,0.0,1.0,0.25,12.0,fail_only
d4j-Math-33,6,1,0.0,0.3333333333333333,1.0,0.3333333333333333,9.0,fail_only
d4j-Math-34,4,1,0.0,0.3333333333333333,1.0,0.3333333333333333,9.0,fail_only
d4j-Math-35,7,1,0.0,0.0,1.0,0.2,15.0,fail_only
d4j-Math-36,7,1,0.0,0.0,1.0,0.2,15.0,fail_only
d4j-Math-37,4,1,1.0,0.3333333333333333,1.0,1.0,3.0,fail_only
d4j-Math-38,6,1,0.0,0.0,1.0,0.25,12.0,fail_only
d4j-Math-39,3,1,0.0,0.3333333333333333,1.0,0.5,6.0,fail_only
d4j-Math-40,3,1,1.0,0.3333333333333333,1.0,1.0,3.0,fail_only
d4j-Math-41,5,1,0.0,0.0,1.0,0.2,15.0,fail_only
d4j-Math-42,8,1,0.0,0.0,0.0,0.16666666666666666,18.0,fail_only
d4j-Math-43,6,1,0.0,0.3333333333333333,1.0,0.3333333333333333,9.0,fail_only
d4j-Math-44,6,1,0.0,0.3333333333333333,1.0,0.5,6.0,fail_only
d4j-Math-45,5,1,0.0,0.3333333333333333,1.0,0.5,6.0,fail_only
d4j-Math-46,4,1,0.0,0.0,1.0,0.25,12.0,fail_only
d4j-Math-47,3,1,0.0,0.3333333333333333,1.0,0.3333333333333333,9.0,fail_only
d4j-Math-48,5,1,0.0,0.0,1.0,0.25,12.0,fail_only
d4j-Math-49,3,1,0.0,0.3333333333333333,1.0,0.3333333333333333,9.0,fail_only
d4j-Math-50,8,1,0.0,0.0,1.0,0.2,15.0,fail_only
d4j-Math-51,4,1,0.0,0.3333333333333333,1.0,0.5,6.0,fail_only
d4j-Math-52,6,1,0.0,0.0,1.0,0.2,15.0,fail_only
d4j-Math-53,4,1,0.0,0.3333333333333333,1.0,0.3333333333333333,9.0,fail_only
d4j-Math-54,4,1,0.0,0.3333333333333333,1.0,0.3333333333333333,9.0,fail_only
d4j-Math-55,6,1,0.0,0.3333333333333333,1.0,0.3333333333333333,9.0,fail_only
d4j-Math-56,8,1,0.0,0.0,0.0,0.16666666666666666,18.0,fail_only
d4j-Math-57,4,1,0.0,0.0,1.0,0.25,12.0,fail_only
d4j-Math-58,4,1,1.0,0.3333333333333333,1.0,1.0,3.0,fail_only
d4j-Math-59,4,1,0.0,0.3333333333333333,1.0,0.3333333333333333,9.0,fail_only
d4j-Math-60,3,1,0.0,0.3333333333333333,1.0,0.5,6.0,fail_only
d4j-Math-61,8,1,0.0,0.0,1.0,0.2,15.0,fail_only
d4j-Math-62,4,1,0.0,0.3333333333333333,1.0,0.3333333333333333,9.0,fail_only
d4j-Math-63,4,1,1.0,0.3333333333333333,1.0,1.0,3.0,fail_only
d4j-Math-64,7,1,1.0,0.3333333333333333,1.0,1.0,3.0,fail_only
d4j-Math-65,3,1,0.0,0.3333333333333333,1.0,0.5,6.0,fail_only
d4j-Math-66,3,1,0.0,0.3333333333333333,1.0,0.3333333333333333,9.0,fail_only
d4j-Math-67,3,1,1.0,0.3333333333333333,1.0,1.0,3.0,fail_only
d4j-Math-68,6,1,0.0,0.0,0.0,0.16666666666666666,18.0,fail_only
d4j-Math-69,3,1,1.0,0.3333333333333333,1.0,1.0,3.0,fail_only
d4j-Math-70,5,1,0.0,0.0,1.0,0.2,15.0,fail_only
d4j-Math-71,3,2,1.0,0.6666666666666666,1.0,1.0,3.0,fail_only
d4j-Math-72,7,1,1.0,0.3333333333333333,1.0,1.0,3.0,fail_only
d4j-Math-73,3,1,0.0,0.3333333333333333,1.0,0.3333333333333333,9.0,fail_only
d4j-Math-74,3,1,0.0,0.3333333333333333,1.0,0.3333333333333333,9.0,fail_only
d4j-Math-75,2,1,0.0,0.5,1.0,0.5,6.0,fail_only
d4j-Math-76,7,1,0.0,0.3333333333333333,1.0,0.5,6.0,fail_only
d4j-Math-77,7,2,0.0,0.3333333333333333,1.0,0.5,6.0,fail_only
d4j-Math-78,4,1,0.0,0.3333333333333333,1.0,0.3333333333333333,9.0,fail_only
d4j-Math-79,5,1,0.0,0.0,1.0,0.25,12.0,fail_only
d4j-Math-80,6,1,0.0,0.3333333333333333,1.0,0.3333333333333333,9.0,fail_only
d4j-Math-81,7,1,0.0,0.0,1.0,0.2,15.0,fail_only
d4j-Math-82,6,1,0.0,0.0,0.0,0.16666666666666666,18.0,fail_only
d4j-Math-83,3,1,0.0,0.3333333333333333,1.0,0.3333333333333333,9.0,fail_only
d4j-Math-84,3,1,0.0,0.3333333333333333,1.0,0.3333333333333333,9.0,fail_only
d4j-Math-85,5,1,1.0,0.3333333333333333,1.0,1.0,3.0,fail_only
d4j-Math-86,8,1,0.0,0.0,1.0,0.25,12.0,fail_only
d4j-Math-87,6,1,0.0,0.3333333333333333,1.0,0.5,6.0,fail_only
d4j-Math-88,3,1,0.0,0.3333333333333333,1.0,0.5,6.0,fail_only
d4j-Math-89,2,1,1.0,0.5,1.0,1.0,3.0,fail_only
d4j-Math-90,2,1,1.0,0.5,1.0,1.0,3.0,fail_only
d4j-Math-91,6,1,0.0,0.3333333333333333,1.0,0.3333333333333333,9.0,fail_only
d4j-Math-92,5,1,0.0,0.0,1.0,0.2,15.0,fail_only
d4j-Math-93,4,1,0.0,0.0,1.0,0.25,12.0,fail_only
d4j-Math-94,5,1,0.0,0.3333333333333333,1.0,0.5,6.0,fail_only
d4j-Math-95,5,1,0.0,0.3333333333333333,1.0,0.5,6.0,fail_only
d4j-Math-96,3,1,0.0,0.3333333333333333,1.0,0.3333333333333333,9.0,fail_only
d4j-Math-97,3,1,1.0,0.3333333333333333,1.0,1.0,3.0,fail_only
d4j-Math-98,8,2,1.0,0.3333333333333333,0.5,1.0,3.0,fail_only
d4j-Math-99,3,1,1.0,0.3333333333333333,1.0,1.0,3.0,fail_only
d4j-Math-101,3,1,0.0,0.3333333333333333,1.0,0.5,6.0,fail_only
d4j-Math-103,7,1,0.0,0.0,1.0,0.25,12.0,fail_only
d4j-Math-104,3,1,0.0,0.3333333333333333,1.0,0.5,6.0,fail_only
d4j-Math-105,1,1,1.0,1.0,1.0,1.0,3.0,fail_only
d4j-Math-106,3,1,0.0,0.3333333333333333,1.0,0.3333333333333333,9.0,fail_only
d4j-Mockito-1,7,1,1.0,0.3333333333333333,1.0,1.0,3.0,fail_only
d4j-Mockito-2,7,1,0.0,0.3333333333333333,1.0,0.5,6.0,fail_only
d4j-Mockito-3,4,1,1.0,0.3333333333333333,1.0,1.0,3.0,fail_only
d4j-Mockito-4,4,1,0.0,0.3333333333333333,1.0,0.5,6.0,fail_only
d4j-Mockito-5,8,1,0.0,0.3333333333333333,1.0,0.5,6.0,fail_only
d4j-Mockito-6,6,1,0.0,0.0,1.0,0.2,15.0,fail_only
d4j-Mockito-7,6,1,1.0,0.3333333333333333,1.0,1.0,3.0,fail_only
d4j-Mockito-8,5,1,0.0,0.0,1.0,0.25,12.0,fail_only
d4j-Mockito-9,6,1,0.0,0.0,1.0,0.2,15.0,fail_only
d4j-Mockito-10,7,1,0.0,0.3333333333333333,1.0,0.5,6.0,fail_only
d4j-Mockito-11,8,1,0.0,0.3333333333333333,1.0,0.5,6.0,fail_only
d4j-Mockito-12,7,1,0.0,0.3333333333333333,1.0,0.3333333333333333,9.0,fail_only
d4j-Mockito-13,5,1,0.0,0.0,1.0,0.2,15.0,fail_only
d4j-Mockito-14,5,2,0.0,0.3333333333333333,1.0,0.5,6.0,fail_only
d4j-Mockito-15,4,1,0.0,0.3333333333333333,1.0,0.5,6.0,fail_only
d4j-Mockito-16,6,2,1.0,0.6666666666666666,1.0,1.0,3.0,fail_only
d4j-Mockito-17,4,2,1.0,0.6666666666666666,1.0,1.0,3.0,fail_only
d4j-Mockito-18,5,1,0.0,0.3333333333333333,1.0,0.3333333333333333,9.0,fail_only
d4j-Mockito-19,7,5,1.0,1.0,0.6,1.0,3.0,fail_only
d4j-Mockito-20,6,1,0.0,0.3333333333333333,1.0,0.5,6.0,fail_only
d4j-Mockito-21,5,1,0.0,0.3333333333333333,1.0,0.3333333333333333,9.0,fail_only
d4j-Mockito-22,5,1,0.0,0.3333333333333333,1.0,0.3333333333333333,9.0,fail_only
d4j-Mockito-23,7,1,0.0,0.0,0.0,0.16666666666666666,18.0,fail_only
d4j-Mockito-24,6,1,0.0,0.3333333333333333,1.0,0.5,6.0,fail_only
d4j-Mockito-25,4,1,1.0,0.3333333333333333,1.0,1.0,3.0,fail_only
d4j-Mockito-26,3,1,0.0,0.3333333333333333,1.0,0.3333333333333333,9.0,fail_only
d4j-Mockito-27,3,1,1.0,0.3333333333333333,1.0,1.0,3.0,fail_only
d4j-Mockito-28,6,1,1.0,0.3333333333333333,1.0,1.0,3.0,fail_only
d4j-Mockito-29,4,1,0.0,0.0,1.0,0.25,12.0,fail_only
d4j-Mockito-30,8,2,1.0,0.6666666666666666,1.0,1.0,3.0,fail_only
d4j-Mockito-31,3,1,0.0,0.3333333333333333,1.0,0.5,6.0,fail_only
d4j-Mockito-32,6,1,0.0,0.0,0.0,0.16666666666666666,18.0,fail_only
d4j-Mockito-33,7,1,0.0,0.0,0.0,0.14285714285714285,21.0,fail_only
d4j-Mockito-34,8,1,0.0,0.3333333333333333,1.0,0.5,6.0,fail_only
d4j-Mockito-35,6,1,0.0,0.0,0.0,0.16666666666666666,18.0,fail_only
d4j-Mockito-36,3,1,1.0,0.3333333333333333,1.0,1.0,3.0,fail_only
d4j-Mockito-37,6,1,0.0,0.3333333333333333,1.0,0.3333333333333333,9.0,fail_only
d4j-Mockito-38,1,1,1.0,1.0,1.0,1.0,3.0,fail_only
d4j-Time-1,5,2,0.0,0.3333333333333333,1.0,0.5,6.0,fail_only
d4j-Time-2,5,2,1.0,0.6666666666666666,1.0,1.0,3.0,fail_only
d4j-Time-3,8,1,0.0,0.0,1.0,0.2,15.0,fail_only
d4j-Time-4,4,1,0.0,0.3333333333333333,1.0,0.5,6.0,fail_only
d4j-Time-5,6,1,0.0,0.3333333333333333,1.0,0.3333333333333333,9.0,fail_only
d4j-Time-6,4,1,1.0,0.3333333333333333,1.0,1.0,3.0,fail_only
d4j-Time-7,4,1,0.0,0.0,1.0,0.25,12.0,fail_only
d4j-Time-8,4,1,0.0,0.3333333333333333,1.0,0.5,6.0,fail_only
d4j-Time-9,3,1,0.0,0.3333333333333333,1.0,0.3333333333333333,9.0,fail_only
d4j-Time-10,7,1,1.0,0.3333333333333333,1.0,1.0,3.0,fail_only
d4j-Time-11,6,1,0.0,0.0,1.0,0.25,12.0,fail_only
d4j-Time-12,4,2,0.0,0.3333333333333333,1.0,0.3333333333333333,9.0,fail_only
d4j-Time-13,5,1,0.0,0.0,1.0,0.25,12.0,fail_only
d4j-Time-14,4,1,0.0,0.3333333333333333,1.0,0.3333333333333333,9.0,fail_only
d4j-Time-15,5,1,1.0,0.3333333333333333,1.0,1.0,3.0,fail_only
d4j-Time-16,8,1,0.0,0.0,0.0,0.16666666666666666,18.0,fail_only
d4j-Time-17,4,1,1.0,0.3333333333333333,1.0,1.0,3.0,fail_only
d4j-Time-18,7,1,0.0,0.0,0.0,0.16666666666666666,18.0,fail_only
d4j-Time-19,6,1,0.0,0.0,1.0,0.2,15.0,fail_only
d4j-Time-20,6,1,1.0,0.3333333333333333,1.0,1.0,3.0,fail_only
d4j-Time-22,8,1,0.0,0.0,1.0,0.2,15.0,fail_only
d4j-Time-23,4,1,0.0,0.3333333333333333,1.0,0.5,6.0,fail_only
d4j-Time-24,3,1,0.0,0.3333333333333333,1.0,0.5,6.0,fail_only
d4j-Time-25,3,1,0.0,0.3333333333333333,1.0,0.3333333333333333,9.0,fail_only
d4j-Time-26,8,3,0.0,0.0,0.3333333333333333,0.2,15.0,fail_only
d4j-Time-27,8,1,0.0,0.3333333333333333,1.0,0.3333333333333333,9.0,fail_only
bip-PySnooper-1,3,2,1.0,0.6666666666666666,1.0,1.0,3.0,fail_only
bip-PySnooper-2,3,1,0.0,0.3333333333333333,1.0,0.3333333333333333,9.0,fail_only
bip-PySnooper-3,3,1,0.0,0.3333333333333333,1.0,0.5,6.0,fail_only
bip-ansible-1,5,1,1.0,0.3333333333333333,1.0,1.0,3.0,fail_only
bip-ansible-2,3,1,0.0,0.3333333333333333,1.0,0.5,6.0,fail_only
bip-ansible-3,4,1,0.0,0.0,1.0,0.25,12.0,fail_only
bip-ansible-4,4,1,1.0,0.3333333333333333,1.0,1.0,3.0,fail_only
bip-ansible-5,7,1,0.0,0.3333333333333333,1.0,0.5,6.0,fail_only
bip-ansible-6,7,1,0.0,0.0,0.0,0.14285714285714285,21.0,fail_only
bip-ansible-7,3,1,1.0,0.3333333333333333,1.0,1.0,3.0,fail_only
bip-ansible-8,7,1,0.0,0.0,1.0,0.2,15.0,fail_only
bip-ansible-9,3,1,0.0,0.3333333333333333,1.0,0.5,6.0,fail_only
bip-ansible-10,5,1,0.0,0.0,1.0,0.25,12.0,fail_only
bip-ansible-11,4,1,0.0,0.3333333333333333,1.0,0.3333333333333333,9.0,fail_only
bip-ansible-12,5,1,0.0,0.0,1.0,0.25,12.0,fail_only
bip-ansible-13,7,2,0.0,0.3333333333333333,0.5,0.5,6.0,fail_only
bip-ansible-14,5,1,0.0,0.3333333333333333,1.0,0.3333333333333333,9.0,fail_only
bip-ansible-15,5,1,0.0,0.0,1.0,0.25,12.0,fail_only
bip-ansible-16,3,1,0.0,0.3333333333333333,1.0,0.3333333333333333,9.0,fail_only
bip-ansible-17,5,1,1.0,0.3333333333333333,1.0,1.0,3.0,fail_only
bip-ansible-18,8,1,0.0,0.0,1.0,0.25,12.0,fail_only
bip-black-1,4,1,0.0,0.0,1.0,0.25,12.0,fail_only
bip-black-2,4,1,0.0,0.3333333333333333,1.0,0.3333333333333333,9.0,fail_only
bip-black-3,3,1,0.0,0.3333333333333333,1.0,0.5,6.0,fail_only
bip-black-4,3,1,0.0,0.3333333333333333,1.0,0.5,6.0,fail_only
bip-black-5,3,1,0.0,0.3333333333333333,1.0,0.5,6.0,fail_only
bip-black-6,4,3,1.0,1.0,1.0,1.0,3.0,fail_only
bip-black-7,4,1,0.0,0.3333333333333333,1.0,0.3333333333333333,9.0,fail_only
bip-black-8,4,1,0.0,0.3333333333333333,1.0,0.5,6.0,fail_only
bip-black-9,4,1,0.0,0.3333333333333333,1.0,0.3333333333333333,9.0,fail_only
bip-black-10,4,1,0.0,0.3333333333333333,1.0,0.3333333333333333,9.0,fail_only
bip-black-11,3,1,0.0,0.3333333333333333,1.0,0.3333333333333333,9.0,fail_only
bip-black-12,4,1,0.0,0.3333333333333333,1.0,0.5,6.0,fail_only
bip-black-13,4,1,0.0,0.3333333333333333,1.0,0.3333333333333333,9.0,fail_only
bip-black-14,3,1,0.0,0.3333333333333333,1.0,0.3333333333333333,9.0,fail_only
bip-black-15,4,1,0.0,0.3333333333333333,1.0,0.3333333333333333,9.0,fail_only
bip-black-16,4,1,0.0,0.0,1.0,0.25,12.0,fail_only
bip-black-17,4,1,0.0,0.3333333333333333,1.0,0.5,6.0,fail_only
bip-black-18,4,1,1.0,0.3333333333333333,1.0,1.0,3.0,fail_only
bip-black-19,3,1,0.0,0.3333333333333333,1.0,0.3333333333333333,9.0,fail_only
bip-black-20,4,1,0.0,0.3333333333333333,1.0,0.5,6.0,fail_only
bip-black-21,4,1,0.0,0.3333333333333333,1.0,0.5,6.0,fail_only
bip-black-22,4,1,1.0,0.3333333333333333,1.0,1.0,3.0,fail_only
bip-black-23,4,2,1.0,0.6666666666666666,1.0,1.0,3.0,fail_only
bip-cookiecutter-1,4,1,0.0,0.3333333333333333,1.0,0.3333333333333333,9.0,fail_only
bip-cookiecutter-2,4,1,1.0,0.3333333333333333,1.0,1.0,3.0,fail_only
bip-cookiecutter-3,4,1,0.0,0.3333333333333333,1.0,0.5,6.0,fail_only
bip-cookiecutter-4,4,3,1.0,0.6666666666666666,1.0,1.0,3.0,fail_only
bip-fastapi-1,4,4,1.0,1.0,1.0,1.0,3.0,fail_only
bip-fastapi-2,7,1,0.0,0.0,0.0,0.16666666666666666,18.0,fail_only
bip-fastapi-3,5,1,0.0,0.3333333333333333,1.0,0.3333333333333333,9.0,fail_only
bip-fastapi-4,3,1,0.0,0.3333333333333333,1.0,0.5,6.0,fail_only
bip-fastapi-5,3,1,1.0,0.3333333333333333,1.0,1.0,3.0,fail_only
bip-fastapi-6,5,1,0.0,0.0,1.0,0.25,12.0,fail_only
bip-fastapi-7,5,1,0.0,0.0,1.0,0.2,15.0,fail_only
bip-fastapi-8,4,1,0.0,0.3333333333333333,1.0,0.3333333333333333,9.0,fail_only
bip-fastapi-9,3,1,0.0,0.3333333333333333,1.0,0.5,6.0,fail_only
bip-fastapi-10,8,1,0.0,0.3333333333333333,1.0,0.3333333333333333,9.0,fail_only
bip-fastapi-11,6,1,0.0,0.3333333333333333,1.0,0.5,6.0,fail_only
bip-fastapi-12,5,1,0.0,0.3333333333333333,1.0,0.5,6.0,fail_only
bip-fastapi-13,5,1,0.0,0.3333333333333333,1.0,0.3333333333333333,9.0,fail_only
bip-fastapi-14,7,1,0.0,0.0,1.0,0.25,12.0,fail_only
bip-fastapi-15,7,1,0.0,0.0,1.0,0.25,12.0,fail_only
bip-fastapi-16,7,1,0.0,0.0,0.0,0.14285714285714285,21.0,fail_only
bip-httpie-1,4,1,0.0,0.0,1.0,0.25,12.0,fail_only
bip-httpie-2,6,2,0.0,0.3333333333333333,0.5,0.3333333333333333,9.0,fail_only
bip-httpie-3,5,1,0.0,0.0,1.0,0.25,12.0,fail_only
bip-httpie-4,4,1,0.0,0.3333333333333333,1.0,0.3333333333333333,9.0,fail_only
bip-httpie-5,5,1,0.0,0.0,1.0,0.25,12.0,fail_only
bip-keras-1,8,3,1.0,0.6666666666666666,0.6666666666666666,1.0,3.0,fail_only
bip-keras-2,5,1,0.0,0.3333333333333333,1.0,0.3333333333333333,9.0,fail_only
bip-keras-3,7,1,0.0,0.3333333333333333,1.0,0.3333333333333333,9.0,fail_only
bip-keras-4,4,1,0.0,0.0,1.0,0.25,12.0,fail_only
bip-keras-5,5,1,0.0,0.3333333333333333,1.0,0.3333333333333333,9.0,fail_only
bip-keras-6,6,1,0.0,0.3333333333333333,1.0,0.3333333333333333,9.0,fail_only
bip-keras-7,4,1,0.0,0.3333333333333333,1.0,0.5,6.0,fail_only
bip-keras-8,7,1,0.0,0.0,0.0,0.16666666666666666,18.0,fail_only
bip-keras-9,3,1,1.0,0.3333333333333333,1.0,1.0,3.0,fail_only
bip-keras-10,8,1,0.0,0.0,1.0,0.25,12.0,fail_only
bip-keras-11,4,3,0.0,0.6666666666666666,1.0,0.5,6.0,fail_only
bip-keras-13,4,1,0.0,0.3333333333333333,1.0,0.3333333333333333,9.0,fail_only
bip-keras-14,7,1,1.0,0.3333333333333333,1.0,1.0,3.0,fail_only
bip-keras-15,6,1,0.0,0.0,0.0,0.16666666666666666,18.0,fail_only
bip-keras-16,5,1,1.0,0.3333333333333333,1.0,1.0,3.0,fail_only
bip-keras-17,8,1,1.0,0.3333333333333333,1.0,1.0,3.0,fail_only
bip-keras-18,7,1,0.0,0.0,1.0,0.25,12.0,fail_only
bip-keras-19,6,2,0.0,0.3333333333333333,1.0,0.5,6.0,fail_only
bip-keras-20,6,5,1.0,0.6666666666666666,0.8,1.0,3.0,fail_only
bip-keras-21,4,1,0.0,0.3333333333333333,1.0,0.3333333333333333,9.0,fail_only
bip-keras-22,6,1,0.0,0.0,1.0,0.25,12.0,fail_only
bip-keras-23,6,1,0.0,0.3333333333333333,1.0,0.3333333333333333,9.0,fail_only
bip-keras-24,6,1,0.0,0.0,1.0,0.25,12.0,fail_only
bip-keras-25,6,1,0.0,0.0,0.0,0.16666666666666666,18.0,fail_only
bip-keras-26,8,1,0.0,0.0,1.0,0.25,12.0,fail_only
bip-keras-27,3,1,0.0,0.3333333333333333,1.0,0.3333333333333333,9.0,fail_only
bip-keras-28,6,1,0.0,0.0,1.0,0.2,15.0,fail_only
bip-keras-29,6,1,1.0,0.3333333333333333,1.0,1.0,3.0,fail_only
bip-keras-30,8,1,1.0,0.3333333333333333,1.0,1.0,3.0,fail_only
bip-keras-31,6,1,0.0,0.0,1.0,0.25,12.0,fail_only
bip-keras-32,7,1,1.0,0.3333333333333333,1.0,1.0,3.0,fail_only
bip-keras-33,8,1,0.0,0.0,0.0,0.16666666666666666,18.0,fail_only
bip-keras-34,8,2,0.0,0.0,0.5,0.25,12.0,fail_only
bip-keras-35,3,1,1.0,0.3333333333333333,1.0,1.0,3.0,fail_only
bip-keras-36,3,1,1.0,0.3333333333333333,1.0,1.0,3.0,fail_only
bip-keras-37,8,2,0.0,0.3333333333333333,1.0,0.5,6.0,fail_only
bip-keras-38,4,1,0.0,0.3333333333333333,1.0,0.5,6.0,fail_only
bip-keras-39,7,1,0.0,0.0,1.0,0.2,15.0,fail_only
bip-keras-40,7,1,0.0,0.0,0.0,0.14285714285714285,21.0,fail_only
bip-keras-41,8,1,0.0,0.3333333333333333,1.0,0.5,6.0,fail_only
bip-keras-42,6,2,1.0,0.6666666666666666,1.0,1.0,3.0,fail_only
bip-keras-43,4,1,0.0,0.0,1.0,0.25,12.0,fail_only
bip-keras-44,6,1,0.0,0.0,0.0,0.16666666666666666,18.0,fail_only
bip-keras-45,7,1,0.0,0.3333333333333333,1.0,0.3333333333333333,9.0,fail_only
bip-luigi-1,7,1,0.0,0.3333333333333333,1.0,0.5,6.0,fail_only
bip-luigi-2,4,1,0.0,0.3333333333333333,1.0,0.5,6.0,fail_only
bip-luigi-3,6,1,0.0,0.0,0.0,0.16666666666666666,18.0,fail_only
bip-luigi-4,8,1,0.0,0.0,0.0,0.16666666666666666,18.0,fail_only
bip-luigi-5,5,1,0.0,0.3333333333333333,1.0,0.5,6.0,fail_only
bip-luigi-6,3,1,0.0,0.3333333333333333,1.0,0.3333333333333333,9.0,fail_only
bip-luigi-7,5,1,1.0,0.3333333333333333,1.0,1.0,3.0,fail_only
bip-luigi-8,8,1,0.0,0.0,0.0,0.14285714285714285,21.0,fail_only
bip-luigi-9,8,1,0.0,0.0,1.0,0.2,15.0,fail_only
bip-luigi-10,4,1,0.0,0.0,1.0,0.25,12.0,fail_only
bip-luigi-11,6,1,0.0,0.3333333333333333,1.0,0.5,6.0,fail_only
bip-luigi-12,4,1,0.0,0.3333333333333333,1.0,0.3333333333333333,9.0,fail_only
bip-luigi-13,7,1,0.0,0.0,0.0,0.16666666666666666,18.0,fail_only
bip-luigi-14,5,1,1.0,0.3333333333333333,1.0,1.0,3.0,fail_only
bip-luigi-15,8,1,0.0,0.0,1.0,0.2,15.0,fail_only
bip-luigi-16,7,1,1.0,0.3333333333333333,1.0,1.0,3.0,fail_only
bip-luigi-17,4,1,0.0,0.3333333333333333,1.0,0.3333333333333333,9.0,fail_only
bip-luigi-18,7,1,0.0,0.0,1.0,0.2,15.0,fail_only
bip-luigi-19,3,1,0.0,0.3333333333333333,1.0,0.3333333333333333,9.0,fail_only
bip-luigi-20,7,1,0.0,0.0,0.0,0.16666666666666666,18.0,fail_only
bip-luigi-21,3,1,0.0,0.3333333333333333,1.0,0.5,6.0,fail_only
bip-luigi-22,7,1,0.0,0.0,0.0,0.16666666666666666,18.0,fail_only
bip-luigi-23,8,2,0.0,0.3333333333333333,0.5,0.5,6.0,fail_only
bip-luigi-24,7,1,0.0,0.0,0.0,0.14285714285714285,21.0,fail_only
bip-luigi-25,4,1,0.0,0.3333333333333333,1.0,0.3333333333333333,9.0,fail_only
bip-luigi-26,7,1,0.0,0.0,0.0,0.16666666666666666,18.0,fail_only
bip-luigi-27,5,1,0.0,0.0,1.0,0.2,15.0,fail_only
bip-luigi-28,7,1,1.0,0.3333333333333333,1.0,1.0,3.0,fail_only
bip-luigi-29,3,1,0.0,0.3333333333333333,1.0,0.3333333333333333,9.0,fail_only
bip-luigi-30,5,1,0.0,0.0,1.0,0.25,12.0,fail_only
bip-luigi-31,4,1,0.0,0.0,1.0,0.25,12.0,fail_only
bip-luigi-32,3,1,0.0,0.3333333333333333,1.0,0.5,6.0,fail_only
bip-luigi-33,8,1,0.0,0.0,1.0,0.2,15.0,fail_only
bip-matplotlib-1,4,3,1.0,0.6666666666666666,1.0,1.0,3.0,fail_only
bip-matplotlib-2,8,1,1.0,0.3333333333333333,1.0,1.0,3.0,fail_only
bip-matplotlib-3,3,1,0.0,0.3333333333333333,1.0,0.5,6.0,fail_only
bip-matplotlib-4,6,2,0.0,0.3333333333333333,1.0,0.3333333333333333,9.0,fail_only
bip-matplotlib-5,8,1,0.0,0.3333333333333333,1.0,0.5,6.0,fail_only
bip-matplotlib-6,4,1,1.0,0.3333333333333333,1.0,1.0,3.0,fail_only
bip-matplotlib-7,4,1,0.0,0.3333333333333333,1.0,0.5,6.0,fail_only
bip-matplotlib-8,5,1,0.0,0.3333333333333333,1.0,0.3333333333333333,9.0,fail_only
bip-matplotlib-9,4,1,1.0,0.3333333333333333,1.0,1.0,3.0,fail_only
bip-matplotlib-10,7,1,0.0,0.0,1.0,0.25,12.0,fail_only
bip-matplotlib-11,6,1,1.0,0.3333333333333333,1.0,1.0,3.0,fail_only
bip-matplotlib-12,7,1,0.0,0.0,0.0,0.14285714285714285,21.0,fail_only
bip-matplotlib-13,4,1,1.0,0.3333333333333333,1.0,1.0,3.0,fail_only
bip-matplotlib-14,5,1,0.0,0.3333333333333333,1.0,0.5,6.0,fail_only
bip-matplotlib-15,7,4,0.0,0.3333333333333333,0.5,0.3333333333333333,9.0,fail_only
bip-matplotlib-16,8,1,0.0,0.0,0.0,0.14285714285714285,21.0,fail_only
bip-matplotlib-17,4,1,0.0,0.3333333333333333,1.0,0.3333333333333333,9.0,fail_only
bip-matplotlib-18,6,1,0.0,0.0,1.0,0.25,12.0,fail_only
bip-matplotlib-19,5,1,0.0,0.3333333333333333,1.0,0.5,6.0,fail_only
bip-matplotlib-20,5,2,0.0,0.0,1.0,0.25,12.0,fail_only
bip-matplotlib-21,8,1,0.0,0.0,0.0,0.125,24.0,fail_only
bip-matplotlib-22,7,1,0.0,0.0,0.0,0.16666666666666666,18.0,fail_only
bip-matplotlib-23,3,1,0.0,0.3333333333333333,1.0,0.5,6.0,fail_only
bip-matplotlib-24,5,1,1.0,0.3333333333333333,1.0,1.0,3.0,fail_only
bip-matplotlib-25,4,1,1.0,0.3333333333333333,1.0,1.0,3.0,fail_only
bip-matplotlib-26,8,1,0.0,0.3333333333333333,1.0,0.5,6.0,fail_only
bip-matplotlib-27,3,1,0.0,0.3333333333333333,1.0,0.3333333333333333,9.0,fail_only
bip-matplotlib-28,6,1,1.0,0.3333333333333333,1.0,1.0,3.0,fail_only
bip-matplotlib-29,7,1,0.0,0.3333333333333333,1.0,0.3333333333333333,9.0,fail_only
bip-matplotlib-30,7,1,0.0,0.3333333333333333,1.0,0.3333333333333333,9.0,fail_only
bip-pandas-1,7,1,0.0,0.3333333333333333,1.0,0.3333333333333333,9.0,fail_only
bip-pandas-2,5,1,0.0,0.3333333333333333,1.0,0.3333333333333333,9.0,fail_only
bip-pandas-3,8,1,0.0,0.3333333333333333,1.0,0.5,6.0,fail_only
bip-pandas-4,4,1,0.0,0.3333333333333333,1.0,0.5,6.0,fail_only
bip-pandas-5,8,1,0.0,0.3333333333333333,1.0,0.3333333333333333,9.0,fail_only
bip-pandas-6,8,1,0.0,0.0,1.0,0.25,12.0,fail_only
bip-pandas-7,6,1,0.0,0.3333333333333333,1.0,0.5,6.0,fail_only
bip-pandas-8,4,1,0.0,0.3333333333333333,1.0,0.5,6.0,fail_only
bip-pandas-9,3,2,1.0,0.6666666666666666,1.0,1.0,3.0,fail_only
bip-pandas-10,8,1,0.0,0.0,0.0,0.16666666666666666,18.0,fail_only
bip-pandas-11,4,1,0.0,0.3333333333333333,1.0,0.3333333333333333,9.0,fail_only
bip-pandas-12,7,1,0.0,0.0,0.0,0.16666666666666666,18.0,fail_only
bip-pandas-13,4,1,0.0,0.3333333333333333,1.0,0.5,6.0,fail_only
bip-pandas-14,8,1,1.0,0.3333333333333333,1.0,1.0,3.0,fail_only
bip-pandas-15,8,1,1.0,0.3333333333333333,1.0,1.0,3.0,fail_only
bip-pandas-16,3,1,1.0,0.3333333333333333,1.0,1.0,3.0,fail_only
bip-pandas-17,8,1,0.0,0.0,1.0,0.2,15.0,fail_only
bip-pandas-18,7,2,1.0,0.3333333333333333,1.0,1.0,3.0,fail_only
bip-pandas-19,7,1,0.0,0.0,1.0,0.2,15.0,fail_only
bip-pandas-20,3,1,0.0,0.3333333333333333,1.0,0.5,6.0,fail_only
bip-pandas-21,6,1,0.0,0.0,1.0,0.25,12.0,fail_only
bip-pandas-22,3,2,1.0,0.6666666666666666,1.0,1.0,3.0,fail_only
bip-pandas-23,7,1,1.0,0.3333333333333333,1.0,1.0,3.0,fail_only
bip-pandas-24,4,1,0.0,0.0,1.0,0.25,12.0,fail_only
bip-pandas-25,6,1,0.0,0.3333333333333333,1.0,0.3333333333333333,9.0,fail_only
bip-pandas-26,8,1,1.0,0.3333333333333333,1.0,1.0,3.0,fail_only
bip-pandas-27,3,1,0.0,0.3333333333333333,1.0,0.3333333333333333,9.0,fail_only
bip-pandas-28,4,1,0.0,0.3333333333333333,1.0,0.3333333333333333,9.0,fail_only
bip-pandas-29,4,1,1.0,0.3333333333333333,1.0,1.0,3.0,fail_only
bip-pandas-30,3,1,0.0,0.3333333333333333,1.0,0.5,6.0,fail_only
bip-pandas-31,3,1,1.0,0.3333333333333333,1.0,1.0,3.0,fail_only
bip-pandas-32,7,1,0.0,0.0,0.0,0.14285714285714285,21.0,fail_only
bip-pandas-33,7,1,1.0,0.3333333333333333,1.0,1.0,3.0,fail_only
bip-pandas-34,4,1,0.0,0.3333333333333333,1.0,0.3333333333333333,9.0,fail_only
bip-pandas-35,8,1,0.0,0.0,0.0,0.125,24.0,fail_only
bip-pandas-36,6,1,0.0,0.0,0.0,0.16666666666666666,18.0,fail_only
bip-pandas-37,6,1,0.0,0.0,1.0,0.25,12.0,fail_only
bip-pandas-38,5,1,0.0,0.0,1.0,0.2,15.0,fail_only
bip-pandas-39,4,1,1.0,0.3333333333333333,1.0,1.0,3.0,fail_only
bip-pandas-40,4,1,1.0,0.3333333333333333,1.0,1.0,3.0,fail_only
bip-pandas-41,5,1,0.0,0.0,1.0,0.2,15.0,fail_only
bip-pandas-43,3,1,0.0,0.3333333333333333,1.0,0.5,6.0,fail_only
bip-pandas-44,5,5,1.0,1.0,1.0,1.0,3.0,fail_only
bip-pandas-45,5,1,1.0,0.3333333333333333,1.0,1.0,3.0,fail_only
bip-pandas-46,4,2,1.0,0.3333333333333333,1.0,1.0,3.0,fail_only
bip-pandas-47,8,2,1.0,0.3333333333333333,1.0,1.0,3.0,fail_only
bip-pandas-48,5,1,0.0,0.0,1.0,0.2,15.0,fail_only
bip-pandas-49,5,1,1.0,0.3333333333333333,1.0,1.0,3.0,fail_only
bip-pandas-50,4,1,0.0,0.0,1.0,0.25,12.0,fail_only
bip-pandas-51,5,1,0.0,0.0,1.0,0.25,12.0,fail_only
bip-pandas-52,4,1,0.0,0.0,1.0,0.25,12.0,fail_only
bip-pandas-53,4,2,1.0,0.6666666666666666,1.0,1.0,3.0,fail_only
bip-pandas-54,5,1,0.0,0.3333333333333333,1.0,0.5,6.0,fail_only
bip-pandas-55,3,2,1.0,0.6666666666666666,1.0,1.0,3.0,fail_only
bip-pandas-56,5,1,0.0,0.3333333333333333,1.0,0.5,6.0,fail_only
bip-pandas-57,4,1,0.0,0.0,1.0,0.25,12.0,fail_only
bip-pandas-58,4,1,1.0,0.3333333333333333,1.0,1.0,3.0,fail_only
bip-pandas-59,6,1,0.0,0.3333333333333333,1.0,0.3333333333333333,9.0,fail_only
bip-pandas-60,5,1,0.0,0.3333333333333333,1.0,0.5,6.0,fail_only
bip-pandas-61,3,1,0.0,0.3333333333333333,1.0,0.5,6.0,fail_only
bip-pandas-62,6,2,1.0,0.3333333333333333,1.0,1.0,3.0,fail_only
bip-pandas-63,8,1,0.0,0.3333333333333333,1.0,0.3333333333333333,9.0,fail_only
bip-pandas-64,4,1,0.0,0.0,1.0,0.25,12.0,fail_only
bip-pandas-65,6,2,0.0,0.3333333333333333,1.0,0.5,6.0,fail_only
bip-pandas-66,3,2,0.0,0.6666666666666666,1.0,0.5,6.0,fail_only
bip-pandas-67,3,1,0.0,0.3333333333333333,1.0,0.3333333333333333,9.0,fail_only
bip-pandas-68,3,1,1.0,0.3333333333333333,1.0,1.0,3.0,fail_only
bip-pandas-69,6,1,0.0,0.3333333333333333,1.0,0.3333333333333333,9.0,fail_only
bip-pandas-70,4,2,1.0,0.3333333333333333,1.0,1.0,3.0,fail_only
bip-pandas-71,7,1,0.0,0.0,0.0,0.16666666666666666,18.0,fail_only
bip-pandas-72,8,1,0.0,0.3333333333333333,1.0,0.3333333333333333,9.0,fail_only
bip-pandas-73,7,2,0.0,0.0,0.5,0.25,12.0,fail_only
bip-pandas-74,7,1,0.0,0.3333333333333333,1.0,0.5,6.0,fail_only
bip-pandas-75,8,1,0.0,0.0,1.0,0.25,12.0,fail_only
bip-pandas-76,3,1,0.0,0.3333333333333333,1.0,0.5,6.0,fail_only
bip-pandas-77,5,1,0.0,0.3333333333333333,1.0,0.3333333333333333,9.0,fail_only
bip-pandas-78,3,1,0.0,0.3333333333333333,1.0,0.3333333333333333,9.0,fail_only
bip-pandas-79,6,4,1.0,0.6666666666666666,1.0,1.0,3.0,fail_only
bip-pandas-80,3,3,1.0,1.0,1.0,1.0,3.0,fail_only
bip-pandas-81,5,1,0.0,0.0,1.0,0.25,12.0,fail_only
bip-pandas-82,8,1,1.0,0.3333333333333333,1.0,1.0,3.0,fail_only
bip-pandas-83,6,2,1.0,0.3333333333333333,1.0,1.0,3.0,fail_only
bip-pandas-84,7,1,0.0,0.0,1.0,0.2,15.0,fail_only
bip-pandas-85,8,1,0.0,0.0,0.0,0.125,24.0,fail_only
bip-pandas-86,6,1,0.0,0.3333333333333333,1.0,0.5,6.0,fail_only
bip-pandas-87,8,1,0.0,0.0,1.0,0.25,12.0,fail_only
bip-pandas-88,6,1,0.0,0.3333333333333333,1.0,0.3333333333333333,9.0,fail_only
bip-pandas-89,8,1,0.0,0.0,0.0,0.16666666666666666,18.0,fail_only
bip-pandas-90,4,1,0.0,0.3333333333333333,1.0,0.3333333333333333,9.0,fail_only
bip-pandas-91,4,1,0.0,0.3333333333333333,1.0,0.5,6.0,fail_only
bip-pandas-92,6,3,0.0,0.3333333333333333,0.6666666666666666,0.3333333333333333,9.0,fail_only
bip-pandas-93,4,1,0.0,0.3333333333333333,1.0,0.5,6.0,fail_only
bip-pandas-94,6,1,0.0,0.3333333333333333,1.0,0.3333333333333333,9.0,fail_only
bip-pandas-95,8,1,0.0,0.0,1.0,0.2,15.0,fail_only
bip-pandas-96,3,1,0.0,0.3333333333333333,1.0,0.5,6.0,fail_only
bip-pandas-97,7,1,0.0,0.3333333333333333,1.0,0.3333333333333333,9.0,fail_only
bip-pandas-98,8,1,1.0,0.3333333333333333,1.0,1.0,3.0,fail_only
bip-pandas-99,3,1,0.0,0.3333333333333333,1.0,0.3333333333333333,9.0,fail_only
bip-pandas-100,8,1,0.0,0.0,0.0,0.125,24.0,fail_only
bip-pandas-101,8,1,0.0,0.0,0.0,0.14285714285714285,21.0,fail_only
bip-pandas-102,6,1,0.0,0.0,1.0,0.2,15.0,fail_only
bip-pandas-103,8,2,1.0,0.3333333333333333,0.5,1.0,3.0,fail_only
bip-pandas-104,5,1,0.0,0.3333333333333333,1.0,0.5,6.0,fail_only
bip-pandas-105,8,2,0.0,0.0,0.0,0.14285714285714285,21.0,fail_only
bip-pandas-106,8,1,0.0,0.0,0.0,0.14285714285714285,21.0,fail_only
bip-pandas-107,8,1,0.0,0.0,0.0,0.14285714285714285,21.0,fail_only
bip-pandas-108,4,1,0.0,0.3333333333333333,1.0,0.3333333333333333,9.0,fail_only
bip-pandas-109,4,1,0.0,0.3333333333333333,1.0,0.5,6.0,fail_only
bip-pandas-110,3,2,1.0,0.6666666666666666,1.0,1.0,3.0,fail_only
bip-pandas-111,5,2,0.0,0.3333333333333333,1.0,0.5,6.0,fail_only
bip-pandas-112,6,1,1.0,0.3333333333333333,1.0,1.0,3.0,fail_only
bip-pandas-113,3,1,0.0,0.3333333333333333,1.0,0.3333333333333333,9.0,fail_only
bip-pandas-114,5,1,0.0,0.0,1.0,0.2,15.0,fail_only
bip-pandas-115,5,1,0.0,0.3333333333333333,1.0,0.3333333333333333,9.0,fail_only
bip-pandas-116,6,1,0.0,0.3333333333333333,1.0,0.3333333333333333,9.0,fail_only
bip-pandas-117,5,1,0.0,0.3333333333333333,1.0,0.3333333333333333,9.0,fail_only
bip-pandas-118,6,1,0.0,0.0,1.0,0.25,12.0,fail_only
bip-pandas-119,6,1,0.0,0.0,0.0,0.16666666666666666,18.0,fail_only
bip-pandas-120,8,2,0.0,0.3333333333333333,0.5,0.3333333333333333,9.0,fail_only
bip-pandas-121,5,2,1.0,0.3333333333333333,1.0,1.0,3.0,fail_only
bip-pandas-122,6,1,0.0,0.0,1.0,0.2,15.0,fail_only
bip-pandas-123,5,3,0.0,0.6666666666666666,1.0,0.5,6.0,fail_only
bip-pandas-124,5,1,0.0,0.3333333333333333,1.0,0.3333333333333333,9.0,fail_only
bip-pandas-125,4,2,1.0,0.6666666666666666,1.0,1.0,3.0,fail_only
bip-pandas-126,6,1,1.0,0.3333333333333333,1.0,1.0,3.0,fail_only
bip-pandas-127,6,1,0.0,0.3333333333333333,1.0,0.3333333333333333,9.0,fail_only
bip-pandas-128,5,1,0.0,0.3333333333333333,1.0,0.5,6.0,fail_only
bip-pandas-129,3,1,1.0,0.3333333333333333,1.0,1.0,3.0,fail_only
bip-pandas-130,6,1,0.0,0.0,1.0,0.2,15.0,fail_only
bip-pandas-131,6,1,0.0,0.0,1.0,0.25,12.0,fail_only
bip-pandas-132,7,2,0.0,0.0,1.0,0.25,12.0,fail_only
bip-pandas-133,3,1,1.0,0.3333333333333333,1.0,1.0,3.0,fail_only
bip-pandas-134,3,1,1.0,0.3333333333333333,1.0,1.0,3.0,fail_only
bip-pandas-135,4,1,0.0,0.3333333333333333,1.0,0.5,6.0,fail_only
bip-pandas-136,8,1,0.0,0.3333333333333333,1.0,0.3333333333333333,9.0,fail_only
bip-pandas-137,5,1,0.0,0.0,1.0,0.2,15.0,fail_only
bip-pandas-138,4,1,0.0,0.0,1.0,0.25,12.0,fail_only
bip-pandas-139,6,1,0.0,0.0,1.0,0.25,12.0,fail_only
bip-pandas-140,4,1,0.0,0.3333333333333333,1.0,0.3333333333333333,9.0,fail_only
bip-pandas-141,4,1,1.0,0.3333333333333333,1.0,1.0,3.0,fail_only
bip-pandas-142,4,1,1.0,0.3333333333333333,1.0,1.0,3.0,fail_only
bip-pandas-143,5,1,0.0,0.0,1.0,0.2,15.0,fail_only
bip-pandas-144,4,1,0.0,0.3333333333333333,1.0,0.3333333333333333,9.0,fail_only
bip-pandas-145,8,1,0.0,0.3333333333333333,1.0,0.3333333333333333,9.0,fail_only
bip-pandas-146,8,2,0.0,0.6666666666666666,1.0,0.5,6.0,fail_only
bip-pandas-147,4,1,0.0,0.3333333333333333,1.0,0.3333333333333333,9.0,fail_only
bip-pandas-148,6,1,0.0,0.0,1.0,0.25,12.0,fail_only
bip-pandas-149,8,1,1.0,0.3333333333333333,1.0,1.0,3.0,fail_only
bip-pandas-150,8,1,0.0,0.0,1.0,0.2,15.0,fail_only
bip-pandas-151,8,1,0.0,0.3333333333333333,1.0,0.5,6.0,fail_only
bip-pandas-152,6,1,0.0,0.0,0.0,0.16666666666666666,18.0,fail_only
bip-pandas-153,4,1,0.0,0.0,1.0,0.25,12.0,fail_only
bip-pandas-154,3,1,0.0,0.3333333333333333,1.0,0.3333333333333333,9.0,fail_only
bip-pandas-155,7,1,0.0,0.0,1.0,0.2,15.0,fail_only
bip-pandas-156,5,1,1.0,0.3333333333333333,1.0,1.0,3.0,fail_only
bip-pandas-157,5,1,0.0,0.3333333333333333,1.0,0.3333333333333333,9.0,fail_only
bip-pandas-158,3,1,0.0,0.3333333333333333,1.0,0.3333333333333333,9.0,fail_only
bip-pandas-159,4,1,1.0,0.3333333333333333,1.0,1.0,3.0,fail_only
bip-pandas-160,6,1,0.0,0.0,1.0,0.2,15.0,fail_only
bip-pandas-161,4,1,0.0,0.0,1.0,0.25,12.0,fail_only
bip-pandas-162,3,1,0.0,0.3333333333333333,1.0,0.5,6.0,fail_only
bip-pandas-163,6,1,1.0,0.3333333333333333,1.0,1.0,3.0,fail_only
bip-pandas-164,5,1,0.0,0.3333333333333333,1.0,0.3333333333333333,9.0,fail_only
bip-pandas-165,7,1,0.0,0.3333333333333333,1.0,0.3333333333333333,9.0,fail_only
bip-pandas-166,8,1,0.0,0.3333333333333333,1.0,0.5,6.0,fail_only
bip-pandas-167,5,4,1.0,1.0,1.0,1.0,3.0,fail_only
bip-pandas-168,8,1,0.0,0.0,0.0,0.14285714285714285,21.0,fail_only
bip-pandas-169,7,1,1.0,0.3333333333333333,1.0,1.0,3.0,fail_only
bip-sanic-1,4,1,0.0,0.0,1.0,0.25,12.0,fail_only
bip-sanic-2,4,1,0.0,0.3333333333333333,1.0,0.5,6.0,fail_only
bip-sanic-3,4,1,0.0,0.3333333333333333,1.0,0.5,6.0,fail_only
bip-sanic-4,4,1,1.0,0.3333333333333333,1.0,1.0,3.0,fail_only
bip-sanic-5,3,1,1.0,0.3333333333333333,1.0,1.0,3.0,fail_only
bip-scrapy-1,3,1,1.0,0.3333333333333333,1.0,1.0,3.0,fail_only
bip-scrapy-2,4,1,1.0,0.3333333333333333,1.0,1.0,3.0,fail_only
bip-scrapy-3,3,1,0.0,0.3333333333333333,1.0,0.5,6.0,fail_only
bip-scrapy-4,6,1,0.0,0.3333333333333333,1.0,0.5,6.0,fail_only
bip-scrapy-5,8,1,1.0,0.3333333333333333,1.0,1.0,3.0,fail_only
bip-scrapy-6,8,1,0.0,0.3333333333333333,1.0,0.3333333333333333,9.0,fail_only
bip-scrapy-7,6,1,0.0,0.0,1.0,0.25,12.0,fail_only
bip-scrapy-8,8,1,0.0,0.0,0.0,0.14285714285714285,21.0,fail_only
bip-scrapy-9,5,1,0.0,0.0,1.0,0.25,12.0,fail_only
bip-scrapy-10,5,1,1.0,0.3333333333333333,1.0,1.0,3.0,fail_only
bip-scrapy-11,8,1,0.0,0.0,0.0,0.16666666666666666,18.0,fail_only
bip-scrapy-12,6,1,0.0,0.0,1.0,0.25,12.0,fail_only
bip-scrapy-13,6,1,0.0,0.0,1.0,0.25,12.0,fail_only
bip-scrapy-14,6,1,0.0,0.0,1.0,0.25,12.0,fail_only
bip-scrapy-15,8,1,0.0,0.3333333333333333,1.0,0.3333333333333333,9.0,fail_only
bip-scrapy-16,8,1,0.0,0.0,1.0,0.2,15.0,fail_only
bip-scrapy-17,4,1,0.0,0.3333333333333333,1.0,0.3333333333333333,9.0,fail_only
bip-scrapy-18,7,1,0.0,0.0,0.0,0.16666666666666666,18.0,fail_only
bip-scrapy-19,5,1,0.0,0.3333333333333333,1.0,0.5,6.0,fail_only
bip-scrapy-20,5,1,0.0,0.3333333333333333,1.0,0.5,6.0,fail_only
bip-scrapy-21,4,1,1.0,0.3333333333333333,1.0,1.0,3.0,fail_only
bip-scrapy-22,4,1,0.0,0.0,1.0,0.25,12.0,fail_only
bip-scrapy-23,7,1,0.0,0.3333333333333333,1.0,0.3333333333333333,9.0,fail_only
bip-scrapy-24,6,1,0.0,0.3333333333333333,1.0,0.5,6.0,fail_only
bip-scrapy-25,8,1,0.0,0.0,0.0,0.16666666666666666,18.0,fail_only
bip-scrapy-26,6,1,0.0,0.0,1.0,0.2,15.0,fail_only
bip-scrapy-27,6,1,0.0,0.3333333333333333,1.0,0.5,6.0,fail_only
bip-scrapy-28,5,1,1.0,0.3333333333333333,1.0,1.0,3.0,fail_only
bip-scrapy-29,5,1,0.0,0.3333333333333333,1.0,0.3333333333333333,9.0,fail_only
bip-scrapy-30,6,1,0.0,0.0,0.0,0.16666666666666666,18.0,fail_only
bip-scrapy-31,8,1,0.0,0.0,0.0,0.14285714285714285,21.0,fail_only
bip-scrapy-32,5,1,1.0,0.3333333333333333,1.0,1.0,3.0,fail_only
bip-scrapy-33,7,5,1.0,0.6666666666666666,0.8,1.0,3.0,fail_only
bip-scrapy-34,7,1,0.0,0.3333333333333333,1.0,0.5,6.0,fail_only
bip-scrapy-35,8,1,0.0,0.3333333333333333,1.0,0.5,6.0,fail_only
bip-scrapy-36,8,1,0.0,0.0,0.0,0.16666666666666666,18.0,fail_only
bip-scrapy-37,5,1,0.0,0.0,1.0,0.2,15.0,fail_only
bip-scrapy-38,6,1,0.0,0.0,0.0,0.16666666666666666,18.0,fail_only
bip-scrapy-39,3,1,0.0,0.3333333333333333,1.0,0.5,6.0,fail_only
bip-scrapy-40,3,1,0.0,0.3333333333333333,1.0,0.5,6.0,fail_only
bip-spacy-1,6,1,0.0,0.3333333333333333,1.0,0.3333333333333333,9.0,fail_only
bip-spacy-2,6,1,0.0,0.3333333333333333,1.0,0.3333333333333333,9.0,fail_only
bip-spacy-3,6,1,0.0,0.0,0.0,0.16666666666666666,18.0,fail_only
bip-spacy-4,4,1,0.0,0.3333333333333333,1.0,0.3333333333333333,9.0,fail_only
bip-spacy-5,6,1,0.0,0.3333333333333333,1.0,0.3333333333333333,9.0,fail_only
bip-spacy-6,6,1,0.0,0.3333333333333333,1.0,0.3333333333333333,9.0,fail_only
bip-spacy-7,3,2,0.0,0.6666666666666666,1.0,0.5,6.0,fail_only
bip-spacy-8,3,1,1.0,0.3333333333333333,1.0,1.0,3.0,fail_only
bip-spacy-9,4,1,1.0,0.3333333333333333,1.0,1.0,3.0,fail_only
bip-spacy-10,6,1,0.0,0.3333333333333333,1.0,0.5,6.0,fail_only
bip-thefuck-1,6,1,0.0,0.3333333333333333,1.0,0.3333333333333333,9.0,fail_only
bip-thefuck-2,4,1,0.0,0.3333333333333333,1.0,0.5,6.0,fail_only
bip-thefuck-3,4,1,0.0,0.3333333333333333,1.0,0.5,6.0,fail_only
bip-thefuck-4,4,1,0.0,0.0,1.0,0.25,12.0,fail_only
bip-thefuck-5,8,1,0.0,0.3333333333333333,1.0,0.3333333333333333,9.0,fail_only
bip-thefuck-6,5,1,0.0,0.0,1.0,0.2,15.0,fail_only
bip-thefuck-7,7,1,1.0,0.3333333333333333,1.0,1.0,3.0,fail_only
bip-thefuck-8,5,1,0.0,0.3333333333333333,1.0,0.5,6.0,fail_only
bip-thefuck-9,8,1,0.0,0.3333333333333333,1.0,0.3333333333333333,9.0,fail_only
bip-thefuck-10,3,1,0.0,0.3333333333333333,1.0,0.3333333333333333,9.0,fail_only
bip-thefuck-11,3,1,0.0,0.3333333333333333,1.0,0.3333333333333333,9.0,fail_only
bip-thefuck-12,4,1,0.0,0.3333333333333333,1.0,0.5,6.0,fail_only
bip-thefuck-13,7,1,0.0,0.3333333333333333,1.0,0.5,6.0,fail_only
bip-thefuck-14,5,1,0.0,0.3333333333333333,1.0,0.3333333333333333,9.0,fail_only
bip-thefuck-15,8,1,1.0,0.3333333333333333,1.0,1.0,3.0,fail_only
bip-thefuck-16,4,4,1.0,1.0,1.0,1.0,3.0,fail_only
bip-thefuck-17,6,2,0.0,0.3333333333333333,1.0,0.5,6.0,fail_only
bip-thefuck-18,4,1,0.0,0.3333333333333333,1.0,0.5,6.0,fail_only
bip-thefuck-19,8,1,0.0,0.3333333333333333,1.0,0.3333333333333333,9.0,fail_only
bip-thefuck-20,6,1,0.0,0.3333333333333333,1.0,0.5,6.0,fail_only
bip-thefuck-21,7,1,0.0,0.0,1.0,0.25,12.0,fail_only
bip-thefuck-22,3,1,0.0,0.3333333333333333,1.0,0.5,6.0,fail_only
bip-thefuck-23,5,1,0.0,0.0,1.0,0.2,15.0,fail_only
bip-thefuck-24,8,1,0.0,0.0,0.0,0.14285714285714285,21.0,fail_only
bip-thefuck-25,7,1,0.0,0.0,1.0,0.2,15.0,fail_only
bip-thefuck-26,7,1,0.0,0.3333333333333333,1.0,0.3333333333333333,9.0,fail_only
bip-thefuck-27,3,1,0.0,0.3333333333333333,1.0,0.3333333333333333,9.0,fail_only
bip-thefuck-28,6,1,0.0,0.0,1.0,0.25,12.0,fail_only
bip-thefuck-29,4,1,0.0,0.3333333333333333,1.0,0.5,6.0,fail_only
bip-thefuck-30,4,1,0.0,0.3333333333333333,1.0,0.3333333333333333,9.0,fail_only
bip-thefuck-31,6,1,0.0,0.0,1.0,0.25,12.0,fail_only
bip-thefuck-32,5,1,1.0,0.3333333333333333,1.0,1.0,3.0,fail_only
bip-tornado-1,7,1,0.0,0.0,1.0,0.25,12.0,fail_only
bip-tornado-2,4,1,0.0,0.0,1.0,0.25,12.0,fail_only
bip-tornado-3,3,1,0.0,0.3333333333333333,1.0,0.5,6.0,fail_only
bip-tornado-4,5,1,1.0,0.3333333333333333,1.0,1.0,3.0,fail_only
bip-tornado-5,3,1,0.0,0.3333333333333333,1.0,0.5,6.0,fail_only
bip-tornado-6,3,2,0.0,0.6666666666666666,1.0,0.5,6.0,fail_only
bip-tornado-7,7,1,0.0,0.3333333333333333,1.0,0.3333333333333333,9.0,fail_only
bip-tornado-8,7,1,0.0,0.0,0.0,0.14285714285714285,21.0,fail_only
bip-tornado-9,7,1,0.0,0.0,0.0,0.14285714285714285,21.0,fail_only
bip-tornado-10,5,2,0.0,0.3333333333333333,1.0,0.5,6.0,fail_only
bip-tornado-11,4,1,0.0,0.3333333333333333,1.0,0.5,6.0,fail_only
bip-tornado-12,6,1,0.0,0.3333333333333333,1.0,0.5,6.0,fail_only
bip-tornado-13,4,1,0.0,0.3333333333333333,1.0,0.3333333333333333,9.0,fail_only
bip-tornado-14,3,1,0.0,0.3333333333333333,1.0,0.3333333333333333,9.0,fail_only
bip-tornado-15,4,2,1.0,0.6666666666666666,1.0,1.0,3.0,fail_only
bip-tornado-16,6,1,1.0,0.3333333333333333,1.0,1.0,3.0,fail_only
bip-tqdm-1,4,1,0.0,0.3333333333333333,1.0,0.3333333333333333,9.0,fail_only
bip-tqdm-2,5,2,1.0,0.6666666666666666,1.0,1.0,3.0,fail_only
bip-tqdm-3,4,1,0.0,0.0,1.0,0.25,12.0,fail_only
bip-tqdm-4,5,1,1.0,0.3333333333333333,1.0,1.0,3.0,fail_only
bip-tqdm-5,5,1,1.0,0.3333333333333333,1.0,1.0,3.0,fail_only
bip-tqdm-6,5,1,1.0,0.3333333333333333,1.0,1.0,3.0,fail_only
bip-tqdm-7,5,1,1.0,0.3333333333333333,1.0,1.0,3.0,fail_only
bip-tqdm-8,4,1,0.0,0.3333333333333333,1.0,0.5,6.0,fail_only
bip-tqdm-9,5,1,0.0,0.3333333333333333,1.0,0.5,6.0,fail_only
bip-youtube-dl-1,3,1,0.0,0.3333333333333333,1.0,0.3333333333333333,9.0,fail_only
bip-youtube-dl-2,5,1,0.0,0.0,1.0,0.25,12.0,fail_only
bip-youtube-dl-3,4,1,0.0,0.3333333333333333,1.0,0.3333333333333333,9.0,fail_only
bip-youtube-dl-4,3,1,1.0,0.3333333333333333,1.0,1.0,3.0,fail_only
bip-youtube-dl-5,3,1,0.0,0.3333333333333333,1.0,0.3333333333333333,9.0,fail_only
bip-youtube-dl-6,6,1,0.0,0.0,1.0,0.2,15.0,fail_only
bip-youtube-dl-7,7,1,0.0,0.0,1.0,0.2,15.0,fail_only
bip-youtube-dl-8,3,1,0.0,0.3333333333333333,1.0,0.5,6.0,fail_only
bip-youtube-dl-9,5,1,0.0,0.0,1.0,0.25,12.0,fail_only
bip-youtube-dl-10,7,1,1.0,0.3333333333333333,1.0,1.0,3.0,fail_only
bip-youtube-dl-11,4,1,0.0,0.3333333333333333,1.0,0.3333333333333333,9.0,fail_only
bip-youtube-dl-12,4,1,0.0,0.3333333333333333,1.0,0.3333333333333333,9.0,fail_only
bip-youtube-dl-13,7,1,0.0,0.0,1.0,0.2,15.0,fail_only
bip-youtube-dl-14,4,1,0.0,0.3333333333333333,1.0,0.5,6.0,fail_only
bip-youtube-dl-15,3,1,0.0,0.3333333333333333,1.0,0.5,6.0,fail_only
bip-youtube-dl-16,4,2,0.0,0.3333333333333333,1.0,0.5,6.0,fail_only
bip-youtube-dl-17,8,1,0.0,0.3333333333333333,1.0,0.5,6.0,fail_only
bip-youtube-dl-18,5,1,1.0,0.3333333333333333,1.0,1.0,3.0,fail_only
bip-youtube-dl-19,4,1,0.0,0.3333333333333333,1.0,0.5,6.0,fail_only
bip-youtube-dl-20,4,1,1.0,0.3333333333333333,1.0,1.0,3.0,fail_only
bip-youtube-dl-21,7,1,1.0,0.3333333333333333,1.0,1.0,3.0,fail_only
bip-youtube-dl-22,7,1,0.0,0.0,1.0,0.25,12.0,fail_only
bip-youtube-dl-23,3,1,0.0,0.3333333333333333,1.0,0.5,6.0,fail_only
bip-youtube-dl-24,3,1,0.0,0.3333333333333333,1.0,0.5,6.0,fail_only
bip-youtube-dl-25,3,1,1.0,0.3333333333333333,1.0,1.0,3.0,fail_only
bip-youtube-dl-26,3,1,0.0,0.3333333333333333,1.0,0.3333333333333333,9.0,fail_only
bip-youtube-dl-27,8,1,0.0,0.0,1.0,0.25,12.0,fail_only
bip-youtube-dl-28,8,1,0.0,0.3333333333333333,1.0,0.3333333333333333,9.0,fail_only
bip-youtube-dl-29,7,1,1.0,0.3333333333333333,1.0,1.0,3.0,fail_only
bip-youtube-dl-30,6,1,0.0,0.3333333333333333,1.0,0.5,6.0,fail_only
bip-youtube-dl-31,7,2,0.0,0.0,0.5,0.2,15.0,fail_only
bip-youtube-dl-32,7,2,1.0,0.3333333333333333,0.5,1.0,3.0,fail_only
bip-youtube-dl-33,8,2,0.0,0.0,0.5,0.2,15.0,fail_only
bip-youtube-dl-34,4,1,1.0,0.3333333333333333,1.0,1.0,3.0,fail_only
bip-youtube-dl-35,3,2,0.0,0.6666666666666666,1.0,0.5,6.0,fail_only
bip-youtube-dl-36,4,1,0.0,0.0,1.0,0.25,12.0,fail_only
bip-youtube-dl-37,7,1,0.0,0.0,1.0,0.2,15.0,fail_only
bip-youtube-dl-38,4,2,0.0,0.3333333333333333,1.0,0.5,6.0,fail_only
bip-youtube-dl-39,4,2,1.0,0.6666666666666666,1.0,1.0,3.0,fail_only
bip-youtube-dl-40,5,2,0.0,0.3333333333333333,1.0,0.5,6.0,fail_only
bip-youtube-dl-41,4,1,1.0,0.3333333333333333,1.0,1.0,3.0,fail_only
bip-youtube-dl-42,4,4,1.0,1.0,1.0,1.0,3.0,fail_only
bip-youtube-dl-43,5,1,0.0,0.0,1.0,0.2,15.0,fail_only
d4j-Cli-1,4,1,1.0,0.3333333333333333,1.0,1.0,3.0,fused_rule
d4j-Cli-2,7,1,1.0,0.3333333333333333,1.0,1.0,3.0,fused_rule
d4j-Cli-3,7,1,1.0,0.3333333333333333,1.0,1.0,3.0,fused_rule
d4j-Cli-4,4,1,1.0,0.3333333333333333,1.0,1.0,3.0,fused_rule
d4j-Cli-5,3,1,1.0,0.3333333333333333,1.0,1.0,3.0,fused_rule
d4j-Cli-7,6,1,1.0,0.3333333333333333,1.0,1.0,3.0,fused_rule
d4j-Cli-8,5,1,1.0,0.3333333333333333,1.0,1.0,3.0,fused_rule
d4j-Cli-9,3,1,1.0,0.3333333333333333,1.0,1.0,3.0,fused_rule
d4j-Cli-10,8,1,1.0,0.3333333333333333,1.0,1.0,3.0,fused_rule
d4j-Cli-11,3,1,1.0,0.3333333333333333,1.0,1.0,3.0,fused_rule
d4j-Cli-12,4,1,1.0,0.3333333333333333,1.0,1.0,3.0,fused_rule
d4j-Cli-13,6,3,1.0,1.0,1.0,1.0,3.0,fused_rule
d4j-Cli-14,8,1,1.0,0.3333333333333333,1.0,1.0,3.0,fused_rule
d4j-Cli-15,6,1,1.0,0.3333333333333333,1.0,1.0,3.0,fused_rule
d4j-Cli-16,7,4,1.0,1.0,1.0,1.0,3.0,fused_rule
d4j-Cli-17,5,1,1.0,0.3333333333333333,1.0,1.0,3.0,fused_rule
d4j-Cli-18,4,1,1.0,0.3333333333333333,1.0,1.0,3.0,fused_rule
d4j-Cli-19,5,1,1.0,0.3333333333333333,1.0,1.0,3.0,fused_rule
d4j-Cli-20,8,1,1.0,0.3333333333333333,1.0,1.0,3.0,fused_rule
d4j-Cli-21,3,3,1.0,1.0,1.0,1.0,3.0,fused_rule
d4j-Cli-22,4,1,1.0,0.3333333333333333,1.0,1.0,3.0,fused_rule
d4j-Cli-23,6,1,1.0,0.3333333333333333,1.0,1.0,3.0,fused_rule
d4j-Cli-24,7,1,1.0,0.3333333333333333,1.0,1.0,3.0,fused_rule
d4j-Cli-25,3,1,1.0,0.3333333333333333,1.0,1.0,3.0,fused_rule
d4j-Cli-26,6,1,1.0,0.3333333333333333,1.0,1.0,3.0,fused_rule
d4j-Cli-27,6,1,1.0,0.3333333333333333,1.0,1.0,3.0,fused_rule
d4j-Cli-28,6,1,1.0,0.3333333333333333,1.0,1.0,3.0,fused_rule
d4j-Cli-29,5,1,1.0,0.3333333333333333,1.0,1.0,3.0,fused_rule
d4j-Cli-30,3,2,1.0,0.6666666666666666,1.0,1.0,3.0,fused_rule
d4j-Cli-31,3,3,1.0,1.0,1.0,1.0,3.0,fused_rule
d4j-Cli-32,3,1,1.0,0.3333333333333333,1.0,1.0,3.0,fused_rule
d4j-Cli-33,5,1,1.0,0.3333333333333333,1.0,1.0,3.0,fused_rule
d4j-Cli-34,8,2,1.0,0.6666666666666666,1.0,1.0,3.0,fused_rule
d4j-Cli-35,5,1,1.0,0.3333333333333333,1.0,1.0,3.0,fused_rule
d4j-Cli-36,3,2,1.0,0.6666666666666666,1.0,1.0,3.0,fused_rule
d4j-Cli-37,5,1,1.0,0.3333333333333333,1.0,1.0,3.0,fused_rule
d4j-Cli-38,3,1,1.0,0.3333333333333333,1.0,1.0,3.0,fused_rule
d4j-Cli-39,7,1,1.0,0.3333333333333333,1.0,1.0,3.0,fused_rule
d4j-Cli-40,4,1,1.0,0.3333333333333333,1.0,1.0,3.0,fused_rule
d4j-Closure-1,6,1,1.0,0.3333333333333333,1.0,1.0,3.0,fused_rule
d4j-Closure-2,4,1,1.0,0.3333333333333333,1.0,1.0,3.0,fused_rule
d4j-Closure-3,8,1,1.0,0.3333333333333333,1.0,1.0,3.0,fused_rule
d4j-Closure-4,4,1,1.0,0.3333333333333333,1.0,1.0,3.0,fused_rule
d4j-Closure-5,8,1,1.0,0.3333333333333333,1.0,1.0,3.0,fused_rule
d4j-Closure-6,7,1,1.0,0.3333333333333333,1.0,1.0,3.0,fused_rule
d4j-Closure-7,4,1,1.0,0.3333333333333333,1.0,1.0,3.0,fused_rule
d4j-Closure-8,7,1,1.0,0.3333333333333333,1.0,1.0,3.0,fused_rule
d4j-Closure-9,7,1,1.0,0.3333333333333333,1.0,1.0,3.0,fused_rule
d4j-Closure-10,8,1,1.0,0.3333333333333333,1.0,1.0,3.0,fused_rule
d4j-Closure-11,3,1,1.0,0.3333333333333333,1.0,1.0,3.0,fused_rule
d4j-Closure-12,3,1,1.0,0.3333333333333333,1.0,1.0,3.0,fused_rule
d4j-Closure-13,6,1,1.0,0.3333333333333333,1.0,1.0,3.0,fused_rule
d4j-Closure-14,3,1,1.0,0.3333333333333333,1.0,1.0,3.0,fused_rule
d4j-Closure-15,3,1,1.0,0.3333333333333333,1.0,1.0,3.0,fused_rule
d4j-Closure-16,7,1,1.0,0.3333333333333333,1.0,1.0,3.0,fused_rule
d4j-Closure-17,7,1,1.0,0.3333333333333333,1.0,1.0,3.0,fused_rule
d4j-Closure-18,8,1,1.0,0.3333333333333333,1.0,1.0,3.0,fused_rule
d4j-Closure-19,5,1,1.0,0.3333333333333333,1.0,1.0,3.0,fused_rule
d4j-Closure-20,4,1,1.0,0.3333333333333333,1.0,1.0,3.0,fused_rule
d4j-Closure-21,7,1,1.0,0.3333333333333333,1.0,1.0,3.0,fused_rule
d4j-Closure-22,3,1,1.0,0.3333333333333333,1.0,1.0,3.0,fused_rule
d4j-Closure-23,8,1,1.0,0.3333333333333333,1.0,1.0,3.0,fused_rule
d4j-Closure-24,6,1,1.0,0.3333333333333333,1.0,1.0,3.0,fused_rule
d4j-Closure-25,8,1,1.0,0.3333333333333333,1.0,1.0,3.0,fused_rule
d4j-Closure-26,8,1,1.0,0.3333333333333333,1.0,1.0,3.0,fused_rule
d4j-Closure-27,7,1,1.0,0.3333333333333333,1.0,1.0,3.0,fused_rule
d4j-Closure-29,8,1,1.0,0.3333333333333333,1.0,1.0,3.0,fused_rule
d4j-Closure-30,8,2,1.0,0.6666666666666666,1.0,1.0,3.0,fused_rule
d4j-Closure-31,8,1,1.0,0.3333333333333333,1.0,1.0,3.0,fused_rule
d4j-Closure-32,4,1,1.0,0.3333333333333333,1.0,1.0,3.0,fused_rule
d4j-Closure-33,3,1,1.0,0.3333333333333333,1.0,1.0,3.0,fused_rule
d4j-Closure-34,5,2,1.0,0.6666666666666666,1.0,1.0,3.0,fused_rule
d4j-Closure-35,7,1,1.0,0.3333333333333333,1.0,1.0,3.0,fused_rule
d4j-Closure-36,7,1,1.0,0.3333333333333333,1.0,1.0,3.0,fused_rule
d4j-Closure-37,4,2,1.0,0.6666666666666666,1.0,1.0,3.0,fused_rule
d4j-Closure-38,4,1,1.0,0.3333333333333333,1.0,1.0,3.0,fused_rule
d4j-Closure-39,3,1,1.0,0.3333333333333333,1.0,1.0,3.0,fused_rule
d4j-Closure-40,4,1,1.0,0.3333333333333333,1.0,1.0,3.0,fused_rule
d4j-Closure-41,6,1,1.0,0.3333333333333333,1.0,1.0,3.0,fused_rule
d4j-Closure-42,4,1,1.0,0.3333333333333333,1.0,1.0,3.0,fused_rule
d4j-Closure-43,8,1,1.0,0.3333333333333333,1.0,1.0,3.0,fused_rule
d4j-Closure-44,4,1,1.0,0.3333333333333333,1.0,1.0,3.0,fused_rule
d4j-Closure-45,3,1,1.0,0.3333333333333333,1.0,1.0,3.0,fused_rule
d4j-Closure-46,4,1,1.0,0.3333333333333333,1.0,1.0,3.0,fused_rule
d4j-Closure-47,7,2,1.0,0.6666666666666666,1.0,1.0,3.0,fused_rule
d4j-Closure-48,3,1,1.0,0.3333333333333333,1.0,1.0,3.0,fused_rule
d4j-Closure-49,7,1,1.0,0.3333333333333333,1.0,1.0,3.0,fused_rule
d4j-Closure-50,3,1,1.0,0.3333333333333333,1.0,1.0,3.0,fused_rule
d4j-Closure-51,6,1,1.0,0.3333333333333333,1.0,1.0,3.0,fused_rule
d4j-Closure-52,3,1,1.0,0.3333333333333333,1.0,1.0,3.0,fused_rule
d4j-Closure-53,4,1,1.0,0.3333333333333333,1.0,1.0,3.0,fused_rule
d4j-Closure-54,5,2,1.0,0.6666666666666666,1.0,1.0,3.0,fused_rule
d4j-Closure-55,5,1,1.0,0.3333333333333333,1.0,1.0,3.0,fused_rule
d4j-Closure-56,3,1,1.0,0.3333333333333333,1.0,1.0,3.0,fused_rule
d4j-Closure-57,7,1,1.0,0.3333333333333333,1.0,1.0,3.0,fused_rule
d4j-Closure-58,4,1,1.0,0.3333333333333333,1.0,1.0,3.0,fused_rule
d4j-Closure-59,8,1,1.0,0.3333333333333333,1.0,1.0,3.0,fused_rule
d4j-Closure-60,6,1,1.0,0.3333333333333333,1.0,1.0,3.0,fused_rule
d4j-Closure-61,3,1,1.0,0.3333333333333333,1.0,1.0,3.0,fused_rule
d4j-Closure-62,4,1,1.0,0.3333333333333333,1.0,1.0,3.0,fused_rule
d4j-Closure-64,5,1,1.0,0.3333333333333333,1.0,1.0,3.0,fused_rule
d4j-Closure-65,6,1,1.0,0.3333333333333333,1.0,1.0,3.0,fused_rule
d4j-Closure-66,5,1,1.0,0.3333333333333333,1.0,1.0,3.0,fused_rule
d4j-Closure-67,5,1,1.0,0.3333333333333333,1.0,1.0,3.0,fused_rule
d4j-Closure-68,7,1,1.0,0.3333333333333333,1.0,1.0,3.0,fused_rule
d4j-Closure-69,8,1,1.0,0.3333333333333333,1.0,1.0,3.0,fused_rule
d4j-Closure-70,5,1,1.0,0.3333333333333333,1.0,1.0,3.0,fused_rule
d4j-Closure-71,4,1,1.0,0.3333333333333333,1.0,1.0,3.0,fused_rule
d4j-Closure-72,6,2,1.0,0.6666666666666666,1.0,1.0,3.0,fused_rule
d4j-Closure-73,7,1,1.0,0.3333333333333333,1.0,1.0,3.0,fused_rule
d4j-Closure-74,5,1,1.0,0.3333333333333333,1.0,1.0,3.0,fused_rule
d4j-Closure-75,7,1,1.0,0.3333333333333333,1.0,1.0,3.0,fused_rule
d4j-Closure-76,8,1,1.0,0.3333333333333333,1.0,1.0,3.0,fused_rule
d4j-Closure-77,7,1,1.0,0.3333333333333333,1.0,1.0,3.0,fused_rule
d4j-Closure-78,5,1,1.0,0.3333333333333333,1.0,1.0,3.0,fused_rule
d4j-Closure-79,8,2,1.0,0.6666666666666666,1.0,1.0,3.0,fused_rule
d4j-Closure-80,5,1,1.0,0.3333333333333333,1.0,1.0,3.0,fused_rule
d4j-Closure-81,5,1,1.0,0.3333333333333333,1.0,1.0,3.0,fused_rule
d4j-Closure-82,4,1,1.0,0.3333333333333333,1.0,1.0,3.0,fused_rule
d4j-Closure-83,6,1,1.0,0.3333333333333333,1.0,1.0,3.0,fused_rule
d4j-Closure-84,7,1,1.0,0.3333333333333333,1.0,1.0,3.0,fused_rule
d4j-Closure-85,6,1,1.0,0.3333333333333333,1.0,1.0,3.0,fused_rule
d4j-Closure-86,7,1,1.0,0.3333333333333333,1.0,1.0,3.0,fused_rule
d4j-Closure-87,8,1,1.0,0.3333333333333333,1.0,1.0,3.0,fused_rule
d4j-Closure-88,4,1,1.0,0.3333333333333333,1.0,1.0,3.0,fused_rule
d4j-Closure-89,8,2,1.0,0.6666666666666666,1.0,1.0,3.0,fused_rule
d4j-Closure-90,3,2,1.0,0.6666666666666666,1.0,1.0,3.0,fused_rule
d4j-Closure-91,8,1,1.0,0.3333333333333333,1.0,1.0,3.0,fused_rule
d4j-Closure-92,8,1,1.0,0.3333333333333333,1.0,1.0,3.0,fused_rule
d4j-Closure-94,6,1,1.0,0.3333333333333333,1.0,1.0,3.0,fused_rule
d4j-Closure-95,5,1,1.0,0.3333333333333333,1.0,1.0,3.0,fused_rule
d4j-Closure-96,8,1,1.0,0.3333333333333333,1.0,1.0,3.0,fused_rule
d4j-Closure-97,7,1,1.0,0.3333333333333333,1.0,1.0,3.0,fused_rule
d4j-Closure-98,3,1,1.0,0.3333333333333333,1.0,1.0,3.0,fused_rule
d4j-Closure-99,7,1,1.0,0.3333333333333333,1.0,1.0,3.0,fused_rule
d4j-Closure-100,8,1,1.0,0.3333333333333333,1.0,1.0,3.0,fused_rule
d4j-Closure-101,7,1,1.0,0.3333333333333333,1.0,1.0,3.0,fused_rule
d4j-Closure-102,6,1,1.0,0.3333333333333333,1.0,1.0,3.0,fused_rule
d4j-Closure-103,6,2,1.0,0.6666666666666666,1.0,1.0,3.0,fused_rule
d4j-Closure-104,3,1,1.0,0.3333333333333333,1.0,1.0,3.0,fused_rule
d4j-Closure-105,3,1,1.0,0.3333333333333333,1.0,1.0,3.0,fused_rule
d4j-Closure-106,8,2,1.0,0.6666666666666666,1.0,1.0,3.0,fused_rule
d4j-Closure-107,8,1,1.0,0.3333333333333333,1.0,1.0,3.0,fused_rule
d4j-Closure-108,5,1,1.0,0.3333333333333333,1.0,1.0,3.0,fused_rule
d4j-Closure-109,4,1,1.0,0.3333333333333333,1.0,1.0,3.0,fused_rule
d4j-Closure-110,7,2,1.0,0.6666666666666666,1.0,1.0,3.0,fused_rule
d4j-Closure-111,5,1,1.0,0.3333333333333333,1.0,1.0,3.0,fused_rule
d4j-Closure-112,4,1,1.0,0.3333333333333333,1.0,1.0,3.0,fused_rule
d4j-Closure-113,8,1,1.0,0.3333333333333333,1.0,1.0,3.0,fused_rule
d4j-Closure-114,6,1,1.0,0.3333333333333333,1.0,1.0,3.0,fused_rule
d4j-Closure-115,7,1,1.0,0.3333333333333333,1.0,1.0,3.0,fused_rule
d4j-Closure-116,7,1,1.0,0.3333333333333333,1.0,1.0,3.0,fused_rule
d4j-Closure-117,6,1,1.0,0.3333333333333333,1.0,1.0,3.0,fused_rule
d4j-Closure-118,4,1,1.0,0.3333333333333333,1.0,1.0,3.0,fused_rule
d4j-Closure-119,6,1,1.0,0.3333333333333333,1.0,1.0,3.0,fused_rule
d4j-Closure-120,3,1,1.0,0.3333333333333333,1.0,1.0,3.0,fused_rule
d4j-Closure-121,3,1,1.0,0.3333333333333333,1.0,1.0,3.0,fused_rule
d4j-Closure-122,6,1,1.0,0.3333333333333333,1.0,1.0,3.0,fused_rule
d4j-Closure-123,8,1,1.0,0.3333333333333333,1.0,1.0,3.0,fused_rule
d4j-Closure-124,3,1,1.0,0.3333333333333333,1.0,1.0,3.0,fused_rule
d4j-Closure-125,4,1,1.0,0.3333333333333333,1.0,1.0,3.0,fused_rule
d4j-Closure-126,8,1,1.0,0.3333333333333333,1.0,1.0,3.0,fused_rule
d4j-Closure-127,5,1,1.0,0.3333333333333333,1.0,1.0,3.0,fused_rule
d4j-Closure-128,3,1,1.0,0.3333333333333333,1.0,1.0,3.0,fused_rule
d4j-Closure-129,3,1,1.0,0.3333333333333333,1.0,1.0,3.0,fused_rule
d4j-Closure-130,3,1,1.0,0.3333333333333333,1.0,1.0,3.0,fused_rule
d4j-Closure-131,3,1,1.0,0.3333333333333333,1.0,1.0,3.0,fused_rule
d4j-Closure-132,6,1,1.0,0.3333333333333333,1.0,1.0,3.0,fused_rule
d4j-Closure-133,6,1,1.0,0.3333333333333333,1.0,1.0,3.0,fused_rule
d4j-Closure-134,5,2,1.0,0.6666666666666666,1.0,1.0,3.0,fused_rule
d4j-Closure-135,3,2,1.0,0.6666666666666666,1.0,1.0,3.0,fused_rule
d4j-Closure-136,3,2,1.0,0.6666666666666666,1.0,1.0,3.0,fused_rule
d4j-Closure-137,7,3,1.0,1.0,1.0,1.0,3.0,fused_rule
d4j-Closure-138,6,2,1.0,0.6666666666666666,1.0,1.0,3.0,fused_rule
d4j-Closure-139,7,1,1.0,0.3333333333333333,1.0,1.0,3.0,fused_rule
d4j-Closure-140,3,1,1.0,0.3333333333333333,1.0,1.0,3.0,fused_rule
d4j-Closure-141,5,2,1.0,0.6666666666666666,1.0,1.0,3.0,fused_rule
d4j-Closure-142,3,2,1.0,0.6666666666666666,1.0,1.0,3.0,fused_rule
d4j-Closure-143,6,2,1.0,0.6666666666666666,1.0,1.0,3.0,fused_rule
d4j-Closure-144,4,4,1.0,1.0,1.0,1.0,3.0,fused_rule
d4j-Closure-145,6,1,1.0,0.3333333333333333,1.0,1.0,3.0,fused_rule
d4j-Closure-146,5,1,1.0,0.3333333333333333,1.0,1.0,3.0,fused_rule
d4j-Closure-147,7,5,1.0,1.0,1.0,1.0,3.0,fused_rule
d4j-Closure-148,6,2,1.0,0.6666666666666666,1.0,1.0,3.0,fused_rule
d4j-Closure-149,6,4,1.0,1.0,1.0,1.0,3.0,fused_rule
d4j-Closure-150,3,1,1.0,0.3333333333333333,1.0,1.0,3.0,fused_rule
d4j-Closure-151,3,1,1.0,0.3333333333333333,1.0,1.0,3.0,fused_rule
d4j-Closure-152,6,1,1.0,0.3333333333333333,1.0,1.0,3.0,fused_rule
d4j-Closure-153,4,2,1.0,0.6666666666666666,1.0,1.0,3.0,fused_rule
d4j-Closure-154,6,2,1.0,0.6666666666666666,1.0,1.0,3.0,fused_rule
d4j-Closure-155,8,3,1.0,1.0,1.0,1.0,3.0,fused_rule
d4j-Closure-156,8,1,1.0,0.3333333333333333,1.0,1.0,3.0,fused_rule
d4j-Closure-157,4,3,1.0,1.0,1.0,1.0,3.0,fused_rule
d4j-Closure-158,7,3,1.0,1.0,1.0,1.0,3.0,fused_rule
d4j-Closure-159,8,1,1.0,0.3333333333333333,1.0,1.0,3.0,fused_rule
d4j-Closure-160,8,1,1.0,0.3333333333333333,1.0,1.0,3.0,fused_rule
d4j-Closure-161,8,1,1.0,0.3333333333333333,1.0,1.0,3.0,fused_rule
d4j-Closure-162,3,2,1.0,0.6666666666666666,1.0,1.0,3.0,fused_rule
d4j-Closure-163,3,2,1.0,0.6666666666666666,1.0,1.0,3.0,fused_rule
d4j-Closure-164,7,1,1.0,0.3333333333333333,1.0,1.0,3.0,fused_rule
d4j-Closure-165,6,4,1.0,1.0,1.0,1.0,3.0,fused_rule
d4j-Closure-166,5,1,1.0,0.3333333333333333,1.0,1.0,3.0,fused_rule
d4j-Closure-167,7,2,1.0,0.6666666666666666,1.0,1.0,3.0,fused_rule
d4j-Closure-168,7,1,1.0,0.3333333333333333,1.0,1.0,3.0,fused_rule
d4j-Closure-169,7,5,1.0,0.6666666666666666,0.8,1.0,3.0,fused_rule
d4j-Closure-170,5,1,1.0,0.3333333333333333,1.0,1.0,3.0,fused_rule
d4j-Closure-171,8,2,1.0,0.6666666666666666,1.0,1.0,3.0,fused_rule
d4j-Closure-172,4,1,1.0,0.3333333333333333,1.0,1.0,3.0,fused_rule
d4j-Closure-173,3,2,1.0,0.6666666666666666,1.0,1.0,3.0,fused_rule
d4j-Closure-174,3,3,1.0,1.0,1.0,1.0,3.0,fused_rule
d4j-Closure-175,6,1,1.0,0.3333333333333333,1.0,1.0,3.0,fused_rule
d4j-Closure-176,4,1,1.0,0.3333333333333333,1.0,1.0,3.0,fused_rule
d4j-Codec-1,6,3,1.0,1.0,1.0,1.0,3.0,fused_rule
d4j-Codec-2,5,1,1.0,0.3333333333333333,1.0,1.0,3.0,fused_rule
d4j-Codec-3,4,1,1.0,0.3333333333333333,1.0,1.0,3.0,fused_rule
d4j-Codec-4,6,1,1.0,0.3333333333333333,1.0,1.0,3.0,fused_rule
d4j-Codec-5,3,1,1.0,0.3333333333333333,1.0,1.0,3.0,fused_rule
d4j-Codec-6,6,1,1.0,0.3333333333333333,1.0,1.0,3.0,fused_rule
d4j-Codec-7,3,1,1.0,0.3333333333333333,1.0,1.0,3.0,fused_rule
d4j-Codec-8,3,2,1.0,0.6666666666666666,1.0,1.0,3.0,fused_rule
d4j-Codec-9,6,1,1.0,0.3333333333333333,1.0,1.0,3.0,fused_rule
d4j-Codec-10,7,1,1.0,0.3333333333333333,1.0,1.0,3.0,fused_rule
d4j-Codec-11,3,1,1.0,0.3333333333333333,1.0,1.0,3.0,fused_rule
d4j-Codec-12,5,1,1.0,0.3333333333333333,1.0,1.0,3.0,fused_rule
d4j-Codec-13,3,3,1.0,1.0,1.0,1.0,3.0,fused_rule
d4j-Codec-14,4,3,1.0,1.0,1.0,1.0,3.0,fused_rule
d4j-Codec-15,4,1,1.0,0.3333333333333333,1.0,1.0,3.0,fused_rule
d4j-Codec-16,5,1,1.0,0.3333333333333333,1.0,1.0,3.0,fused_rule
d4j-Codec-17,5,1,1.0,0.3333333333333333,1.0,1.0,3.0,fused_rule
d4j-Codec-18,3,1,1.0,0.3333333333333333,1.0,1.0,3.0,fused_rule
d4j-Collections-1,5,1,1.0,0.3333333333333333,1.0,1.0,3.0,fused_rule
d4j-Collections-2,3,1,1.0,0.3333333333333333,1.0,1.0,3.0,fused_rule
d4j-Collections-3,8,1,1.0,0.3333333333333333,1.0,1.0,3.0,fused_rule
d4j-Collections-4,6,1,0.0,0.3333333333333333,1.0,0.5,6.0,fused_rule
d4j-Collections-5,4,1,1.0,0.3333333333333333,1.0,1.0,3.0,fused_rule
d4j-Collections-6,7,1,1.0,0.3333333333333333,1.0,1.0,3.0,fused_rule
d4j-Collections-7,6,1,1.0,0.3333333333333333,1.0,1.0,3.0,fused_rule
d4j-Collections-8,3,1,1.0,0.3333333333333333,1.0,1.0,3.0,fused_rule
d4j-Collections-9,4,1,1.0,0.3333333333333333,1.0,1.0,3.0,fused_rule
d4j-Collections-10,5,1,1.0,0.3333333333333333,1.0,1.0,3.0,fused_rule
d4j-Collections-11,6,1,1.0,0.3333333333333333,1.0,1.0,3.0,fused_rule
d4j-Collections-12,7,1,1.0,0.3333333333333333,1.0,1.0,3.0,fused_rule
d4j-Collections-13,6,1,1.0,0.3333333333333333,1.0,1.0,3.0,fused_rule
d4j-Collections-14,8,1,1.0,0.3333333333333333,1.0,1.0,3.0,fused_rule
d4j-Collections-15,3,1,1.0,0.3333333333333333,1.0,1.0,3.0,fused_rule
d4j-Collections-16,6,1,1.0,0.3333333333333333,1.0,1.0,3.0,fused_rule
d4j-Collections-17,3,1,1.0,0.3333333333333333,1.0,1.0,3.0,fused_rule
d4j-Collections-18,4,1,1.0,0.3333333333333333,1.0,1.0,3.0,fused_rule
d4j-Collections-19,4,1,1.0,0.3333333333333333,1.0,1.0,3.0,fused_rule
d4j-Collections-20,6,1,1.0,0.3333333333333333,1.0,1.0,3.0,fused_rule
d4j-Collections-21,5,1,1.0,0.3333333333333333,1.0,1.0,3.0,fused_rule
d4j-Collections-22,7,1,1.0,0.3333333333333333,1.0,1.0,3.0,fused_rule
d4j-Collections-23,3,1,1.0,0.3333333333333333,1.0,1.0,3.0,fused_rule
d4j-Collections-24,4,1,1.0,0.3333333333333333,1.0,1.0,3.0,fused_rule
d4j-Collections-25,6,1,1.0,0.3333333333333333,1.0,1.0,3.0,fused_rule
d4j-Collections-26,6,1,1.0,0.3333333333333333,1.0,1.0,3.0,fused_rule
d4j-Collections-27,8,1,1.0,0.3333333333333333,1.0,1.0,3.0,fused_rule
d4j-Collections-28,6,1,1.0,0.3333333333333333,1.0,1.0,3.0,fused_rule
d4j-Compress-1,5,1,1.0,0.3333333333333333,1.0,1.0,3.0,fused_rule
d4j-Compress-2,3,1,1.0,0.3333333333333333,1.0,1.0,3.0,fused_rule
d4j-Compress-3,6,1,1.0,0.3333333333333333,1.0,1.0,3.0,fused_rule
d4j-Compress-4,7,4,1.0,1.0,1.0,1.0,3.0,fused_rule
d4j-Compress-5,8,1,1.0,0.3333333333333333,1.0,1.0,3.0,fused_rule
d4j-Compress-6,6,1,1.0,0.3333333333333333,1.0,1.0,3.0,fused_rule
d4j-Compress-7,4,1,1.0,0.3333333333333333,1.0,1.0,3.0,fused_rule
d4j-Compress-8,4,1,1.0,0.3333333333333333,1.0,1.0,3.0,fused_rule
d4j-Compress-9,4,1,1.0,0.3333333333333333,1.0,1.0,3.0,fused_rule
d4j-Compress-10,5,1,1.0,0.3333333333333333,1.0,1.0,3.0,fused_rule
d4j-Compress-11,4,1,1.0,0.3333333333333333,1.0,1.0,3.0,fused_rule
d4j-Compress-12,7,1,1.0,0.3333333333333333,1.0,1.0,3.0,fused_rule
d4j-Compress-13,4,1,1.0,0.3333333333333333,1.0,1.0,3.0,fused_rule
d4j-Compress-14,7,1,1.0,0.3333333333333333,1.0,1.0,3.0,fused_rule
d4j-Compress-15,8,1,1.0,0.3333333333333333,1.0,1.0,3.0,fused_rule
d4j-Compress-16,6,1,1.0,0.3333333333333333,1.0,1.0,3.0,fused_rule
d4j-Compress-17,6,1,1.0,0.3333333333333333,1.0,1.0,3.0,fused_rule
d4j-Compress-18,7,1,1.0,0.3333333333333333,1.0,1.0,3.0,fused_rule
d4j-Compress-19,8,1,1.0,0.3333333333333333,1.0,1.0,3.0,fused_rule
d4j-Compress-20,5,1,1.0,0.3333333333333333,1.0,1.0,3.0,fused_rule
d4j-Compress-21,4,1,1.0,0.3333333333333333,1.0,1.0,3.0,fused_rule
d4j-Compress-22,7,1,1.0,0.3333333333333333,1.0,1.0,3.0,fused_rule
d4j-Compress-23,3,1,1.0,0.3333333333333333,1.0,1.0,3.0,fused_rule
d4j-Compress-24,6,1,1.0,0.3333333333333333,1.0,1.0,3.0,fused_rule
d4j-Compress-25,3,1,1.0,0.3333333333333333,1.0,1.0,3.0,fused_rule
d4j-Compress-26,8,1,1.0,0.3333333333333333,1.0,1.0,3.0,fused_rule
d4j-Compress-27,6,1,1.0,0.3333333333333333,1.0,1.0,3.0,fused_rule
d4j-Compress-28,6,1,1.0,0.3333333333333333,1.0,1.0,3.0,fused_rule
d4j-Compress-29,6,5,1.0,1.0,1.0,1.0,3.0,fused_rule
d4j-Compress-30,5,1,1.0,0.3333333333333333,1.0,1.0,3.0,fused_rule
d4j-Compress-31,6,1,1.0,0.3333333333333333,1.0,1.0,3.0,fused_rule
d4j-Compress-32,5,1,1.0,0.3333333333333333,1.0,1.0,3.0,fused_rule
d4j-Compress-33,6,2,1.0,0.6666666666666666,1.0,1.0,3.0,fused_rule
d4j-Compress-34,3,1,1.0,0.3333333333333333,1.0,1.0,3.0,fused_rule
d4j-Compress-35,6,1,1.0,0.3333333333333333,1.0,1.0,3.0,fused_rule
d4j-Compress-36,7,1,1.0,0.3333333333333333,1.0,1.0,3.0,fused_rule
d4j-Compress-37,4,1,1.0,0.3333333333333333,1.0,1.0,3.0,fused_rule
d4j-Compress-38,6,1,1.0,0.3333333333333333,1.0,1.0,3.0,fused_rule
d4j-Compress-39,4,1,1.0,0.3333333333333333,1.0,1.0,3.0,fused_rule
d4j-Compress-40,6,1,1.0,0.3333333333333333,1.0,1.0,3.0,fused_rule
d4j-Compress-41,5,1,1.0,0.3333333333333333,1.0,1.0,3.0,fused_rule
d4j-Compress-42,6,2,1.0,0.6666666666666666,1.0,1.0,3.0,fused_rule
d4j-Compress-43,3,1,1.0,0.3333333333333333,1.0,1.0,3.0,fused_rule
d4j-Compress-44,8,1,1.0,0.3333333333333333,1.0,1.0,3.0,fused_rule
d4j-Compress-45,6,1,1.0,0.3333333333333333,1.0,1.0,3.0,fused_rule
d4j-Compress-46,3,1,1.0,0.3333333333333333,1.0,1.0,3.0,fused_rule
d4j-Compress-47,5,1,1.0,0.3333333333333333,1.0,1.0,3.0,fused_rule
d4j-Csv-1,4,1,1.0,0.3333333333333333,1.0,1.0,3.0,fused_rule
d4j-Csv-2,3,1,1.0,0.3333333333333333,1.0,1.0,3.0,fused_rule
d4j-Csv-3,4,1,1.0,0.3333333333333333,1.0,1.0,3.0,fused_rule
d4j-Csv-4,4,1,1.0,0.3333333333333333,1.0,1.0,3.0,fused_rule
d4j-Csv-5,8,1,1.0,0.3333333333333333,1.0,1.0,3.0,fused_rule
d4j-Csv-6,7,1,1.0,0.3333333333333333,1.0,1.0,3.0,fused_rule
d4j-Csv-7,3,1,1.0,0.3333333333333333,1.0,1.0,3.0,fused_rule
d4j-Csv-8,8,1,1.0,0.3333333333333333,1.0,1.0,3.0,fused_rule
d4j-Csv-9,5,1,1.0,0.3333333333333333,1.0,1.0,3.0,fused_rule
d4j-Csv-10,6,1,1.0,0.3333333333333333,1.0,1.0,3.0,fused_rule
d4j-Csv-11,3,1,1.0,0.3333333333333333,1.0,1.0,3.0,fused_rule
d4j-Csv-12,5,1,1.0,0.3333333333333333,1.0,1.0,3.0,fused_rule
d4j-Csv-13,7,2,1.0,0.6666666666666666,1.0,1.0,3.0,fused_rule
d4j-Csv-14,4,1,1.0,0.3333333333333333,1.0,1.0,3.0,fused_rule
d4j-Csv-15,5,1,1.0,0.3333333333333333,1.0,1.0,3.0,fused_rule
d4j-Csv-16,3,1,1.0,0.3333333333333333,1.0,1.0,3.0,fused_rule
d4j-Gson-1,6,1,1.0,0.3333333333333333,1.0,1.0,3.0,fused_rule
d4j-Gson-2,6,1,1.0,0.3333333333333333,1.0,1.0,3.0,fused_rule
d4j-Gson-3,6,1,1.0,0.3333333333333333,1.0,1.0,3.0,fused_rule
d4j-Gson-4,5,2,1.0,0.6666666666666666,1.0,1.0,3.0,fused_rule
d4j-Gson-5,1,1,1.0,1.0,1.0,1.0,3.0,fused_rule
d4j-Gson-6,4,1,1.0,0.3333333333333333,1.0,1.0,3.0,fused_rule
d4j-Gson-7,5,1,1.0,0.3333333333333333,1.0,1.0,3.0,fused_rule
d4j-Gson-8,5,1,1.0,0.3333333333333333,1.0,1.0,3.0,fused_rule
d4j-Gson-9,3,3,1.0,1.0,1.0,1.0,3.0,fused_rule
d4j-Gson-10,4,1,1.0,0.3333333333333333,1.0,1.0,3.0,fused_rule
d4j-Gson-11,4,1,1.0,0.3333333333333333,1.0,1.0,3.0,fused_rule
d4j-Gson-12,3,1,1.0,0.3333333333333333,1.0,1.0,3.0,fused_rule
d4j-Gson-13,5,1,1.0,0.3333333333333333,1.0,1.0,3.0,fused_rule
d4j-Gson-14,3,1,1.0,0.3333333333333333,1.0,1.0,3.0,fused_rule
d4j-Gson-15,4,1,1.0,0.3333333333333333,1.0,1.0,3.0,fused_rule
d4j-Gson-16,5,1,1.0,0.3333333333333333,1.0,1.0,3.0,fused_rule
d4j-Gson-17,4,1,1.0,0.3333333333333333,1.0,1.0,3.0,fused_rule
d4j-Gson-18,7,1,1.0,0.3333333333333333,1.0,1.0,3.0,fused_rule
d4j-JacksonCore-1,4,2,1.0,0.6666666666666666,1.0,1.0,3.0,fused_rule
d4j-JacksonCore-2,7,2,1.0,0.6666666666666666,1.0,1.0,3.0,fused_rule
d4j-JacksonCore-3,3,1,1.0,0.3333333333333333,1.0,1.0,3.0,fused_rule
d4j-JacksonCore-4,7,1,1.0,0.3333333333333333,1.0,1.0,3.0,fused_rule
d4j-JacksonCore-5,6,1,1.0,0.3333333333333333,1.0,1.0,3.0,fused_rule
d4j-JacksonCore-6,4,1,1.0,0.3333333333333333,1.0,1.0,3.0,fused_rule
d4j-JacksonCore-7,6,1,1.0,0.3333333333333333,1.0,1.0,3.0,fused_rule
d4j-JacksonCore-8,7,1,1.0,0.3333333333333333,1.0,1.0,3.0,fused_rule
d4j-JacksonCore-9,7,3,1.0,1.0,1.0,1.0,3.0,fused_rule
d4j-JacksonCore-10,3,1,1.0,0.3333333333333333,1.0,1.0,3.0,fused_rule
d4j-JacksonCore-11,3,1,1.0,0.3333333333333333,1.0,1.0,3.0,fused_rule
d4j-JacksonCore-12,6,2,1.0,0.6666666666666666,1.0,1.0,3.0,fused_rule
d4j-JacksonCore-13,5,1,1.0,0.3333333333333333,1.0,1.0,3.0,fused_rule
d4j-JacksonCore-14,8,1,1.0,0.3333333333333333,1.0,1.0,3.0,fused_rule
d4j-JacksonCore-15,5,1,1.0,0.3333333333333333,1.0,1.0,3.0,fused_rule
d4j-JacksonCore-16,3,1,1.0,0.3333333333333333,1.0,1.0,3.0,fused_rule
d4j-JacksonCore-17,4,1,1.0,0.3333333333333333,1.0,1.0,3.0,fused_rule
d4j-JacksonCore-18,3,3,1.0,1.0,1.0,1.0,3.0,fused_rule
d4j-JacksonCore-19,6,2,1.0,0.6666666666666666,1.0,1.0,3.0,fused_rule
d4j-JacksonCore-20,6,1,1.0,0.3333333333333333,1.0,1.0,3.0,fused_rule
d4j-JacksonCore-21,4,1,1.0,0.3333333333333333,1.0,1.0,3.0,fused_rule
d4j-JacksonCore-22,5,1,1.0,0.3333333333333333,1.0,1.0,3.0,fused_rule
d4j-JacksonCore-23,5,1,1.0,0.3333333333333333,1.0,1.0,3.0,fused_rule
d4j-JacksonCore-24,4,2,1.0,0.6666666666666666,1.0,1.0,3.0,fused_rule
d4j-JacksonCore-25,8,1,1.0,0.3333333333333333,1.0,1.0,3.0,fused_rule
d4j-JacksonCore-26,3,1,0.0,0.3333333333333333,1.0,0.5,6.0,fused_rule
d4j-JacksonDatabind-1,7,1,1.0,0.3333333333333333,1.0,1.0,3.0,fused_rule
d4j-JacksonDatabind-2,3,1,1.0,0.3333333333333333,1.0,1.0,3.0,fused_rule
d4j-JacksonDatabind-3,5,1,1.0,0.3333333333333333,1.0,1.0,3.0,fused_rule
d4j-JacksonDatabind-4,5,1,1.0,0.3333333333333333,1.0,1.0,3.0,fused_rule
d4j-JacksonDatabind-5,4,1,1.0,0.3333333333333333,1.0,1.0,3.0,fused_rule
d4j-JacksonDatabind-6,6,1,1.0,0.3333333333333333,1.0,1.0,3.0,fused_rule
d4j-JacksonDatabind-7,7,1,1.0,0.3333333333333333,1.0,1.0,3.0,fused_rule
d4j-JacksonDatabind-8,5,1,1.0,0.3333333333333333,1.0,1.0,3.0,fused_rule
d4j-JacksonDatabind-9,4,1,1.0,0.3333333333333333,1.0,1.0,3.0,fused_rule
d4j-JacksonDatabind-10,4,2,1.0,0.6666666666666666,1.0,1.0,3.0,fused_rule
d4j-JacksonDatabind-11,3,1,1.0,0.3333333333333333,1.0,1.0,3.0,fused_rule
d4j-JacksonDatabind-12,3,1,1.0,0.3333333333333333,1.0,1.0,3.0,fused_rule
d4j-JacksonDatabind-13,6,2,1.0,0.6666666666666666,1.0,1.0,3.0,fused_rule
d4j-JacksonDatabind-14,5,1,1.0,0.3333333333333333,1.0,1.0,3.0,fused_rule
d4j-JacksonDatabind-15,6,5,1.0,1.0,1.0,1.0,3.0,fused_rule
d4j-JacksonDatabind-16,3,1,1.0,0.3333333333333333,1.0,1.0,3.0,fused_rule
d4j-JacksonDatabind-17,7,1,0.0,0.3333333333333333,1.0,0.5,6.0,fused_rule
d4j-JacksonDatabind-18,5,1,1.0,0.3333333333333333,1.0,1.0,3.0,fused_rule
d4j-JacksonDatabind-19,4,1,1.0,0.3333333333333333,1.0,1.0,3.0,fused_rule
d4j-JacksonDatabind-20,7,1,1.0,0.3333333333333333,1.0,1.0,3.0,fused_rule
d4j-JacksonDatabind-21,5,1,1.0,0.3333333333333333,1.0,1.0,3.0,fused_rule
d4j-JacksonDatabind-22,8,2,1.0,0.6666666666666666,1.0,1.0,3.0,fused_rule
d4j-JacksonDatabind-23,7,1,1.0,0.3333333333333333,1.0,1.0,3.0,fused_rule
d4j-JacksonDatabind-24,6,1,1.0,0.3333333333333333,1.0,1.0,3.0,fused_rule
d4j-JacksonDatabind-25,4,4,1.0,1.0,1.0,1.0,3.0,fused_rule
d4j-JacksonDatabind-26,6,1,1.0,0.3333333333333333,1.0,1.0,3.0,fused_rule
d4j-JacksonDatabind-27,8,1,1.0,0.3333333333333333,1.0,1.0,3.0,fused_rule
d4j-JacksonDatabind-28,4,1,1.0,0.3333333333333333,1.0,1.0,3.0,fused_rule
d4j-JacksonDatabind-29,7,1,1.0,0.3333333333333333,1.0,1.0,3.0,fused_rule
d4j-JacksonDatabind-30,6,2,1.0,0.6666666666666666,1.0,1.0,3.0,fused_rule
d4j-JacksonDatabind-31,5,1,1.0,0.3333333333333333,1.0,1.0,3.0,fused_rule
d4j-JacksonDatabind-32,8,1,1.0,0.3333333333333333,1.0,1.0,3.0,fused_rule
d4j-JacksonDatabind-33,4,1,1.0,0.3333333333333333,1.0,1.0,3.0,fused_rule
d4j-JacksonDatabind-34,4,1,1.0,0.3333333333333333,1.0,1.0,3.0,fused_rule
d4j-JacksonDatabind-35,4,1,1.0,0.3333333333333333,1.0,1.0,3.0,fused_rule
d4j-JacksonDatabind-36,3,1,1.0,0.3333333333333333,1.0,1.0,3.0,fused_rule
d4j-JacksonDatabind-37,6,1,1.0,0.3333333333333333,1.0,1.0,3.0,fused_rule
d4j-JacksonDatabind-38,4,3,1.0,1.0,1.0,1.0,3.0,fused_rule
d4j-JacksonDatabind-39,7,1,1.0,0.3333333333333333,1.0,1.0,3.0,fused_rule
d4j-JacksonDatabind-40,7,1,1.0,0.3333333333333333,1.0,1.0,3.0,fused_rule
d4j-JacksonDatabind-41,3,1,1.0,0.3333333333333333,1.0,1.0,3.0,fused_rule
d4j-JacksonDatabind-42,4,1,1.0,0.3333333333333333,1.0,1.0,3.0,fused_rule
d4j-JacksonDatabind-43,3,1,1.0,0.3333333333333333,1.0,1.0,3.0,fused_rule
d4j-JacksonDatabind-44,3,1,1.0,0.3333333333333333,1.0,1.0,3.0,fused_rule
d4j-JacksonDatabind-45,8,1,1.0,0.3333333333333333,1.0,1.0,3.0,fused_rule
d4j-JacksonDatabind-46,4,1,1.0,0.3333333333333333,1.0,1.0,3.0,fused_rule
d4j-JacksonDatabind-47,5,1,1.0,0.3333333333333333,1.0,1.0,3.0,fused_rule
d4j-JacksonDatabind-48,8,2,1.0,0.6666666666666666,1.0,1.0,3.0,fused_rule
d4j-JacksonDatabind-49,6,1,1.0,0.3333333333333333,1.0,1.0,3.0,fused_rule
d4j-JacksonDatabind-50,4,1,1.0,0.3333333333333333,1.0,1.0,3.0,fused_rule
d4j-JacksonDatabind-51,4,1,1.0,0.3333333333333333,1.0,1.0,3.0,fused_rule
d4j-JacksonDatabind-52,5,2,1.0,0.6666666666666666,1.0,1.0,3.0,fused_rule
d4j-JacksonDatabind-53,3,2,1.0,0.6666666666666666,1.0,1.0,3.0,fused_rule
d4j-JacksonDatabind-54,6,1,1.0,0.3333333333333333,1.0,1.0,3.0,fused_rule
d4j-JacksonDatabind-55,3,1,1.0,0.3333333333333333,1.0,1.0,3.0,fused_rule
d4j-JacksonDatabind-56,6,1,1.0,0.3333333333333333,1.0,1.0,3.0,fused_rule
d4j-JacksonDatabind-57,4,1,1.0,0.3333333333333333,1.0,1.0,3.0,fused_rule
d4j-JacksonDatabind-58,8,1,1.0,0.3333333333333333,1.0,1.0,3.0,fused_rule
d4j-JacksonDatabind-59,6,4,1.0,1.0,1.0,1.0,3.0,fused_rule
d4j-JacksonDatabind-60,5,1,1.0,0.3333333333333333,1.0,1.0,3.0,fused_rule
d4j-JacksonDatabind-61,8,2,1.0,0.6666666666666666,1.0,1.0,3.0,fused_rule
d4j-JacksonDatabind-62,7,1,1.0,0.3333333333333333,1.0,1.0,3.0,fused_rule
d4j-JacksonDatabind-63,4,1,1.0,0.3333333333333333,1.0,1.0,3.0,fused_rule
d4j-JacksonDatabind-64,4,1,1.0,0.3333333333333333,1.0,1.0,3.0,fused_rule
d4j-JacksonDatabind-66,3,1,1.0,0.3333333333333333,1.0,1.0,3.0,fused_rule
d4j-JacksonDatabind-67,4,1,1.0,0.3333333333333333,1.0,1.0,3.0,fused_rule
d4j-JacksonDatabind-68,8,1,1.0,0.3333333333333333,1.0,1.0,3.0,fused_rule
d4j-JacksonDatabind-69,5,1,1.0,0.3333333333333333,1.0,1.0,3.0,fused_rule
d4j-JacksonDatabind-70,8,1,1.0,0.3333333333333333,1.0,1.0,3.0,fused_rule
d4j-JacksonDatabind-71,3,1,1.0,0.3333333333333333,1.0,1.0,3.0,fused_rule
d4j-JacksonDatabind-72,8,1,1.0,0.3333333333333333,1.0,1.0,3.0,fused_rule
d4j-JacksonDatabind-73,3,2,1.0,0.6666666666666666,1.0,1.0,3.0,fused_rule
d4j-JacksonDatabind-74,3,1,1.0,0.3333333333333333,1.0,1.0,3.0,fused_rule
d4j-JacksonDatabind-75,7,1,1.0,0.3333333333333333,1.0,1.0,3.0,fused_rule
d4j-JacksonDatabind-76,7,1,1.0,0.3333333333333333,1.0,1.0,3.0,fused_rule
d4j-JacksonDatabind-77,3,1,1.0,0.3333333333333333,1.0,1.0,3.0,fused_rule
d4j-JacksonDatabind-78,5,1,1.0,0.3333333333333333,1.0,1.0,3.0,fused_rule
d4j-JacksonDatabind-79,7,3,1.0,1.0,1.0,1.0,3.0,fused_rule
d4j-JacksonDatabind-80,5,1,1.0,0.3333333333333333,1.0,1.0,3.0,fused_rule
d4j-JacksonDatabind-81,3,1,1.0,0.3333333333333333,1.0,1.0,3.0,fused_rule
d4j-JacksonDatabind-82,4,1,1.0,0.3333333333333333,1.0,1.0,3.0,fused_rule
d4j-JacksonDatabind-83,8,1,1.0,0.3333333333333333,1.0,1.0,3.0,fused_rule
d4j-JacksonDatabind-84,7,1,1.0,0.3333333333333333,1.0,1.0,3.0,fused_rule
d4j-JacksonDatabind-85,5,1,1.0,0.3333333333333333,1.0,1.0,3.0,fused_rule
d4j-JacksonDatabind-86,7,1,1.0,0.3333333333333333,1.0,1.0,3.0,fused_rule
d4j-JacksonDatabind-87,7,1,1.0,0.3333333333333333,1.0,1.0,3.0,fused_rule
d4j-JacksonDatabind-88,3,1,1.0,0.3333333333333333,1.0,1.0,3.0,fused_rule
d4j-JacksonDatabind-90,6,2,1.0,0.6666666666666666,1.0,1.0,3.0,fused_rule
d4j-JacksonDatabind-91,6,1,1.0,0.3333333333333333,1.0,1.0,3.0,fused_rule
d4j-JacksonDatabind-92,5,1,1.0,0.3333333333333333,1.0,1.0,3.0,fused_rule
d4j-JacksonDatabind-93,6,1,1.0,0.3333333333333333,1.0,1.0,3.0,fused_rule
d4j-JacksonDatabind-94,6,1,1.0,0.3333333333333333,1.0,1.0,3.0,fused_rule
d4j-JacksonDatabind-95,7,2,1.0,0.6666666666666666,1.0,1.0,3.0,fused_rule
d4j-JacksonDatabind-96,4,1,1.0,0.3333333333333333,1.0,1.0,3.0,fused_rule
d4j-JacksonDatabind-97,5,1,1.0,0.3333333333333333,1.0,1.0,3.0,fused_rule
d4j-JacksonDatabind-98,8,1,1.0,0.3333333333333333,1.0,1.0,3.0,fused_rule
d4j-JacksonDatabind-99,6,1,1.0,0.3333333333333333,1.0,1.0,3.0,fused_rule
d4j-JacksonDatabind-100,3,1,1.0,0.3333333333333333,1.0,1.0,3.0,fused_rule
d4j-JacksonDatabind-101,8,1,1.0,0.3333333333333333,1.0,1.0,3.0,fused_rule
d4j-JacksonDatabind-102,4,1,1.0,0.3333333333333333,1.0,1.0,3.0,fused_rule
d4j-JacksonDatabind-103,8,5,1.0,1.0,1.0,1.0,3.0,fused_rule
d4j-JacksonDatabind-104,7,1,1.0,0.3333333333333333,1.0,1.0,3.0,fused_rule
d4j-JacksonDatabind-105,3,1,1.0,0.3333333333333333,1.0,1.0,3.0,fused_rule
d4j-JacksonDatabind-106,7,1,1.0,0.3333333333333333,1.0,1.0,3.0,fused_rule
d4j-JacksonDatabind-107,6,1,1.0,0.3333333333333333,1.0,1.0,3.0,fused_rule
d4j-JacksonDatabind-108,8,1,1.0,0.3333333333333333,1.0,1.0,3.0,fused_rule
d4j-JacksonDatabind-109,7,2,1.0,0.6666666666666666,1.0,1.0,3.0,fused_rule
d4j-JacksonDatabind-110,3,1,0.0,0.3333333333333333,1.0,0.5,6.0,fused_rule
d4j-JacksonDatabind-111,5,5,1.0,1.0,1.0,1.0,3.0,fused_rule
d4j-JacksonDatabind-112,4,1,1.0,0.3333333333333333,1.0,1.0,3.0,fused_rule
d4j-JacksonXml-1,7,1,1.0,0.3333333333333333,1.0,1.0,3.0,fused_rule
d4j-JacksonXml-2,7,1,1.0,0.3333333333333333,1.0,1.0,3.0,fused_rule
d4j-JacksonXml-3,7,1,1.0,0.3333333333333333,1.0,1.0,3.0,fused_rule
d4j-JacksonXml-4,7,1,1.0,0.3333333333333333,1.0,1.0,3.0,fused_rule
d4j-JacksonXml-5,5,1,1.0,0.3333333333333333,1.0,1.0,3.0,fused_rule
d4j-JacksonXml-6,4,1,1.0,0.3333333333333333,1.0,1.0,3.0,fused_rule
d4j-Jsoup-1,7,1,1.0,0.3333333333333333,1.0,1.0,3.0,fused_rule
d4j-Jsoup-2,4,1,1.0,0.3333333333333333,1.0,1.0,3.0,fused_rule
d4j-Jsoup-3,7,3,1.0,1.0,1.0,1.0,3.0,fused_rule
d4j-Jsoup-4,4,1,1.0,0.3333333333333333,1.0,1.0,3.0,fused_rule
d4j-Jsoup-5,4,1,1.0,0.3333333333333333,1.0,1.0,3.0,fused_rule
d4j-Jsoup-6,3,1,1.0,0.3333333333333333,1.0,1.0,3.0,fused_rule
d4j-Jsoup-7,4,1,1.0,0.3333333333333333,1.0,1.0,3.0,fused_rule
d4j-Jsoup-8,5,1,1.0,0.3333333333333333,1.0,1.0,3.0,fused_rule
d4j-Jsoup-9,3,1,1.0,0.3333333333333333,1.0,1.0,3.0,fused_rule
d4j-Jsoup-10,4,1,1.0,0.3333333333333333,1.0,1.0,3.0,fused_rule
d4j-Jsoup-11,6,1,1.0,0.3333333333333333,1.0,1.0,3.0,fused_rule
d4j-Jsoup-12,4,1,1.0,0.3333333333333333,1.0,1.0,3.0,fused_rule
d4j-Jsoup-13,8,1,1.0,0.3333333333333333,1.0,1.0,3.0,fused_rule
d4j-Jsoup-14,6,2,1.0,0.6666666666666666,1.0,1.0,3.0,fused_rule
d4j-Jsoup-15,6,1,1.0,0.3333333333333333,1.0,1.0,3.0,fused_rule
d4j-Jsoup-16,6,1,1.0,0.3333333333333333,1.0,1.0,3.0,fused_rule
d4j-Jsoup-17,8,1,1.0,0.3333333333333333,1.0,1.0,3.0,fused_rule
d4j-Jsoup-18,7,1,1.0,0.3333333333333333,1.0,1.0,3.0,fused_rule
d4j-Jsoup-19,3,1,1.0,0.3333333333333333,1.0,1.0,3.0,fused_rule
d4j-Jsoup-20,5,1,1.0,0.3333333333333333,1.0,1.0,3.0,fused_rule
d4j-Jsoup-21,4,2,1.0,0.6666666666666666,1.0,1.0,3.0,fused_rule
d4j-Jsoup-22,3,3,1.0,1.0,1.0,1.0,3.0,fused_rule
d4j-Jsoup-23,5,2,1.0,0.6666666666666666,1.0,1.0,3.0,fused_rule
d4j-Jsoup-24,3,1,1.0,0.3333333333333333,1.0,1.0,3.0,fused_rule
d4j-Jsoup-25,4,1,1.0,0.3333333333333333,1.0,1.0,3.0,fused_rule
d4j-Jsoup-26,3,1,1.0,0.3333333333333333,1.0,1.0,3.0,fused_rule
d4j-Jsoup-27,5,1,1.0,0.3333333333333333,1.0,1.0,3.0,fused_rule
d4j-Jsoup-28,7,3,1.0,1.0,1.0,1.0,3.0,fused_rule
d4j-Jsoup-29,8,1,1.0,0.3333333333333333,1.0,1.0,3.0,fused_rule
d4j-Jsoup-30,3,1,1.0,0.3333333333333333,1.0,1.0,3.0,fused_rule
d4j-Jsoup-31,5,3,1.0,1.0,1.0,1.0,3.0,fused_rule
d4j-Jsoup-32,4,1,1.0,0.3333333333333333,1.0,1.0,3.0,fused_rule
d4j-Jsoup-33,7,1,1.0,0.3333333333333333,1.0,1.0,3.0,fused_rule
d4j-Jsoup-34,5,1,1.0,0.3333333333333333,1.0,1.0,3.0,fused_rule
d4j-Jsoup-35,7,1,1.0,0.3333333333333333,1.0,1.0,3.0,fused_rule
d4j-Jsoup-36,5,1,1.0,0.3333333333333333,1.0,1.0,3.0,fused_rule
d4j-Jsoup-37,7,1,1.0,0.3333333333333333,1.0,1.0,3.0,fused_rule
d4j-Jsoup-38,4,1,1.0,0.3333333333333333,1.0,1.0,3.0,fused_rule
d4j-Jsoup-39,3,1,1.0,0.3333333333333333,1.0,1.0,3.0,fused_rule
d4j-Jsoup-40,7,1,1.0,0.3333333333333333,1.0,1.0,3.0,fused_rule
d4j-Jsoup-41,3,1,1.0,0.3333333333333333,1.0,1.0,3.0,fused_rule
d4j-Jsoup-42,8,1,1.0,0.3333333333333333,1.0,1.0,3.0,fused_rule
d4j-Jsoup-43,3,1,1.0,0.3333333333333333,1.0,1.0,3.0,fused_rule
d4j-Jsoup-44,5,1,1.0,0.3333333333333333,1.0,1.0,3.0,fused_rule
d4j-Jsoup-45,7,1,1.0,0.3333333333333333,1.0,1.0,3.0,fused_rule
d4j-Jsoup-46,4,1,1.0,0.3333333333333333,1.0,1.0,3.0,fused_rule
d4j-Jsoup-47,8,1,1.0,0.3333333333333333,1.0,1.0,3.0,fused_rule
d4j-Jsoup-48,5,1,1.0,0.3333333333333333,1.0,1.0,3.0,fused_rule
d4j-Jsoup-49,7,1,1.0,0.3333333333333333,1.0,1.0,3.0,fused_rule
d4j-Jsoup-50,4,1,1.0,0.3333333333333333,1.0,1.0,3.0,fused_rule
d4j-Jsoup-51,5,1,1.0,0.3333333333333333,1.0,1.0,3.0,fused_rule
d4j-Jsoup-52,3,3,1.0,1.0,1.0,1.0,3.0,fused_rule
d4j-Jsoup-53,8,1,1.0,0.3333333333333333,1.0,1.0,3.0,fused_rule
d4j-Jsoup-54,6,1,1.0,0.3333333333333333,1.0,1.0,3.0,fused_rule
d4j-Jsoup-55,3,1,1.0,0.3333333333333333,1.0,1.0,3.0,fused_rule
d4j-Jsoup-56,6,5,1.0,1.0,1.0,1.0,3.0,fused_rule
d4j-Jsoup-57,8,1,1.0,0.3333333333333333,1.0,1.0,3.0,fused_rule
d4j-Jsoup-58,3,3,1.0,1.0,1.0,1.0,3.0,fused_rule
d4j-Jsoup-59,4,1,1.0,0.3333333333333333,1.0,1.0,3.0,fused_rule
d4j-Jsoup-60,5,2,1.0,0.6666666666666666,1.0,1.0,3.0,fused_rule
d4j-Jsoup-61,3,1,1.0,0.3333333333333333,1.0,1.0,3.0,fused_rule
d4j-Jsoup-62,7,1,1.0,0.3333333333333333,1.0,1.0,3.0,fused_rule
d4j-Jsoup-63,8,2,1.0,0.6666666666666666,1.0,1.0,3.0,fused_rule
d4j-Jsoup-64,4,1,1.0,0.3333333333333333,1.0,1.0,3.0,fused_rule
d4j-Jsoup-65,7,2,1.0,0.6666666666666666,1.0,1.0,3.0,fused_rule
d4j-Jsoup-66,7,1,1.0,0.3333333333333333,1.0,1.0,3.0,fused_rule
d4j-Jsoup-67,3,1,1.0,0.3333333333333333,1.0,1.0,3.0,fused_rule
d4j-Jsoup-68,3,1,1.0,0.3333333333333333,1.0,1.0,3.0,fused_rule
d4j-Jsoup-69,7,1,1.0,0.3333333333333333,1.0,1.0,3.0,fused_rule
d4j-Jsoup-70,5,1,1.0,0.3333333333333333,1.0,1.0,3.0,fused_rule
d4j-Jsoup-71,7,3,1.0,1.0,1.0,1.0,3.0,fused_rule
d4j-Jsoup-72,3,1,1.0,0.3333333333333333,1.0,1.0,3.0,fused_rule
d4j-Jsoup-73,6,1,1.0,0.3333333333333333,1.0,1.0,3.0,fused_rule
d4j-Jsoup-74,3,1,1.0,0.3333333333333333,1.0,1.0,3.0,fused_rule
d4j-Jsoup-75,7,1,1.0,0.3333333333333333,1.0,1.0,3.0,fused_rule
d4j-Jsoup-76,5,1,1.0,0.3333333333333333,1.0,1.0,3.0,fused_rule
d4j-Jsoup-77,8,1,1.0,0.3333333333333333,1.0,1.0,3.0,fused_rule
d4j-Jsoup-78,6,1,1.0,0.3333333333333333,1.0,1.0,3.0,fused_rule
d4j-Jsoup-79,4,1,1.0,0.3333333333333333,1.0,1.0,3.0,fused_rule
d4j-Jsoup-80,8,1,1.0,0.3333333333333333,1.0,1.0,3.0,fused_rule
d4j-Jsoup-81,4,1,1.0,0.3333333333333333,1.0,1.0,3.0,fused_rule
d4j-Jsoup-82,6,1,1.0,0.3333333333333333,1.0,1.0,3.0,fused_rule
d4j-Jsoup-83,4,2,1.0,0.6666666666666666,1.0,1.0,3.0,fused_rule
d4j-Jsoup-84,3,1,1.0,0.3333333333333333,1.0,1.0,3.0,fused_rule
d4j-Jsoup-85,8,1,1.0,0.3333333333333333,1.0,1.0,3.0,fused_rule
d4j-Jsoup-86,7,1,1.0,0.3333333333333333,1.0,1.0,3.0,fused_rule
d4j-Jsoup-87,8,4,1.0,1.0,1.0,1.0,3.0,fused_rule
d4j-Jsoup-88,4,1,1.0,0.3333333333333333,1.0,1.0,3.0,fused_rule
d4j-Jsoup-89,4,1,1.0,0.3333333333333333,1.0,1.0,3.0,fused_rule
d4j-Jsoup-90,5,1,1.0,0.3333333333333333,1.0,1.0,3.0,fused_rule
d4j-Jsoup-91,8,2,1.0,0.6666666666666666,1.0,1.0,3.0,fused_rule
d4j-Jsoup-92,7,5,1.0,1.0,1.0,1.0,3.0,fused_rule
d4j-Jsoup-93,4,1,1.0,0.3333333333333333,1.0,1.0,3.0,fused_rule
d4j-JxPath-1,4,2,1.0,0.6666666666666666,1.0,1.0,3.0,fused_rule
d4j-JxPath-2,7,1,1.0,0.3333333333333333,1.0,1.0,3.0,fused_rule
d4j-JxPath-3,4,1,1.0,0.3333333333333333,1.0,1.0,3.0,fused_rule
d4j-JxPath-4,3,2,1.0,0.6666666666666666,1.0,1.0,3.0,fused_rule
d4j-JxPath-5,4,1,1.0,0.3333333333333333,1.0,1.0,3.0,fused_rule
d4j-JxPath-6,5,1,1.0,0.3333333333333333,1.0,1.0,3.0,fused_rule
d4j-JxPath-7,5,5,1.0,1.0,1.0,1.0,3.0,fused_rule
d4j-JxPath-8,6,1,1.0,0.3333333333333333,1.0,1.0,3.0,fused_rule
d4j-JxPath-9,3,3,1.0,1.0,1.0,1.0,3.0,fused_rule
d4j-JxPath-10,7,1,1.0,0.3333333333333333,1.0,1.0,3.0,fused_rule
d4j-JxPath-11,4,2,1.0,0.6666666666666666,1.0,1.0,3.0,fused_rule
d4j-JxPath-12,6,1,1.0,0.3333333333333333,1.0,1.0,3.0,fused_rule
d4j-JxPath-13,3,2,1.0,0.6666666666666666,1.0,1.0,3.0,fused_rule
d4j-JxPath-14,4,1,1.0,0.3333333333333333,1.0,1.0,3.0,fused_rule
d4j-JxPath-15,5,1,1.0,0.3333333333333333,1.0,1.0,3.0,fused_rule
d4j-JxPath-16,8,2,1.0,0.6666666666666666,1.0,1.0,3.0,fused_rule
d4j-JxPath-17,4,2,1.0,0.6666666666666666,1.0,1.0,3.0,fused_rule
d4j-JxPath-18,6,1,1.0,0.3333333333333333,1.0,1.0,3.0,fused_rule
d4j-JxPath-19,8,2,1.0,0.6666666666666666,1.0,1.0,3.0,fused_rule
d4j-JxPath-20,7,1,1.0,0.3333333333333333,1.0,1.0,3.0,fused_rule
d4j-JxPath-21,5,1,1.0,0.3333333333333333,1.0,1.0,3.0,fused_rule
d4j-JxPath-22,6,1,1.0,0.3333333333333333,1.0,1.0,3.0,fused_rule
d4j-Lang-1,3,1,1.0,0.3333333333333333,1.0,1.0,3.0,fused_rule
d4j-Lang-3,3,1,1.0,0.3333333333333333,1.0,1.0,3.0,fused_rule
d4j-Lang-4,3,1,1.0,0.3333333333333333,1.0,1.0,3.0,fused_rule
d4j-Lang-5,3,1,1.0,0.3333333333333333,1.0,1.0,3.0,fused_rule
d4j-Lang-6,5,1,1.0,0.3333333333333333,1.0,1.0,3.0,fused_rule
d4j-Lang-7,3,1,1.0,0.3333333333333333,1.0,1.0,3.0,fused_rule
d4j-Lang-8,8,1,1.0,0.3333333333333333,1.0,1.0,3.0,fused_rule
d4j-Lang-9,4,1,1.0,0.3333333333333333,1.0,1.0,3.0,fused_rule
d4j-Lang-10,7,1,1.0,0.3333333333333333,1.0,1.0,3.0,fused_rule
d4j-Lang-11,7,1,1.0,0.3333333333333333,1.0,1.0,3.0,fused_rule
d4j-Lang-12,8,1,0.0,0.3333333333333333,1.0,0.5,6.0,fused_rule
d4j-Lang-13,6,1,1.0,0.3333333333333333,1.0,1.0,3.0,fused_rule
d4j-Lang-14,6,1,1.0,0.3333333333333333,1.0,1.0,3.0,fused_rule
d4j-Lang-15,3,1,1.0,0.3333333333333333,1.0,1.0,3.0,fused_rule
d4j-Lang-16,3,1,1.0,0.3333333333333333,1.0,1.0,3.0,fused_rule
d4j-Lang-17,7,1,1.0,0.3333333333333333,1.0,1.0,3.0,fused_rule
d4j-Lang-19,6,1,1.0,0.3333333333333333,1.0,1.0,3.0,fused_rule
d4j-Lang-20,3,1,1.0,0.3333333333333333,1.0,1.0,3.0,fused_rule
d4j-Lang-21,5,1,1.0,0.3333333333333333,1.0,1.0,3.0,fused_rule
d4j-Lang-22,3,1,1.0,0.3333333333333333,1.0,1.0,3.0,fused_rule
d4j-Lang-23,7,1,1.0,0.3333333333333333,1.0,1.0,3.0,fused_rule
d4j-Lang-24,3,1,1.0,0.3333333333333333,1.0,1.0,3.0,fused_rule
d4j-Lang-26,5,1,1.0,0.3333333333333333,1.0,1.0,3.0,fused_rule
d4j-Lang-27,3,1,1.0,0.3333333333333333,1.0,1.0,3.0,fused_rule
d4j-Lang-28,3,1,1.0,0.3333333333333333,1.0,1.0,3.0,fused_rule
d4j-Lang-29,4,1,1.0,0.3333333333333333,1.0,1.0,3.0,fused_rule
d4j-Lang-30,6,1,1.0,0.3333333333333333,1.0,1.0,3.0,fused_rule
d4j-Lang-31,5,1,1.0,0.3333333333333333,1.0,1.0,3.0,fused_rule
d4j-Lang-32,5,1,1.0,0.3333333333333333,1.0,1.0,3.0,fused_rule
d4j-Lang-33,4,1,1.0,0.3333333333333333,1.0,1.0,3.0,fused_rule
d4j-Lang-34,7,1,1.0,0.3333333333333333,1.0,1.0,3.0,fused_rule
d4j-Lang-35,3,1,1.0,0.3333333333333333,1.0,1.0,3.0,fused_rule
d4j-Lang-36,3,1,1.0,0.3333333333333333,1.0,1.0,3.0,fused_rule
d4j-Lang-37,6,1,1.0,0.3333333333333333,1.0,1.0,3.0,fused_rule
d4j-Lang-38,4,1,1.0,0.3333333333333333,1.0,1.0,3.0,fused_rule
d4j-Lang-39,5,1,1.0,0.3333333333333333,1.0,1.0,3.0,fused_rule
d4j-Lang-40,5,1,1.0,0.3333333333333333,1.0,1.0,3.0,fused_rule
d4j-Lang-41,8,1,1.0,0.3333333333333333,1.0,1.0,3.0,fused_rule
d4j-Lang-42,8,1,1.0,0.3333333333333333,1.0,1.0,3.0,fused_rule
d4j-Lang-43,3,1,1.0,0.3333333333333333,1.0,1.0,3.0,fused_rule
d4j-Lang-44,7,1,1.0,0.3333333333333333,1.0,1.0,3.0,fused_rule
d4j-Lang-45,8,1,1.0,0.3333333333333333,1.0,1.0,3.0,fused_rule
d4j-Lang-46,5,1,1.0,0.3333333333333333,1.0,1.0,3.0,fused_rule
d4j-Lang-47,7,1,1.0,0.3333333333333333,1.0,1.0,3.0,fused_rule
d4j-Lang-49,4,1,1.0,0.3333333333333333,1.0,1.0,3.0,fused_rule
d4j-Lang-50,5,1,1.0,0.3333333333333333,1.0,1.0,3.0,fused_rule
d4j-Lang-51,5,1,1.0,0.3333333333333333,1.0,1.0,3.0,fused_rule
d4j-Lang-52,6,1,1.0,0.3333333333333333,1.0,1.0,3.0,fused_rule
d4j-Lang-53,5,1,1.0,0.3333333333333333,1.0,1.0,3.0,fused_rule
d4j-Lang-54,7,1,0.0,0.3333333333333333,1.0,0.5,6.0,fused_rule
d4j-Lang-55,4,1,1.0,0.3333333333333333,1.0,1.0,3.0,fused_rule
d4j-Lang-56,4,1,1.0,0.3333333333333333,1.0,1.0,3.0,fused_rule
d4j-Lang-57,7,1,1.0,0.3333333333333333,1.0,1.0,3.0,fused_rule
d4j-Lang-58,3,1,1.0,0.3333333333333333,1.0,1.0,3.0,fused_rule
d4j-Lang-59,5,1,1.0,0.3333333333333333,1.0,1.0,3.0,fused_rule
d4j-Lang-60,6,1,1.0,0.3333333333333333,1.0,1.0,3.0,fused_rule
d4j-Lang-61,5,1,1.0,0.3333333333333333,1.0,1.0,3.0,fused_rule
d4j-Lang-62,4,1,1.0,0.3333333333333333,1.0,1.0,3.0,fused_rule
d4j-Lang-63,5,1,1.0,0.3333333333333333,1.0,1.0,3.0,fused_rule
d4j-Lang-64,3,1,1.0,0.3333333333333333,1.0,1.0,3.0,fused_rule
d4j-Lang-65,3,1,1.0,0.3333333333333333,1.0,1.0,3.0,fused_rule
d4j-Math-1,8,2,1.0,0.6666666666666666,1.0,1.0,3.0,fused_rule
d4j-Math-2,6,1,1.0,0.3333333333333333,1.0,1.0,3.0,fused_rule
d4j-Math-3,5,1,1.0,0.3333333333333333,1.0,1.0,3.0,fused_rule
d4j-Math-4,3,2,1.0,0.6666666666666666,1.0,1.0,3.0,fused_rule
d4j-Math-5,7,1,1.0,0.3333333333333333,1.0,1.0,3.0,fused_rule
d4j-Math-6,5,5,1.0,1.0,1.0,1.0,3.0,fused_rule
d4j-Math-7,8,1,1.0,0.3333333333333333,1.0,1.0,3.0,fused_rule
d4j-Math-8,5,1,1.0,0.3333333333333333,1.0,1.0,3.0,fused_rule
d4j-Math-9,8,1,1.0,0.3333333333333333,1.0,1.0,3.0,fused_rule
d4j-Math-10,5,1,1.0,0.3333333333333333,1.0,1.0,3.0,fused_rule
d4j-Math-11,8,1,1.0,0.3333333333333333,1.0,1.0,3.0,fused_rule
d4j-Math-12,4,1,1.0,0.3333333333333333,1.0,1.0,3.0,fused_rule
d4j-Math-13,4,1,1.0,0.3333333333333333,1.0,1.0,3.0,fused_rule
d4j-Math-14,6,2,1.0,0.6666666666666666,1.0,1.0,3.0,fused_rule
d4j-Math-15,5,1,1.0,0.3333333333333333,1.0,1.0,3.0,fused_rule
d4j-Math-16,6,1,1.0,0.3333333333333333,1.0,1.0,3.0,fused_rule
d4j-Math-17,5,1,1.0,0.3333333333333333,1.0,1.0,3.0,fused_rule
d4j-Math-18,4,1,1.0,0.3333333333333333,1.0,1.0,3.0,fused_rule
d4j-Math-19,3,1,1.0,0.3333333333333333,1.0,1.0,3.0,fused_rule
d4j-Math-20,7,1,1.0,0.3333333333333333,1.0,1.0,3.0,fused_rule
d4j-Math-21,4,1,1.0,0.3333333333333333,1.0,1.0,3.0,fused_rule
d4j-Math-22,8,2,1.0,0.6666666666666666,1.0,1.0,3.0,fused_rule
d4j-Math-23,6,1,1.0,0.3333333333333333,1.0,1.0,3.0,fused_rule
d4j-Math-24,8,1,1.0,0.3333333333333333,1.0,1.0,3.0,fused_rule
d4j-Math-25,5,1,1.0,0.3333333333333333,1.0,1.0,3.0,fused_rule
d4j-Math-26,5,1,1.0,0.3333333333333333,1.0,1.0,3.0,fused_rule
d4j-Math-27,5,1,1.0,0.3333333333333333,1.0,1.0,3.0,fused_rule
d4j-Math-28,8,1,1.0,0.3333333333333333,1.0,1.0,3.0,fused_rule
d4j-Math-29,6,1,1.0,0.3333333333333333,1.0,1.0,3.0,fused_rule
d4j-Math-31,7,1,1.0,0.3333333333333333,1.0,1.0,3.0,fused_rule
d4j-Math-32,8,1,1.0,0.3333333333333333,1.0,1.0,3.0,fused_rule
d4j-Math-33,6,1,1.0,0.3333333333333333,1.0,1.0,3.0,fused_rule
d4j-Math-34,4,1,1.0,0.3333333333333333,1.0,1.0,3.0,fused_rule
d4j-Math-35,7,1,1.0,0.3333333333333333,1.0,1.0,3.0,fused_rule
d4j-Math-36,7,1,1.0,0.3333333333333333,1.0,1.0,3.0,fused_rule
d4j-Math-37,4,1,1.0,0.3333333333333333,1.0,1.0,3.0,fused_rule
d4j-Math-38,6,1,1.0,0.3333333333333333,1.0,1.0,3.0,fused_rule
d4j-Math-39,3,1,1.0,0.3333333333333333,1.0,1.0,3.0,fused_rule
d4j-Math-40,3,1,1.0,0.3333333333333333,1.0,1.0,3.0,fused_rule
d4j-Math-41,5,1,1.0,0.3333333333333333,1.0,1.0,3.0,fused_rule
d4j-Math-42,8,1,1.0,0.3333333333333333,1.0,1.0,3.0,fused_rule
d4j-Math-43,6,1,1.0,0.3333333333333333,1.0,1.0,3.0,fused_rule
d4j-Math-44,6,1,1.0,0.3333333333333333,1.0,1.0,3.0,fused_rule
d4j-Math-45,5,1,1.0,0.3333333333333333,1.0,1.0,3.0,fused_rule
d4j-Math-46,4,1,1.0,0.3333333333333333,1.0,1.0,3.0,fused_rule
d4j-Math-47,3,1,1.0,0.3333333333333333,1.0,1.0,3.0,fused_rule
d4j-Math-48,5,1,1.0,0.3333333333333333,1.0,1.0,3.0,fused_rule
d4j-Math-49,3,1,1.0,0.3333333333333333,1.0,1.0,3.0,fused_rule
d4j-Math-50,8,1,1.0,0.3333333333333333,1.0,1.0,3.0,fused_rule
d4j-Math-51,4,1,1.0,0.3333333333333333,1.0,1.0,3.0,fused_rule
d4j-Math-52,6,1,1.0,0.3333333333333333,1.0,1.0,3.0,fused_rule
d4j-Math-53,4,1,1.0,0.3333333333333333,1.0,1.0,3.0,fused_rule
d4j-Math-54,4,1,1.0,0.3333333333333333,1.0,1.0,3.0,fused_rule
d4j-Math-55,6,1,1.0,0.3333333333333333,1.0,1.0,3.0,fused_rule
d4j-Math-56,8,1,1.0,0.3333333333333333,1.0,1.0,3.0,fused_rule
d4j-Math-57,4,1,1.0,0.3333333333333333,1.0,1.0,3.0,fused_rule
d4j-Math-58,4,1,1.0,0.3333333333333333,1.0,1.0,3.0,fused_rule
d4j-Math-59,4,1,1.0,0.3333333333333333,1.0,1.0,3.0,fused_rule
d4j-Math-60,3,1,1.0,0.3333333333333333,1.0,1.0,3.0,fused_rule
d4j-Math-61,8,1,1.0,0.3333333333333333,1.0,1.0,3.0,fused_rule
d4j-Math-62,4,1,1.0,0.3333333333333333,1.0,1.0,3.0,fused_rule
d4j-Math-63,4,1,1.0,0.3333333333333333,1.0,1.0,3.0,fused_rule
d4j-Math-64,7,1,1.0,0.3333333333333333,1.0,1.0,3.0,fused_rule
d4j-Math-65,3,1,1.0,0.3333333333333333,1.0,1.0,3.0,fused_rule
d4j-Math-66,3,1,1.0,0.3333333333333333,1.0,1.0,3.0,fused_rule
d4j-Math-67,3,1,1.0,0.3333333333333333,1.0,1.0,3.0,fused_rule
d4j-Math-68,6,1,1.0,0.3333333333333333,1.0,1.0,3.0,fused_rule
d4j-Math-69,3,1,1.0,0.3333333333333333,1.0,1.0,3.0,fused_rule
d4j-Math-70,5,1,1.0,0.3333333333333333,1.0,1.0,3.0,fused_rule
d4j-Math-71,3,2,1.0,0.6666666666666666,1.0,1.0,3.0,fused_rule
d4j-Math-72,7,1,1.0,0.3333333333333333,1.0,1.0,3.0,fused_rule
d4j-Math-73,3,1,1.0,0.3333333333333333,1.0,1.0,3.0,fused_rule
d4j-Math-74,3,1,1.0,0.3333333333333333,1.0,1.0,3.0,fused_rule
d4j-Math-75,2,1,1.0,0.5,1.0,1.0,3.0,fused_rule
d4j-Math-76,7,1,1.0,0.3333333333333333,1.0,1.0,3.0,fused_rule
d4j-Math-77,7,2,1.0,0.6666666666666666,1.0,1.0,3.0,fused_rule
d4j-Math-78,4,1,1.0,0.3333333333333333,1.0,1.0,3.0,fused_rule
d4j-Math-79,5,1,1.0,0.3333333333333333,1.0,1.0,3.0,fused_rule
d4j-Math-80,6,1,1.0,0.3333333333333333,1.0,1.0,3.0,fused_rule
d4j-Math-81,7,1,1.0,0.3333333333333333,1.0,1.0,3.0,fused_rule
d4j-Math-82,6,1,1.0,0.3333333333333333,1.0,1.0,3.0,fused_rule
d4j-Math-83,3,1,1.0,0.3333333333333333,1.0,1.0,3.0,fused_rule
d4j-Math-84,3,1,1.0,0.3333333333333333,1.0,1.0,3.0,fused_rule
d4j-Math-85,5,1,1.0,0.3333333333333333,1.0,1.0,3.0,fused_rule
d4j-Math-86,8,1,1.0,0.3333333333333333,1.0,1.0,3.0,fused_rule
d4j-Math-87,6,1,1.0,0.3333333333333333,1.0,1.0,3.0,fused_rule
d4j-Math-88,3,1,1.0,0.3333333333333333,1.0,1.0,3.0,fused_rule
d4j-Math-89,2,1,1.0,0.5,1.0,1.0,3.0,fused_rule
d4j-Math-90,2,1,1.0,0.5,1.0,1.0,3.0,fused_rule
d4j-Math-91,6,1,1.0,0.3333333333333333,1.0,1.0,3.0,fused_rule
d4j-Math-92,5,1,1.0,0.3333333333333333,1.0,1.0,3.0,fused_rule
d4j-Math-93,4,1,1.0,0.3333333333333333,1.0,1.0,3.0,fused_rule
d4j-Math-94,5,1,1.0,0.3333333333333333,1.0,1.0,3.0,fused_rule
d4j-Math-95,5,1,1.0,0.3333333333333333,1.0,1.0,3.0,fused_rule
d4j-Math-96,3,1,1.0,0.3333333333333333,1.0,1.0,3.0,fused_rule
d4j-Math-97,3,1,1.0,0.3333333333333333,1.0,1.0,3.0,fused_rule
d4j-Math-98,8,2,1.0,0.6666666666666666,1.0,1.0,3.0,fused_rule
d4j-Math-99,3,1,1.0,0.3333333333333333,1.0,1.0,3.0,fused_rule
d4j-Math-101,3,1,1.0,0.3333333333333333,1.0,1.0,3.0,fused_rule
d4j-Math-103,7,1,1.0,0.3333333333333333,1.0,1.0,3.0,fused_rule
d4j-Math-104,3,1,1.0,0.3333333333333333,1.0,1.0,3.0,fused_rule
d4j-Math-105,1,1,1.0,1.0,1.0,1.0,3.0,fused_rule
d4j-Math-106,3,1,1.0,0.3333333333333333,1.0,1.0,3.0,fused_rule
d4j-Mockito-1,7,1,1.0,0.3333333333333333,1.0,1.0,3.0,fused_rule
d4j-Mockito-2,7,1,1.0,0.3333333333333333,1.0,1.0,3.0,fused_rule
d4j-Mockito-3,4,1,1.0,0.3333333333333333,1.0,1.0,3.0,fused_rule
d4j-Mockito-4,4,1,1.0,0.3333333333333333,1.0,1.0,3.0,fused_rule
d4j-Mockito-5,8,1,1.0,0.3333333333333333,1.0,1.0,3.0,fused_rule
d4j-Mockito-6,6,1,1.0,0.3333333333333333,1.0,1.0,3.0,fused_rule
d4j-Mockito-7,6,1,1.0,0.3333333333333333,1.0,1.0,3.0,fused_rule
d4j-Mockito-8,5,1,1.0,0.3333333333333333,1.0,1.0,3.0,fused_rule
d4j-Mockito-9,6,1,1.0,0.3333333333333333,1.0,1.0,3.0,fused_rule
d4j-Mockito-10,7,1,1.0,0.3333333333333333,1.0,1.0,3.0,fused_rule
d4j-Mockito-11,8,1,1.0,0.3333333333333333,1.0,1.0,3.0,fused_rule
d4j-Mockito-12,7,1,1.0,0.3333333333333333,1.0,1.0,3.0,fused_rule
d4j-Mockito-13,5,1,1.0,0.3333333333333333,1.0,1.0,3.0,fused_rule
d4j-Mockito-14,5,2,1.0,0.6666666666666666,1.0,1.0,3.0,fused_rule
d4j-Mockito-15,4,1,1.0,0.3333333333333333,1.0,1.0,3.0,fused_rule
d4j-Mockito-16,6,2,1.0,0.6666666666666666,1.0,1.0,3.0,fused_rule
d4j-Mockito-17,4,2,1.0,0.6666666666666666,1.0,1.0,3.0,fused_rule
d4j-Mockito-18,5,1,1.0,0.3333333333333333,1.0,1.0,3.0,fused_rule
d4j-Mockito-19,7,5,1.0,1.0,1.0,1.0,3.0,fused_rule
d4j-Mockito-20,6,1,1.0,0.3333333333333333,1.0,1.0,3.0,fused_rule
d4j-Mockito-21,5,1,1.0,0.3333333333333333,1.0,1.0,3.0,fused_rule
d4j-Mockito-22,5,1,1.0,0.3333333333333333,1.0,1.0,3.0,fused_rule
d4j-Mockito-23,7,1,1.0,0.3333333333333333,1.0,1.0,3.0,fused_rule
d4j-Mockito-24,6,1,1.0,0.3333333333333333,1.0,1.0,3.0,fused_rule
d4j-Mockito-25,4,1,1.0,0.3333333333333333,1.0,1.0,3.0,fused_rule
d4j-Mockito-26,3,1,1.0,0.3333333333333333,1.0,1.0,3.0,fused_rule
d4j-Mockito-27,3,1,1.0,0.3333333333333333,1.0,1.0,3.0,fused_rule
d4j-Mockito-28,6,1,1.0,0.3333333333333333,1.0,1.0,3.0,fused_rule
d4j-Mockito-29,4,1,1.0,0.3333333333333333,1.0,1.0,3.0,fused_rule
d4j-Mockito-30,8,2,1.0,0.6666666666666666,1.0,1.0,3.0,fused_rule
d4j-Mockito-31,3,1,1.0,0.3333333333333333,1.0,1.0,3.0,fused_rule
d4j-Mockito-32,6,1,1.0,0.3333333333333333,1.0,1.0,3.0,fused_rule
d4j-Mockito-33,7,1,1.0,0.3333333333333333,1.0,1.0,3.0,fused_rule
d4j-Mockito-34,8,1,1.0,0.3333333333333333,1.0,1.0,3.0,fused_rule
d4j-Mockito-35,6,1,1.0,0.3333333333333333,1.0,1.0,3.0,fused_rule
d4j-Mockito-36,3,1,1.0,0.3333333333333333,1.0,1.0,3.0,fused_rule
d4j-Mockito-37,6,1,1.0,0.3333333333333333,1.0,1.0,3.0,fused_rule
d4j-Mockito-38,1,1,1.0,1.0,1.0,1.0,3.0,fused_rule
d4j-Time-1,5,2,1.0,0.6666666666666666,1.0,1.0,3.0,fused_rule
d4j-Time-2,5,2,1.0,0.6666666666666666,1.0,1.0,3.0,fused_rule
d4j-Time-3,8,1,1.0,0.3333333333333333,1.0,1.0,3.0,fused_rule
d4j-Time-4,4,1,1.0,0.3333333333333333,1.0,1.0,3.0,fused_rule
d4j-Time-5,6,1,1.0,0.3333333333333333,1.0,1.0,3.0,fused_rule
d4j-Time-6,4,1,1.0,0.3333333333333333,1.0,1.0,3.0,fused_rule
d4j-Time-7,4,1,1.0,0.3333333333333333,1.0,1.0,3.0,fused_rule
d4j-Time-8,4,1,1.0,0.3333333333333333,1.0,1.0,3.0,fused_rule
d4j-Time-9,3,1,1.0,0.3333333333333333,1.0,1.0,3.0,fused_rule
d4j-Time-10,7,1,1.0,0.3333333333333333,1.0,1.0,3.0,fused_rule
d4j-Time-11,6,1,1.0,0.3333333333333333,1.0,1.0,3.0,fused_rule
d4j-Time-12,4,2,1.0,0.6666666666666666,1.0,1.0,3.0,fused_rule
d4j-Time-13,5,1,1.0,0.3333333333333333,1.0,1.0,3.0,fused_rule
d4j-Time-14,4,1,1.0,0.3333333333333333,1.0,1.0,3.0,fused_rule
d4j-Time-15,5,1,1.0,0.3333333333333333,1.0,1.0,3.0,fused_rule
d4j-Time-16,8,1,1.0,0.3333333333333333,1.0,1.0,3.0,fused_rule
d4j-Time-17,4,1,1.0,0.3333333333333333,1.0,1.0,3.0,fused_rule
d4j-Time-18,7,1,1.0,0.3333333333333333,1.0,1.0,3.0,fused_rule
d4j-Time-19,6,1,1.0,0.3333333333333333,1.0,1.0,3.0,fused_rule
d4j-Time-20,6,1,1.0,0.3333333333333333,1.0,1.0,3.0,fused_rule
d4j-Time-22,8,1,0.0,0.0,1.0,0.2,15.0,fused_rule
d4j-Time-23,4,1,0.0,0.3333333333333333,1.0,0.5,6.0,fused_rule
d4j-Time-24,3,1,0.0,0.3333333333333333,1.0,0.5,6.0,fused_rule
d4j-Time-25,3,1,0.0,0.3333333333333333,1.0,0.3333333333333333,9.0,fused_rule
d4j-Time-26,8,3,0.0,0.0,0.3333333333333333,0.2,15.0,fused_rule
d4j-Time-27,8,1,0.0,0.3333333333333333,1.0,0.3333333333333333,9.0,fused_rule
bip-PySnooper-1,3,2,1.0,0.6666666666666666,1.0,1.0,3.0,fused_rule
bip-PySnooper-2,3,1,1.0,0.3333333333333333,1.0,1.0,3.0,fused_rule
bip-PySnooper-3,3,1,0.0,0.3333333333333333,1.0,0.3333333333333333,9.0,fused_rule
bip-ansible-1,5,1,1.0,0.3333333333333333,1.0,1.0,3.0,fused_rule
bip-ansible-2,3,1,0.0,0.3333333333333333,1.0,0.5,6.0,fused_rule
bip-ansible-3,4,1,0.0,0.0,1.0,0.25,12.0,fused_rule
bip-ansible-4,4,1,0.0,0.3333333333333333,1.0,0.5,6.0,fused_rule
bip-ansible-5,7,1,0.0,0.3333333333333333,1.0,0.3333333333333333,9.0,fused_rule
bip-ansible-6,7,1,1.0,0.3333333333333333,1.0,1.0,3.0,fused_rule
bip-ansible-7,3,1,0.0,0.3333333333333333,1.0,0.5,6.0,fused_rule
bip-ansible-8,7,1,0.0,0.0,0.0,0.16666666666666666,18.0,fused_rule
bip-ansible-9,3,1,0.0,0.3333333333333333,1.0,0.5,6.0,fused_rule
bip-ansible-10,5,1,0.0,0.0,1.0,0.25,12.0,fused_rule
bip-ansible-11,4,1,0.0,0.3333333333333333,1.0,0.3333333333333333,9.0,fused_rule
bip-ansible-12,5,1,0.0,0.0,1.0,0.25,12.0,fused_rule
bip-ansible-13,7,2,1.0,0.6666666666666666,1.0,1.0,3.0,fused_rule
bip-ansible-14,5,1,0.0,0.0,1.0,0.25,12.0,fused_rule
bip-ansible-15,5,1,0.0,0.0,1.0,0.25,12.0,fused_rule
bip-ansible-16,3,1,0.0,0.3333333333333333,1.0,0.3333333333333333,9.0,fused_rule
bip-ansible-17,5,1,1.0,0.3333333333333333,1.0,1.0,3.0,fused_rule
bip-ansible-18,8,1,0.0,0.3333333333333333,1.0,0.5,6.0,fused_rule
bip-black-1,4,1,1.0,0.3333333333333333,1.0,1.0,3.0,fused_rule
bip-black-2,4,1,1.0,0.3333333333333333,1.0,1.0,3.0,fused_rule
bip-black-3,3,1,1.0,0.3333333333333333,1.0,1.0,3.0,fused_rule
bip-black-4,3,1,1.0,0.3333333333333333,1.0,1.0,3.0,fused_rule
bip-black-5,3,1,1.0,0.3333333333333333,1.0,1.0,3.0,fused_rule
bip-black-6,4,3,1.0,1.0,1.0,1.0,3.0,fused_rule
bip-black-7,4,1,1.0,0.3333333333333333,1.0,1.0,3.0,fused_rule
bip-black-8,4,1,1.0,0.3333333333333333,1.0,1.0,3.0,fused_rule
bip-black-9,4,1,1.0,0.3333333333333333,1.0,1.0,3.0,fused_rule
bip-black-10,4,1,0.0,0.3333333333333333,1.0,0.3333333333333333,9.0,fused_rule
bip-black-11,3,1,1.0,0.3333333333333333,1.0,1.0,3.0,fused_rule
bip-black-12,4,1,1.0,0.3333333333333333,1.0,1.0,3.0,fused_rule
bip-black-13,4,1,0.0,0.3333333333333333,1.0,0.3333333333333333,9.0,fused_rule
bip-black-14,3,1,1.0,0.3333333333333333,1.0,1.0,3.0,fused_rule
bip-black-15,4,1,1.0,0.3333333333333333,1.0,1.0,3.0,fused_rule
bip-black-16,4,1,1.0,0.3333333333333333,1.0,1.0,3.0,fused_rule
bip-black-17,4,1,1.0,0.3333333333333333,1.0,1.0,3.0,fused_rule
bip-black-18,4,1,1.0,0.3333333333333333,1.0,1.0,3.0,fused_rule
bip-black-19,3,1,1.0,0.3333333333333333,1.0,1.0,3.0,fused_rule
bip-black-20,4,1,1.0,0.3333333333333333,1.0,1.0,3.0,fused_rule
bip-black-21,4,1,1.0,0.3333333333333333,1.0,1.0,3.0,fused_rule
bip-black-22,4,1,1.0,0.3333333333333333,1.0,1.0,3.0,fused_rule
bip-black-23,4,2,1.0,0.3333333333333333,1.0,1.0,3.0,fused_rule
bip-cookiecutter-1,4,1,0.0,0.3333333333333333,1.0,0.5,6.0,fused_rule
bip-cookiecutter-2,4,1,1.0,0.3333333333333333,1.0,1.0,3.0,fused_rule
bip-cookiecutter-3,4,1,0.0,0.0,1.0,0.25,12.0,fused_rule
bip-cookiecutter-4,4,3,1.0,0.6666666666666666,1.0,1.0,3.0,fused_rule
bip-fastapi-1,4,4,1.0,1.0,1.0,1.0,3.0,fused_rule
bip-fastapi-2,7,1,1.0,0.3333333333333333,1.0,1.0,3.0,fused_rule
bip-fastapi-3,5,1,1.0,0.3333333333333333,1.0,1.0,3.0,fused_rule
bip-fastapi-4,3,1,0.0,0.3333333333333333,1.0,0.5,6.0,fused_rule
bip-fastapi-5,3,1,0.0,0.3333333333333333,1.0,0.5,6.0,fused_rule
bip-fastapi-6,5,1,0.0,0.3333333333333333,1.0,0.5,6.0,fused_rule
bip-fastapi-7,5,1,0.0,0.0,1.0,0.2,15.0,fused_rule
bip-fastapi-8,4,1,1.0,0.3333333333333333,1.0,1.0,3.0,fused_rule
bip-fastapi-9,3,1,1.0,0.3333333333333333,1.0,1.0,3.0,fused_rule
bip-fastapi-10,8,1,1.0,0.3333333333333333,1.0,1.0,3.0,fused_rule
bip-fastapi-11,6,1,1.0,0.3333333333333333,1.0,1.0,3.0,fused_rule
bip-fastapi-12,5,1,0.0,0.0,1.0,0.25,12.0,fused_rule
bip-fastapi-13,5,1,1.0,0.3333333333333333,1.0,1.0,3.0,fused_rule
bip-fastapi-14,7,1,0.0,0.0,1.0,0.2,15.0,fused_rule
bip-fastapi-15,7,1,1.0,0.3333333333333333,1.0,1.0,3.0,fused_rule
bip-fastapi-16,7,1,0.0,0.3333333333333333,1.0,0.3333333333333333,9.0,fused_rule
bip-httpie-1,4,1,0.0,0.0,1.0,0.25,12.0,fused_rule
bip-httpie-2,6,2,0.0,0.3333333333333333,0.5,0.3333333333333333,9.0,fused_rule
bip-httpie-3,5,1,0.0,0.0,1.0,0.25,12.0,fused_rule
bip-httpie-4,4,1,0.0,0.3333333333333333,1.0,0.3333333333333333,9.0,fused_rule
bip-httpie-5,5,1,0.0,0.0,1.0,0.25,12.0,fused_rule
bip-keras-1,8,3,1.0,0.6666666666666666,0.6666666666666666,1.0,3.0,fused_rule
bip-keras-2,5,1,0.0,0.0,1.0,0.25,12.0,fused_rule
bip-keras-3,7,1,1.0,0.3333333333333333,1.0,1.0,3.0,fused_rule
bip-keras-4,4,1,0.0,0.0,1.0,0.25,12.0,fused_rule
bip-keras-5,5,1,0.0,0.3333333333333333,1.0,0.5,6.0,fused_rule
bip-keras-6,6,1,0.0,0.3333333333333333,1.0,0.5,6.0,fused_rule
bip-keras-7,4,1,0.0,0.0,1.0,0.25,12.0,fused_rule
bip-keras-8,7,1,0.0,0.0,0.0,0.14285714285714285,21.0,fused_rule
bip-keras-9,3,1,1.0,0.3333333333333333,1.0,1.0,3.0,fused_rule
bip-keras-10,8,1,0.0,0.3333333333333333,1.0,0.3333333333333333,9.0,fused_rule
bip-keras-11,4,3,1.0,1.0,1.0,1.0,3.0,fused_rule
bip-keras-13,4,1,0.0,0.3333333333333333,1.0,0.5,6.0,fused_rule
bip-keras-14,7,1,0.0,0.3333333333333333,1.0,0.5,6.0,fused_rule
bip-keras-15,6,1,1.0,0.3333333333333333,1.0,1.0,3.0,fused_rule
bip-keras-16,5,1,0.0,0.3333333333333333,1.0,0.5,6.0,fused_rule
bip-keras-17,8,1,0.0,0.3333333333333333,1.0,0.3333333333333333,9.0,fused_rule
bip-keras-18,7,1,1.0,0.3333333333333333,1.0,1.0,3.0,fused_rule
bip-keras-19,6,2,1.0,0.6666666666666666,1.0,1.0,3.0,fused_rule
bip-keras-20,6,5,1.0,0.6666666666666666,0.8,1.0,3.0,fused_rule
bip-keras-21,4,1,1.0,0.3333333333333333,1.0,1.0,3.0,fused_rule
bip-keras-22,6,1,0.0,0.0,0.0,0.16666666666666666,18.0,fused_rule
bip-keras-23,6,1,0.0,0.3333333333333333,1.0,0.3333333333333333,9.0,fused_rule
bip-keras-24,6,1,0.0,0.3333333333333333,1.0,0.5,6.0,fused_rule
bip-keras-25,6,1,0.0,0.0,0.0,0.16666666666666666,18.0,fused_rule
bip-keras-26,8,1,1.0,0.3333333333333333,1.0,1.0,3.0,fused_rule
bip-keras-27,3,1,0.0,0.3333333333333333,1.0,0.5,6.0,fused_rule
bip-keras-28,6,1,0.0,0.0,1.0,0.2,15.0,fused_rule
bip-keras-29,6,1,1.0,0.3333333333333333,1.0,1.0,3.0,fused_rule
bip-keras-30,8,1,1.0,0.3333333333333333,1.0,1.0,3.0,fused_rule
bip-keras-31,6,1,1.0,0.3333333333333333,1.0,1.0,3.0,fused_rule
bip-keras-32,7,1,1.0,0.3333333333333333,1.0,1.0,3.0,fused_rule
bip-keras-33,8,1,0.0,0.0,0.0,0.125,24.0,fused_rule
bip-keras-34,8,2,0.0,0.6666666666666666,1.0,0.5,6.0,fused_rule
bip-keras-35,3,1,0.0,0.3333333333333333,1.0,0.5,6.0,fused_rule
bip-keras-36,3,1,1.0,0.3333333333333333,1.0,1.0,3.0,fused_rule
bip-keras-37,8,2,1.0,0.6666666666666666,1.0,1.0,3.0,fused_rule
bip-keras-38,4,1,1.0,0.3333333333333333,1.0,1.0,3.0,fused_rule
bip-keras-39,7,1,0.0,0.0,0.0,0.16666666666666666,18.0,fused_rule
bip-keras-40,7,1,1.0,0.3333333333333333,1.0,1.0,3.0,fused_rule
bip-keras-41,8,1,1.0,0.3333333333333333,1.0,1.0,3.0,fused_rule
bip-keras-42,6,2,0.0,0.6666666666666666,1.0,0.5,6.0,fused_rule
bip-keras-43,4,1,0.0,0.0,1.0,0.25,12.0,fused_rule
bip-keras-44,6,1,1.0,0.3333333333333333,1.0,1.0,3.0,fused_rule
bip-keras-45,7,1,1.0,0.3333333333333333,1.0,1.0,3.0,fused_rule
bip-luigi-1,7,1,0.0,0.0,0.0,0.16666666666666666,18.0,fused_rule
bip-luigi-2,4,1,0.0,0.3333333333333333,1.0,0.3333333333333333,9.0,fused_rule
bip-luigi-3,6,1,0.0,0.3333333333333333,1.0,0.5,6.0,fused_rule
bip-luigi-4,8,1,0.0,0.3333333333333333,1.0,0.5,6.0,fused_rule
bip-luigi-5,5,1,0.0,0.3333333333333333,1.0,0.3333333333333333,9.0,fused_rule
bip-luigi-6,3,1,1.0,0.3333333333333333,1.0,1.0,3.0,fused_rule
bip-luigi-7,5,1,1.0,0.3333333333333333,1.0,1.0,3.0,fused_rule
bip-luigi-8,8,1,1.0,0.3333333333333333,1.0,1.0,3.0,fused_rule
bip-luigi-9,8,1,0.0,0.0,0.0,0.14285714285714285,21.0,fused_rule
bip-luigi-10,4,1,1.0,0.3333333333333333,1.0,1.0,3.0,fused_rule
bip-luigi-11,6,1,1.0,0.3333333333333333,1.0,1.0,3.0,fused_rule
bip-luigi-12,4,1,0.0,0.0,1.0,0.25,12.0,fused_rule
bip-luigi-13,7,1,0.0,0.0,0.0,0.16666666666666666,18.0,fused_rule
bip-luigi-14,5,1,1.0,0.3333333333333333,1.0,1.0,3.0,fused_rule
bip-luigi-15,8,1,1.0,0.3333333333333333,1.0,1.0,3.0,fused_rule
bip-luigi-16,7,1,1.0,0.3333333333333333,1.0,1.0,3.0,fused_rule
bip-luigi-17,4,1,1.0,0.3333333333333333,1.0,1.0,3.0,fused_rule
bip-luigi-18,7,1,1.0,0.3333333333333333,1.0,1.0,3.0,fused_rule
bip-luigi-19,3,1,1.0,0.3333333333333333,1.0,1.0,3.0,fused_rule
bip-luigi-20,7,1,0.0,0.0,1.0,0.25,12.0,fused_rule
bip-luigi-21,3,1,1.0,0.3333333333333333,1.0,1.0,3.0,fused_rule
bip-luigi-22,7,1,1.0,0.3333333333333333,1.0,1.0,3.0,fused_rule
bip-luigi-23,8,2,1.0,0.6666666666666666,1.0,1.0,3.0,fused_rule
bip-luigi-24,7,1,0.0,0.0,0.0,0.14285714285714285,21.0,fused_rule
bip-luigi-25,4,1,1.0,0.3333333333333333,1.0,1.0,3.0,fused_rule
bip-luigi-26,7,1,0.0,0.0,0.0,0.16666666666666666,18.0,fused_rule
bip-luigi-27,5,1,1.0,0.3333333333333333,1.0,1.0,3.0,fused_rule
bip-luigi-28,7,1,0.0,0.3333333333333333,1.0,0.3333333333333333,9.0,fused_rule
bip-luigi-29,3,1,1.0,0.3333333333333333,1.0,1.0,3.0,fused_rule
bip-luigi-30,5,1,0.0,0.0,1.0,0.2,15.0,fused_rule
bip-luigi-31,4,1,1.0,0.3333333333333333,1.0,1.0,3.0,fused_rule
bip-luigi-32,3,1,1.0,0.3333333333333333,1.0,1.0,3.0,fused_rule
bip-luigi-33,8,1,0.0,0.3333333333333333,1.0,0.3333333333333333,9.0,fused_rule
bip-matplotlib-1,4,3,1.0,0.6666666666666666,1.0,1.0,3.0,fused_rule
bip-matplotlib-2,8,1,1.0,0.3333333333333333,1.0,1.0,3.0,fused_rule
bip-matplotlib-3,3,1,0.0,0.3333333333333333,1.0,0.3333333333333333,9.0,fused_rule
bip-matplotlib-4,6,2,1.0,0.3333333333333333,0.5,1.0,3.0,fused_rule
bip-matplotlib-5,8,1,1.0,0.3333333333333333,1.0,1.0,3.0,fused_rule
bip-matplotlib-6,4,1,1.0,0.3333333333333333,1.0,1.0,3.0,fused_rule
bip-matplotlib-7,4,1,1.0,0.3333333333333333,1.0,1.0,3.0,fused_rule
bip-matplotlib-8,5,1,1.0,0.3333333333333333,1.0,1.0,3.0,fused_rule
bip-matplotlib-9,4,1,1.0,0.3333333333333333,1.0,1.0,3.0,fused_rule
bip-matplotlib-10,7,1,0.0,0.3333333333333333,1.0,0.5,6.0,fused_rule
bip-matplotlib-11,6,1,0.0,0.3333333333333333,1.0,0.5,6.0,fused_rule
bip-matplotlib-12,7,1,1.0,0.3333333333333333,1.0,1.0,3.0,fused_rule
bip-matplotlib-13,4,1,1.0,0.3333333333333333,1.0,1.0,3.0,fused_rule
bip-matplotlib-14,5,1,0.0,0.3333333333333333,1.0,0.5,6.0,fused_rule
bip-matplotlib-15,7,4,1.0,0.3333333333333333,0.75,1.0,3.0,fused_rule
bip-matplotlib-16,8,1,0.0,0.3333333333333333,1.0,0.5,6.0,fused_rule
bip-matplotlib-17,4,1,0.0,0.3333333333333333,1.0,0.5,6.0,fused_rule
bip-matplotlib-18,6,1,0.0,0.3333333333333333,1.0,0.5,6.0,fused_rule
bip-matplotlib-19,5,1,1.0,0.3333333333333333,1.0,1.0,3.0,fused_rule
bip-matplotlib-20,5,2,0.0,0.3333333333333333,1.0,0.5,6.0,fused_rule
bip-matplotlib-21,8,1,1.0,0.3333333333333333,1.0,1.0,3.0,fused_rule
bip-matplotlib-22,7,1,1.0,0.3333333333333333,1.0,1.0,3.0,fused_rule
bip-matplotlib-23,3,1,0.0,0.3333333333333333,1.0,0.5,6.0,fused_rule
bip-matplotlib-24,5,1,1.0,0.3333333333333333,1.0,1.0,3.0,fused_rule
bip-matplotlib-25,4,1,0.0,0.3333333333333333,1.0,0.3333333333333333,9.0,fused_rule
bip-matplotlib-26,8,1,0.0,0.3333333333333333,1.0,0.5,6.0,fused_rule
bip-matplotlib-27,3,1,0.0,0.3333333333333333,1.0,0.3333333333333333,9.0,fused_rule
bip-matplotlib-28,6,1,1.0,0.3333333333333333,1.0,1.0,3.0,fused_rule
bip-matplotlib-29,7,1,1.0,0.3333333333333333,1.0,1.0,3.0,fused_rule
bip-matplotlib-30,7,1,0.0,0.3333333333333333,1.0,0.3333333333333333,9.0,fused_rule
bip-pandas-1,7,1,0.0,0.0,1.0,0.25,12.0,fused_rule
bip-pandas-2,5,1,0.0,0.0,1.0,0.2,15.0,fused_rule
bip-pandas-3,8,1,0.0,0.0,0.0,0.125,24.0,fused_rule
bip-pandas-4,4,1,0.0,0.3333333333333333,1.0,0.3333333333333333,9.0,fused_rule
bip-pandas-5,8,1,0.0,0.0,1.0,0.25,12.0,fused_rule
bip-pandas-6,8,1,1.0,0.3333333333333333,1.0,1.0,3.0,fused_rule
bip-pandas-7,6,1,0.0,0.3333333333333333,1.0,0.5,6.0,fused_rule
bip-pandas-8,4,1,0.0,0.0,1.0,0.25,12.0,fused_rule
bip-pandas-9,3,2,1.0,0.6666666666666666,1.0,1.0,3.0,fused_rule
bip-pandas-10,8,1,0.0,0.0,0.0,0.125,24.0,fused_rule
bip-pandas-11,4,1,1.0,0.3333333333333333,1.0,1.0,3.0,fused_rule
bip-pandas-12,7,1,1.0,0.3333333333333333,1.0,1.0,3.0,fused_rule
bip-pandas-13,4,1,0.0,0.3333333333333333,1.0,0.3333333333333333,9.0,fused_rule
bip-pandas-14,8,1,0.0,0.0,1.0,0.25,12.0,fused_rule
bip-pandas-15,8,1,0.0,0.0,0.0,0.16666666666666666,18.0,fused_rule
bip-pandas-16,3,1,1.0,0.3333333333333333,1.0,1.0,3.0,fused_rule
bip-pandas-17,8,1,0.0,0.0,1.0,0.25,12.0,fused_rule
bip-pandas-18,7,2,1.0,0.6666666666666666,1.0,1.0,3.0,fused_rule
bip-pandas-19,7,1,0.0,0.0,0.0,0.14285714285714285,21.0,fused_rule
bip-pandas-20,3,1,1.0,0.3333333333333333,1.0,1.0,3.0,fused_rule
bip-pandas-21,6,1,0.0,0.0,0.0,0.16666666666666666,18.0,fused_rule
bip-pandas-22,3,2,1.0,0.6666666666666666,1.0,1.0,3.0,fused_rule
bip-pandas-23,7,1,0.0,0.3333333333333333,1.0,0.5,6.0,fused_rule
bip-pandas-24,4,1,0.0,0.3333333333333333,1.0,0.5,6.0,fused_rule
bip-pandas-25,6,1,1.0,0.3333333333333333,1.0,1.0,3.0,fused_rule
bip-pandas-26,8,1,0.0,0.0,0.0,0.14285714285714285,21.0,fused_rule
bip-pandas-27,3,1,0.0,0.3333333333333333,1.0,0.5,6.0,fused_rule
bip-pandas-28,4,1,0.0,0.3333333333333333,1.0,0.3333333333333333,9.0,fused_rule
bip-pandas-29,4,1,0.0,0.3333333333333333,1.0,0.3333333333333333,9.0,fused_rule
bip-pandas-30,3,1,1.0,0.3333333333333333,1.0,1.0,3.0,fused_rule
bip-pandas-31,3,1,1.0,0.3333333333333333,1.0,1.0,3.0,fused_rule
bip-pandas-32,7,1,0.0,0.0,0.0,0.16666666666666666,18.0,fused_rule
bip-pandas-33,7,1,1.0,0.3333333333333333,1.0,1.0,3.0,fused_rule
bip-pandas-34,4,1,0.0,0.3333333333333333,1.0,0.3333333333333333,9.0,fused_rule
bip-pandas-35,8,1,0.0,0.0,1.0,0.2,15.0,fused_rule
bip-pandas-36,6,1,0.0,0.3333333333333333,1.0,0.5,6.0,fused_rule
bip-pandas-37,6,1,0.0,0.0,1.0,0.2,15.0,fused_rule
bip-pandas-38,5,1,0.0,0.3333333333333333,1.0,0.5,6.0,fused_rule
bip-pandas-39,4,1,0.0,0.3333333333333333,1.0,0.3333333333333333,9.0,fused_rule
bip-pandas-40,4,1,1.0,0.3333333333333333,1.0,1.0,3.0,fused_rule
bip-pandas-41,5,1,0.0,0.0,1.0,0.2,15.0,fused_rule
bip-pandas-43,3,1,0.0,0.3333333333333333,1.0,0.5,6.0,fused_rule
bip-pandas-44,5,5,1.0,1.0,1.0,1.0,3.0,fused_rule
bip-pandas-45,5,1,0.0,0.0,1.0,0.25,12.0,fused_rule
bip-pandas-46,4,2,0.0,0.3333333333333333,1.0,0.5,6.0,fused_rule
bip-pandas-47,8,2,1.0,0.3333333333333333,0.5,1.0,3.0,fused_rule
bip-pandas-48,5,1,0.0,0.0,1.0,0.25,12.0,fused_rule
bip-pandas-49,5,1,1.0,0.3333333333333333,1.0,1.0,3.0,fused_rule
bip-pandas-50,4,1,0.0,0.0,1.0,0.25,12.0,fused_rule
bip-pandas-51,5,1,1.0,0.3333333333333333,1.0,1.0,3.0,fused_rule
bip-pandas-52,4,1,0.0,0.3333333333333333,1.0,0.5,6.0,fused_rule
bip-pandas-53,4,2,1.0,0.3333333333333333,1.0,1.0,3.0,fused_rule
bip-pandas-54,5,1,0.0,0.3333333333333333,1.0,0.3333333333333333,9.0,fused_rule
bip-pandas-55,3,2,0.0,0.6666666666666666,1.0,0.5,6.0,fused_rule
bip-pandas-56,5,1,1.0,0.3333333333333333,1.0,1.0,3.0,fused_rule
bip-pandas-57,4,1,0.0,0.3333333333333333,1.0,0.3333333333333333,9.0,fused_rule
bip-pandas-58,4,1,0.0,0.0,1.0,0.25,12.0,fused_rule
bip-pandas-59,6,1,0.0,0.0,1.0,0.25,12.0,fused_rule
bip-pandas-60,5,1,1.0,0.3333333333333333,1.0,1.0,3.0,fused_rule
bip-pandas-61,3,1,0.0,0.3333333333333333,1.0,0.3333333333333333,9.0,fused_rule
bip-pandas-62,6,2,0.0,0.3333333333333333,1.0,0.3333333333333333,9.0,fused_rule
bip-pandas-63,8,1,0.0,0.0,0.0,0.125,24.0,fused_rule
bip-pandas-64,4,1,0.0,0.0,1.0,0.25,12.0,fused_rule
bip-pandas-65,6,2,0.0,0.0,0.5,0.25,12.0,fused_rule
bip-pandas-66,3,2,0.0,0.6666666666666666,1.0,0.5,6.0,fused_rule
bip-pandas-67,3,1,0.0,0.3333333333333333,1.0,0.3333333333333333,9.0,fused_rule
bip-pandas-68,3,1,0.0,0.3333333333333333,1.0,0.5,6.0,fused_rule
bip-pandas-69,6,1,0.0,0.0,0.0,0.16666666666666666,18.0,fused_rule
bip-pandas-70,4,2,1.0,0.6666666666666666,1.0,1.0,3.0,fused_rule
bip-pandas-71,7,1,0.0,0.0,1.0,0.25,12.0,fused_rule
bip-pandas-72,8,1,0.0,0.0,0.0,0.125,24.0,fused_rule
bip-pandas-73,7,2,1.0,0.3333333333333333,0.5,1.0,3.0,fused_rule
bip-pandas-74,7,1,1.0,0.3333333333333333,1.0,1.0,3.0,fused_rule
bip-pandas-75,8,1,0.0,0.0,0.0,0.16666666666666666,18.0,fused_rule
bip-pandas-76,3,1,1.0,0.3333333333333333,1.0,1.0,3.0,fused_rule
bip-pandas-77,5,1,0.0,0.0,1.0,0.25,12.0,fused_rule
bip-pandas-78,3,1,1.0,0.3333333333333333,1.0,1.0,3.0,fused_rule
bip-pandas-79,6,4,1.0,1.0,0.75,1.0,3.0,fused_rule
bip-pandas-80,3,3,1.0,1.0,1.0,1.0,3.0,fused_rule
bip-pandas-81,5,1,1.0,0.3333333333333333,1.0,1.0,3.0,fused_rule
bip-pandas-82,8,1,0.0,0.0,1.0,0.25,12.0,fused_rule
bip-pandas-83,6,2,0.0,0.3333333333333333,0.5,0.5,6.0,fused_rule
bip-pandas-84,7,1,1.0,0.3333333333333333,1.0,1.0,3.0,fused_rule
bip-pandas-85,8,1,0.0,0.3333333333333333,1.0,0.3333333333333333,9.0,fused_rule
bip-pandas-86,6,1,0.0,0.3333333333333333,1.0,0.3333333333333333,9.0,fused_rule
bip-pandas-87,8,1,0.0,0.3333333333333333,1.0,0.5,6.0,fused_rule
bip-pandas-88,6,1,0.0,0.3333333333333333,1.0,0.5,6.0,fused_rule
bip-pandas-89,8,1,0.0,0.0,1.0,0.25,12.0,fused_rule
bip-pandas-90,4,1,0.0,0.3333333333333333,1.0,0.3333333333333333,9.0,fused_rule
bip-pandas-91,4,1,1.0,0.3333333333333333,1.0,1.0,3.0,fused_rule
bip-pandas-92,6,3,0.0,0.6666666666666666,0.6666666666666666,0.5,6.0,fused_rule
bip-pandas-93,4,1,0.0,0.3333333333333333,1.0,0.5,6.0,fused_rule
bip-pandas-94,6,1,1.0,0.3333333333333333,1.0,1.0,3.0,fused_rule
bip-pandas-95,8,1,0.0,0.0,1.0,0.2,15.0,fused_rule
bip-pandas-96,3,1,0.0,0.3333333333333333,1.0,0.5,6.0,fused_rule
bip-pandas-97,7,1,0.0,0.3333333333333333,1.0,0.5,6.0,fused_rule
bip-pandas-98,8,1,0.0,0.0,0.0,0.16666666666666666,18.0,fused_rule
bip-pandas-99,3,1,1.0,0.3333333333333333,1.0,1.0,3.0,fused_rule
bip-pandas-100,8,1,0.0,0.0,0.0,0.125,24.0,fused_rule
bip-pandas-101,8,1,0.0,0.3333333333333333,1.0,0.3333333333333333,9.0,fused_rule
bip-pandas-102,6,1,0.0,0.0,1.0,0.2,15.0,fused_rule
bip-pandas-103,8,2,1.0,0.3333333333333333,1.0,1.0,3.0,fused_rule
bip-pandas-104,5,1,1.0,0.3333333333333333,1.0,1.0,3.0,fused_rule
bip-pandas-105,8,2,1.0,0.3333333333333333,0.5,1.0,3.0,fused_rule
bip-pandas-106,8,1,0.0,0.0,1.0,0.25,12.0,fused_rule
bip-pandas-107,8,1,1.0,0.3333333333333333,1.0,1.0,3.0,fused_rule
bip-pandas-108,4,1,0.0,0.3333333333333333,1.0,0.5,6.0,fused_rule
bip-pandas-109,4,1,0.0,0.0,1.0,0.25,12.0,fused_rule
bip-pandas-110,3,2,1.0,0.6666666666666666,1.0,1.0,3.0,fused_rule
bip-pandas-111,5,2,1.0,0.6666666666666666,1.0,1.0,3.0,fused_rule
bip-pandas-112,6,1,0.0,0.0,1.0,0.2,15.0,fused_rule
bip-pandas-113,3,1,1.0,0.3333333333333333,1.0,1.0,3.0,fused_rule
bip-pandas-114,5,1,0.0,0.3333333333333333,1.0,0.3333333333333333,9.0,fused_rule
bip-pandas-115,5,1,0.0,0.0,1.0,0.25,12.0,fused_rule
bip-pandas-116,6,1,0.0,0.3333333333333333,1.0,0.5,6.0,fused_rule
bip-pandas-117,5,1,0.0,0.0,1.0,0.25,12.0,fused_rule
bip-pandas-118,6,1,0.0,0.0,0.0,0.16666666666666666,18.0,fused_rule
bip-pandas-119,6,1,0.0,0.3333333333333333,1.0,0.5,6.0,fused_rule
bip-pandas-120,8,2,1.0,0.3333333333333333,1.0,1.0,3.0,fused_rule
bip-pandas-121,5,2,0.0,0.3333333333333333,1.0,0.3333333333333333,9.0,fused_rule
bip-pandas-122,6,1,0.0,0.3333333333333333,1.0,0.5,6.0,fused_rule
bip-pandas-123,5,3,1.0,0.6666666666666666,1.0,1.0,3.0,fused_rule
bip-pandas-124,5,1,0.0,0.3333333333333333,1.0,0.5,6.0,fused_rule
bip-pandas-125,4,2,0.0,0.3333333333333333,1.0,0.3333333333333333,9.0,fused_rule
bip-pandas-126,6,1,1.0,0.3333333333333333,1.0,1.0,3.0,fused_rule
bip-pandas-127,6,1,0.0,0.0,0.0,0.16666666666666666,18.0,fused_rule
bip-pandas-128,5,1,0.0,0.3333333333333333,1.0,0.5,6.0,fused_rule
bip-pandas-129,3,1,1.0,0.3333333333333333,1.0,1.0,3.0,fused_rule
bip-pandas-130,6,1,0.0,0.3333333333333333,1.0,0.3333333333333333,9.0,fused_rule
bip-pandas-131,6,1,0.0,0.0,1.0,0.25,12.0,fused_rule
bip-pandas-132,7,2,0.0,0.0,0.5,0.25,12.0,fused_rule
bip-pandas-133,3,1,0.0,0.3333333333333333,1.0,0.3333333333333333,9.0,fused_rule
bip-pandas-134,3,1,0.0,0.3333333333333333,1.0,0.5,6.0,fused_rule
bip-pandas-135,4,1,0.0,0.3333333333333333,1.0,0.5,6.0,fused_rule
bip-pandas-136,8,1,0.0,0.3333333333333333,1.0,0.5,6.0,fused_rule
bip-pandas-137,5,1,0.0,0.0,1.0,0.2,15.0,fused_rule
bip-pandas-138,4,1,0.0,0.3333333333333333,1.0,0.3333333333333333,9.0,fused_rule
bip-pandas-139,6,1,1.0,0.3333333333333333,1.0,1.0,3.0,fused_rule
bip-pandas-140,4,1,1.0,0.3333333333333333,1.0,1.0,3.0,fused_rule
bip-pandas-141,4,1,1.0,0.3333333333333333,1.0,1.0,3.0,fused_rule
bip-pandas-142,4,1,0.0,0.3333333333333333,1.0,0.5,6.0,fused_rule
bip-pandas-143,5,1,1.0,0.3333333333333333,1.0,1.0,3.0,fused_rule
bip-pandas-144,4,1,0.0,0.3333333333333333,1.0,0.3333333333333333,9.0,fused_rule
bip-pandas-145,8,1,0.0,0.3333333333333333,1.0,0.3333333333333333,9.0,fused_rule
bip-pandas-146,8,2,0.0,0.3333333333333333,1.0,0.3333333333333333,9.0,fused_rule
bip-pandas-147,4,1,1.0,0.3333333333333333,1.0,1.0,3.0,fused_rule
bip-pandas-148,6,1,0.0,0.3333333333333333,1.0,0.3333333333333333,9.0,fused_rule
bip-pandas-149,8,1,0.0,0.3333333333333333,1.0,0.3333333333333333,9.0,fused_rule
bip-pandas-150,8,1,0.0,0.0,1.0,0.2,15.0,fused_rule
bip-pandas-151,8,1,0.0,0.0,1.0,0.25,12.0,fused_rule
bip-pandas-152,6,1,0.0,0.0,0.0,0.16666666666666666,18.0,fused_rule
bip-pandas-153,4,1,0.0,0.3333333333333333,1.0,0.3333333333333333,9.0,fused_rule
bip-pandas-154,3,1,1.0,0.3333333333333333,1.0,1.0,3.0,fused_rule
bip-pandas-155,7,1,0.0,0.3333333333333333,1.0,0.3333333333333333,9.0,fused_rule
bip-pandas-156,5,1,0.0,0.0,1.0,0.25,12.0,fused_rule
bip-pandas-157,5,1,1.0,0.3333333333333333,1.0,1.0,3.0,fused_rule
bip-pandas-158,3,1,0.0,0.3333333333333333,1.0,0.3333333333333333,9.0,fused_rule
bip-pandas-159,4,1,1.0,0.3333333333333333,1.0,1.0,3.0,fused_rule
bip-pandas-160,6,1,0.0,0.0,1.0,0.2,15.0,fused_rule
bip-pandas-161,4,1,0.0,0.0,1.0,0.25,12.0,fused_rule
bip-pandas-162,3,1,0.0,0.3333333333333333,1.0,0.5,6.0,fused_rule
bip-pandas-163,6,1,0.0,0.3333333333333333,1.0,0.5,6.0,fused_rule
bip-pandas-164,5,1,0.0,0.0,1.0,0.25,12.0,fused_rule
bip-pandas-165,7,1,0.0,0.3333333333333333,1.0,0.5,6.0,fused_rule
bip-pandas-166,8,1,1.0,0.3333333333333333,1.0,1.0,3.0,fused_rule
bip-pandas-167,5,4,1.0,1.0,1.0,1.0,3.0,fused_rule
bip-pandas-168,8,1,1.0,0.3333333333333333,1.0,1.0,3.0,fused_rule
bip-pandas-169,7,1,1.0,0.3333333333333333,1.0,1.0,3.0,fused_rule
bip-sanic-1,4,1,1.0,0.3333333333333333,1.0,1.0,3.0,fused_rule
bip-sanic-2,4,1,0.0,0.3333333333333333,1.0,0.3333333333333333,9.0,fused_rule
bip-sanic-3,4,1,1.0,0.3333333333333333,1.0,1.0,3.0,fused_rule
bip-sanic-4,4,1,0.0,0.3333333333333333,1.0,0.5,6.0,fused_rule
bip-sanic-5,3,1,0.0,0.3333333333333333,1.0,0.5,6.0,fused_rule
bip-scrapy-1,3,1,1.0,0.3333333333333333,1.0,1.0,3.0,fused_rule
bip-scrapy-2,4,1,0.0,0.3333333333333333,1.0,0.5,6.0,fused_rule
bip-scrapy-3,3,1,1.0,0.3333333333333333,1.0,1.0,3.0,fused_rule
bip-scrapy-4,6,1,0.0,0.3333333333333333,1.0,0.3333333333333333,9.0,fused_rule
bip-scrapy-5,8,1,0.0,0.0,1.0,0.25,12.0,fused_rule
bip-scrapy-6,8,1,1.0,0.3333333333333333,1.0,1.0,3.0,fused_rule
bip-scrapy-7,6,1,1.0,0.3333333333333333,1.0,1.0,3.0,fused_rule
bip-scrapy-8,8,1,0.0,0.3333333333333333,1.0,0.3333333333333333,9.0,fused_rule
bip-scrapy-9,5,1,0.0,0.0,1.0,0.25,12.0,fused_rule
bip-scrapy-10,5,1,1.0,0.3333333333333333,1.0,1.0,3.0,fused_rule
bip-scrapy-11,8,1,0.0,0.3333333333333333,1.0,0.3333333333333333,9.0,fused_rule
bip-scrapy-12,6,1,0.0,0.0,1.0,0.2,15.0,fused_rule
bip-scrapy-13,6,1,0.0,0.3333333333333333,1.0,0.5,6.0,fused_rule
bip-scrapy-14,6,1,0.0,0.3333333333333333,1.0,0.5,6.0,fused_rule
bip-scrapy-15,8,1,0.0,0.3333333333333333,1.0,0.5,6.0,fused_rule
bip-scrapy-16,8,1,0.0,0.3333333333333333,1.0,0.5,6.0,fused_rule
bip-scrapy-17,4,1,0.0,0.3333333333333333,1.0,0.3333333333333333,9.0,fused_rule
bip-scrapy-18,7,1,0.0,0.0,0.0,0.16666666666666666,18.0,fused_rule
bip-scrapy-19,5,1,1.0,0.3333333333333333,1.0,1.0,3.0,fused_rule
bip-scrapy-20,5,1,0.0,0.3333333333333333,1.0,0.5,6.0,fused_rule
bip-scrapy-21,4,1,1.0,0.3333333333333333,1.0,1.0,3.0,fused_rule
bip-scrapy-22,4,1,1.0,0.3333333333333333,1.0,1.0,3.0,fused_rule
bip-scrapy-23,7,1,0.0,0.3333333333333333,1.0,0.3333333333333333,9.0,fused_rule
bip-scrapy-24,6,1,0.0,0.3333333333333333,1.0,0.3333333333333333,9.0,fused_rule
bip-scrapy-25,8,1,1.0,0.3333333333333333,1.0,1.0,3.0,fused_rule
bip-scrapy-26,6,1,0.0,0.0,1.0,0.2,15.0,fused_rule
bip-scrapy-27,6,1,1.0,0.3333333333333333,1.0,1.0,3.0,fused_rule
bip-scrapy-28,5,1,0.0,0.0,1.0,0.25,12.0,fused_rule
bip-scrapy-29,5,1,0.0,0.3333333333333333,1.0,0.3333333333333333,9.0,fused_rule
bip-scrapy-30,6,1,0.0,0.0,0.0,0.16666666666666666,18.0,fused_rule
bip-scrapy-31,8,1,0.0,0.0,1.0,0.2,15.0,fused_rule
bip-scrapy-32,5,1,1.0,0.3333333333333333,1.0,1.0,3.0,fused_rule
bip-scrapy-33,7,5,1.0,0.6666666666666666,0.8,1.0,3.0,fused_rule
bip-scrapy-34,7,1,0.0,0.3333333333333333,1.0,0.5,6.0,fused_rule
bip-scrapy-35,8,1,0.0,0.3333333333333333,1.0,0.5,6.0,fused_rule
bip-scrapy-36,8,1,0.0,0.0,0.0,0.16666666666666666,18.0,fused_rule
bip-scrapy-37,5,1,0.0,0.0,1.0,0.2,15.0,fused_rule
bip-scrapy-38,6,1,1.0,0.3333333333333333,1.0,1.0,3.0,fused_rule
bip-scrapy-39,3,1,0.0,0.3333333333333333,1.0,0.5,6.0,fused_rule
bip-scrapy-40,3,1,1.0,0.3333333333333333,1.0,1.0,3.0,fused_rule
bip-spacy-1,6,1,1.0,0.3333333333333333,1.0,1.0,3.0,fused_rule
bip-spacy-2,6,1,0.0,0.3333333333333333,1.0,0.5,6.0,fused_rule
bip-spacy-3,6,1,0.0,0.0,0.0,0.16666666666666666,18.0,fused_rule
bip-spacy-4,4,1,0.0,0.3333333333333333,1.0,0.3333333333333333,9.0,fused_rule
bip-spacy-5,6,1,0.0,0.3333333333333333,1.0,0.3333333333333333,9.0,fused_rule
bip-spacy-6,6,1,0.0,0.3333333333333333,1.0,0.3333333333333333,9.0,fused_rule
bip-spacy-7,3,2,1.0,0.6666666666666666,1.0,1.0,3.0,fused_rule
bip-spacy-8,3,1,1.0,0.3333333333333333,1.0,1.0,3.0,fused_rule
bip-spacy-9,4,1,1.0,0.3333333333333333,1.0,1.0,3.0,fused_rule
bip-spacy-10,6,1,1.0,0.3333333333333333,1.0,1.0,3.0,fused_rule
bip-thefuck-1,6,1,0.0,0.0,1.0,0.25,12.0,fused_rule
bip-thefuck-2,4,1,1.0,0.3333333333333333,1.0,1.0,3.0,fused_rule
bip-thefuck-3,4,1,0.0,0.3333333333333333,1.0,0.5,6.0,fused_rule
bip-thefuck-4,4,1,1.0,0.3333333333333333,1.0,1.0,3.0,fused_rule
bip-thefuck-5,8,1,0.0,0.3333333333333333,1.0,0.5,6.0,fused_rule
bip-thefuck-6,5,1,0.0,0.3333333333333333,1.0,0.5,6.0,fused_rule
bip-thefuck-7,7,1,0.0,0.3333333333333333,1.0,0.3333333333333333,9.0,fused_rule
bip-thefuck-8,5,1,0.0,0.3333333333333333,1.0,0.5,6.0,fused_rule
bip-thefuck-9,8,1,1.0,0.3333333333333333,1.0,1.0,3.0,fused_rule
bip-thefuck-10,3,1,0.0,0.3333333333333333,1.0,0.3333333333333333,9.0,fused_rule
bip-thefuck-11,3,1,1.0,0.3333333333333333,1.0,1.0,3.0,fused_rule
bip-thefuck-12,4,1,0.0,0.3333333333333333,1.0,0.5,6.0,fused_rule
bip-thefuck-13,7,1,1.0,0.3333333333333333,1.0,1.0,3.0,fused_rule
bip-thefuck-14,5,1,1.0,0.3333333333333333,1.0,1.0,3.0,fused_rule
bip-thefuck-15,8,1,0.0,0.3333333333333333,1.0,0.5,6.0,fused_rule
bip-thefuck-16,4,4,1.0,1.0,1.0,1.0,3.0,fused_rule
bip-thefuck-17,6,2,0.0,0.6666666666666666,1.0,0.5,6.0,fused_rule
bip-thefuck-18,4,1,0.0,0.3333333333333333,1.0,0.3333333333333333,9.0,fused_rule
bip-thefuck-19,8,1,0.0,0.0,0.0,0.16666666666666666,18.0,fused_rule
bip-thefuck-20,6,1,0.0,0.0,1.0,0.25,12.0,fused_rule
bip-thefuck-21,7,1,0.0,0.0,1.0,0.2,15.0,fused_rule
bip-thefuck-22,3,1,1.0,0.3333333333333333,1.0,1.0,3.0,fused_rule
bip-thefuck-23,5,1,1.0,0.3333333333333333,1.0,1.0,3.0,fused_rule
bip-thefuck-24,8,1,1.0,0.3333333333333333,1.0,1.0,3.0,fused_rule
bip-thefuck-25,7,1,0.0,0.0,1.0,0.2,15.0,fused_rule
bip-thefuck-26,7,1,0.0,0.0,1.0,0.2,15.0,fused_rule
bip-thefuck-27,3,1,0.0,0.3333333333333333,1.0,0.3333333333333333,9.0,fused_rule
bip-thefuck-28,6,1,1.0,0.3333333333333333,1.0,1.0,3.0,fused_rule
bip-thefuck-29,4,1,1.0,0.3333333333333333,1.0,1.0,3.0,fused_rule
bip-thefuck-30,4,1,0.0,0.3333333333333333,1.0,0.5,6.0,fused_rule
bip-thefuck-31,6,1,0.0,0.0,1.0,0.2,15.0,fused_rule
bip-thefuck-32,5,1,0.0,0.3333333333333333,1.0,0.5,6.0,fused_rule
bip-tornado-1,7,1,0.0,0.3333333333333333,1.0,0.5,6.0,fused_rule
bip-tornado-2,4,1,0.0,0.3333333333333333,1.0,0.3333333333333333,9.0,fused_rule
bip-tornado-3,3,1,0.0,0.3333333333333333,1.0,0.3333333333333333,9.0,fused_rule
bip-tornado-4,5,1,1.0,0.3333333333333333,1.0,1.0,3.0,fused_rule
bip-tornado-5,3,1,1.0,0.3333333333333333,1.0,1.0,3.0,fused_rule
bip-tornado-6,3,2,1.0,0.6666666666666666,1.0,1.0,3.0,fused_rule
bip-tornado-7,7,1,1.0,0.3333333333333333,1.0,1.0,3.0,fused_rule
bip-tornado-8,7,1,0.0,0.3333333333333333,1.0,0.3333333333333333,9.0,fused_rule
bip-tornado-9,7,1,0.0,0.0,0.0,0.14285714285714285,21.0,fused_rule
bip-tornado-10,5,2,0.0,0.6666666666666666,1.0,0.5,6.0,fused_rule
bip-tornado-11,4,1,0.0,0.3333333333333333,1.0,0.5,6.0,fused_rule
bip-tornado-12,6,1,0.0,0.0,1.0,0.25,12.0,fused_rule
bip-tornado-13,4,1,1.0,0.3333333333333333,1.0,1.0,3.0,fused_rule
bip-tornado-14,3,1,1.0,0.3333333333333333,1.0,1.0,3.0,fused_rule
bip-tornado-15,4,2,1.0,0.6666666666666666,1.0,1.0,3.0,fused_rule
bip-tornado-16,6,1,0.0,0.0,1.0,0.25,12.0,fused_rule
bip-tqdm-1,4,1,0.0,0.0,1.0,0.25,12.0,fused_rule
bip-tqdm-2,5,2,0.0,0.6666666666666666,1.0,0.5,6.0,fused_rule
bip-tqdm-3,4,1,1.0,0.3333333333333333,1.0,1.0,3.0,fused_rule
bip-tqdm-4,5,1,1.0,0.3333333333333333,1.0,1.0,3.0,fused_rule
bip-tqdm-5,5,1,1.0,0.3333333333333333,1.0,1.0,3.0,fused_rule
bip-tqdm-6,5,1,1.0,0.3333333333333333,1.0,1.0,3.0,fused_rule
bip-tqdm-7,5,1,0.0,0.3333333333333333,1.0,0.5,6.0,fused_rule
bip-tqdm-8,4,1,1.0,0.3333333333333333,1.0,1.0,3.0,fused_rule
bip-tqdm-9,5,1,1.0,0.3333333333333333,1.0,1.0,3.0,fused_rule
bip-youtube-dl-1,3,1,1.0,0.3333333333333333,1.0,1.0,3.0,fused_rule
bip-youtube-dl-2,5,1,0.0,0.0,1.0,0.25,12.0,fused_rule
bip-youtube-dl-3,4,1,1.0,0.3333333333333333,1.0,1.0,3.0,fused_rule
bip-youtube-dl-4,3,1,1.0,0.3333333333333333,1.0,1.0,3.0,fused_rule
bip-youtube-dl-5,3,1,1.0,0.3333333333333333,1.0,1.0,3.0,fused_rule
bip-youtube-dl-6,6,1,0.0,0.3333333333333333,1.0,0.3333333333333333,9.0,fused_rule
bip-youtube-dl-7,7,1,0.0,0.3333333333333333,1.0,0.3333333333333333,9.0,fused_rule
bip-youtube-dl-8,3,1,1.0,0.3333333333333333,1.0,1.0,3.0,fused_rule
bip-youtube-dl-9,5,1,1.0,0.3333333333333333,1.0,1.0,3.0,fused_rule
bip-youtube-dl-10,7,1,0.0,0.3333333333333333,1.0,0.5,6.0,fused_rule
bip-youtube-dl-11,4,1,0.0,0.3333333333333333,1.0,0.5,6.0,fused_rule
bip-youtube-dl-12,4,1,1.0,0.3333333333333333,1.0,1.0,3.0,fused_rule
bip-youtube-dl-13,7,1,0.0,0.3333333333333333,1.0,0.5,6.0,fused_rule
bip-youtube-dl-14,4,1,0.0,0.3333333333333333,1.0,0.3333333333333333,9.0,fused_rule
bip-youtube-dl-15,3,1,1.0,0.3333333333333333,1.0,1.0,3.0,fused_rule
bip-youtube-dl-16,4,2,1.0,0.3333333333333333,1.0,1.0,3.0,fused_rule
bip-youtube-dl-17,8,1,0.0,0.3333333333333333,1.0,0.5,6.0,fused_rule
bip-youtube-dl-18,5,1,1.0,0.3333333333333333,1.0,1.0,3.0,fused_rule
bip-youtube-dl-19,4,1,1.0,0.3333333333333333,1.0,1.0,3.0,fused_rule
bip-youtube-dl-20,4,1,1.0,0.3333333333333333,1.0,1.0,3.0,fused_rule
bip-youtube-dl-21,7,1,0.0,0.3333333333333333,1.0,0.3333333333333333,9.0,fused_rule
bip-youtube-dl-22,7,1,0.0,0.3333333333333333,1.0,0.5,6.0,fused_rule
bip-youtube-dl-23,3,1,0.0,0.3333333333333333,1.0,0.5,6.0,fused_rule
bip-youtube-dl-24,3,1,1.0,0.3333333333333333,1.0,1.0,3.0,fused_rule
bip-youtube-dl-25,3,1,0.0,0.3333333333333333,1.0,0.5,6.0,fused_rule
bip-youtube-dl-26,3,1,1.0,0.3333333333333333,1.0,1.0,3.0,fused_rule
bip-youtube-dl-27,8,1,0.0,0.3333333333333333,1.0,0.5,6.0,fused_rule
bip-youtube-dl-28,8,1,0.0,0.3333333333333333,1.0,0.5,6.0,fused_rule
bip-youtube-dl-29,7,1,0.0,0.3333333333333333,1.0,0.5,6.0,fused_rule
bip-youtube-dl-30,6,1,1.0,0.3333333333333333,1.0,1.0,3.0,fused_rule
bip-youtube-dl-31,7,2,0.0,0.3333333333333333,0.5,0.5,6.0,fused_rule
bip-youtube-dl-32,7,2,1.0,0.3333333333333333,0.5,1.0,3.0,fused_rule
bip-youtube-dl-33,8,2,1.0,0.3333333333333333,0.5,1.0,3.0,fused_rule
bip-youtube-dl-34,4,1,1.0,0.3333333333333333,1.0,1.0,3.0,fused_rule
bip-youtube-dl-35,3,2,1.0,0.6666666666666666,1.0,1.0,3.0,fused_rule
bip-youtube-dl-36,4,1,1.0,0.3333333333333333,1.0,1.0,3.0,fused_rule
bip-youtube-dl-37,7,1,1.0,0.3333333333333333,1.0,1.0,3.0,fused_rule
bip-youtube-dl-38,4,2,1.0,0.6666666666666666,1.0,1.0,3.0,fused_rule
bip-youtube-dl-39,4,2,0.0,0.6666666666666666,1.0,0.5,6.0,fused_rule
bip-youtube-dl-40,5,2,0.0,0.6666666666666666,1.0,0.5,6.0,fused_rule
bip-youtube-dl-41,4,1,1.0,0.3333333333333333,1.0,1.0,3.0,fused_rule
bip-youtube-dl-42,4,4,1.0,1.0,1.0,1.0,3.0,fused_rule
bip-youtube-dl-43,5,1,0.0,0.3333333333333333,1.0,0.5,6.0,fused_rule
d4j-Cli-1,4,1,1.0,0.3333333333333333,1.0,1.0,3.0,fused_ml
d4j-Cli-2,7,1,1.0,0.3333333333333333,1.0,1.0,3.0,fused_ml
d4j-Cli-3,7,1,1.0,0.3333333333333333,1.0,1.0,3.0,fused_ml
d4j-Cli-4,4,1,1.0,0.3333333333333333,1.0,1.0,3.0,fused_ml
d4j-Cli-5,3,1,1.0,0.3333333333333333,1.0,1.0,3.0,fused_ml
d4j-Cli-7,6,1,0.0,0.0,0.0,0.16666666666666666,18.0,fused_ml
d4j-Cli-8,5,1,1.0,0.3333333333333333,1.0,1.0,3.0,fused_ml
d4j-Cli-9,3,1,1.0,0.3333333333333333,1.0,1.0,3.0,fused_ml
d4j-Cli-10,8,1,1.0,0.3333333333333333,1.0,1.0,3.0,fused_ml
d4j-Cli-11,3,1,1.0,0.3333333333333333,1.0,1.0,3.0,fused_ml
d4j-Cli-12,4,1,1.0,0.3333333333333333,1.0,1.0,3.0,fused_ml
d4j-Cli-13,6,3,1.0,0.6666666666666666,0.6666666666666666,1.0,3.0,fused_ml
d4j-Cli-14,8,1,1.0,0.3333333333333333,1.0,1.0,3.0,fused_ml
d4j-Cli-15,6,1,1.0,0.3333333333333333,1.0,1.0,3.0,fused_ml
d4j-Cli-16,7,4,1.0,1.0,1.0,1.0,3.0,fused_ml
d4j-Cli-17,5,1,1.0,0.3333333333333333,1.0,1.0,3.0,fused_ml
d4j-Cli-18,4,1,1.0,0.3333333333333333,1.0,1.0,3.0,fused_ml
d4j-Cli-19,5,1,1.0,0.3333333333333333,1.0,1.0,3.0,fused_ml
d4j-Cli-20,8,1,1.0,0.3333333333333333,1.0,1.0,3.0,fused_ml
d4j-Cli-21,3,3,1.0,1.0,1.0,1.0,3.0,fused_ml
d4j-Cli-22,4,1,1.0,0.3333333333333333,1.0,1.0,3.0,fused_ml
d4j-Cli-23,6,1,1.0,0.3333333333333333,1.0,1.0,3.0,fused_ml
d4j-Cli-24,7,1,1.0,0.3333333333333333,1.0,1.0,3.0,fused_ml
d4j-Cli-25,3,1,1.0,0.3333333333333333,1.0,1.0,3.0,fused_ml
d4j-Cli-26,6,1,1.0,0.3333333333333333,1.0,1.0,3.0,fused_ml
d4j-Cli-27,6,1,1.0,0.3333333333333333,1.0,1.0,3.0,fused_ml
d4j-Cli-28,6,1,1.0,0.3333333333333333,1.0,1.0,3.0,fused_ml
d4j-Cli-29,5,1,1.0,0.3333333333333333,1.0,1.0,3.0,fused_ml
d4j-Cli-30,3,2,1.0,0.6666666666666666,1.0,1.0,3.0,fused_ml
d4j-Cli-31,3,3,1.0,1.0,1.0,1.0,3.0,fused_ml
d4j-Cli-32,3,1,1.0,0.3333333333333333,1.0,1.0,3.0,fused_ml
d4j-Cli-33,5,1,1.0,0.3333333333333333,1.0,1.0,3.0,fused_ml
d4j-Cli-34,8,2,1.0,0.6666666666666666,1.0,1.0,3.0,fused_ml
d4j-Cli-35,5,1,1.0,0.3333333333333333,1.0,1.0,3.0,fused_ml
d4j-Cli-36,3,2,1.0,0.6666666666666666,1.0,1.0,3.0,fused_ml
d4j-Cli-37,5,1,1.0,0.3333333333333333,1.0,1.0,3.0,fused_ml
d4j-Cli-38,3,1,1.0,0.3333333333333333,1.0,1.0,3.0,fused_ml
d4j-Cli-39,7,1,1.0,0.3333333333333333,1.0,1.0,3.0,fused_ml
d4j-Cli-40,4,1,1.0,0.3333333333333333,1.0,1.0,3.0,fused_ml
d4j-Closure-1,6,1,1.0,0.3333333333333333,1.0,1.0,3.0,fused_ml
d4j-Closure-2,4,1,1.0,0.3333333333333333,1.0,1.0,3.0,fused_ml
d4j-Closure-3,8,1,1.0,0.3333333333333333,1.0,1.0,3.0,fused_ml
d4j-Closure-4,4,1,1.0,0.3333333333333333,1.0,1.0,3.0,fused_ml
d4j-Closure-5,8,1,1.0,0.3333333333333333,1.0,1.0,3.0,fused_ml
d4j-Closure-6,7,1,1.0,0.3333333333333333,1.0,1.0,3.0,fused_ml
d4j-Closure-7,4,1,1.0,0.3333333333333333,1.0,1.0,3.0,fused_ml
d4j-Closure-8,7,1,1.0,0.3333333333333333,1.0,1.0,3.0,fused_ml
d4j-Closure-9,7,1,1.0,0.3333333333333333,1.0,1.0,3.0,fused_ml
d4j-Closure-10,8,1,1.0,0.3333333333333333,1.0,1.0,3.0,fused_ml
d4j-Closure-11,3,1,1.0,0.3333333333333333,1.0,1.0,3.0,fused_ml
d4j-Closure-12,3,1,1.0,0.3333333333333333,1.0,1.0,3.0,fused_ml
d4j-Closure-13,6,1,1.0,0.3333333333333333,1.0,1.0,3.0,fused_ml
d4j-Closure-14,3,1,1.0,0.3333333333333333,1.0,1.0,3.0,fused_ml
d4j-Closure-15,3,1,1.0,0.3333333333333333,1.0,1.0,3.0,fused_ml
d4j-Closure-16,7,1,1.0,0.3333333333333333,1.0,1.0,3.0,fused_ml
d4j-Closure-17,7,1,1.0,0.3333333333333333,1.0,1.0,3.0,fused_ml
d4j-Closure-18,8,1,1.0,0.3333333333333333,1.0,1.0,3.0,fused_ml
d4j-Closure-19,5,1,1.0,0.3333333333333333,1.0,1.0,3.0,fused_ml
d4j-Closure-20,4,1,1.0,0.3333333333333333,1.0,1.0,3.0,fused_ml
d4j-Closure-21,7,1,1.0,0.3333333333333333,1.0,1.0,3.0,fused_ml
d4j-Closure-22,3,1,1.0,0.3333333333333333,1.0,1.0,3.0,fused_ml
d4j-Closure-23,8,1,1.0,0.3333333333333333,1.0,1.0,3.0,fused_ml
d4j-Closure-24,6,1,1.0,0.3333333333333333,1.0,1.0,3.0,fused_ml
d4j-Closure-25,8,1,1.0,0.3333333333333333,1.0,1.0,3.0,fused_ml
d4j-Closure-26,8,1,1.0,0.3333333333333333,1.0,1.0,3.0,fused_ml
d4j-Closure-27,7,1,1.0,0.3333333333333333,1.0,1.0,3.0,fused_ml
d4j-Closure-29,8,1,1.0,0.3333333333333333,1.0,1.0,3.0,fused_ml
d4j-Closure-30,8,2,1.0,0.6666666666666666,1.0,1.0,3.0,fused_ml
d4j-Closure-31,8,1,1.0,0.3333333333333333,1.0,1.0,3.0,fused_ml
d4j-Closure-32,4,1,1.0,0.3333333333333333,1.0,1.0,3.0,fused_ml
d4j-Closure-33,3,1,1.0,0.3333333333333333,1.0,1.0,3.0,fused_ml
d4j-Closure-34,5,2,1.0,0.6666666666666666,1.0,1.0,3.0,fused_ml
d4j-Closure-35,7,1,1.0,0.3333333333333333,1.0,1.0,3.0,fused_ml
d4j-Closure-36,7,1,1.0,0.3333333333333333,1.0,1.0,3.0,fused_ml
d4j-Closure-37,4,2,1.0,0.6666666666666666,1.0,1.0,3.0,fused_ml
d4j-Closure-38,4,1,1.0,0.3333333333333333,1.0,1.0,3.0,fused_ml
d4j-Closure-39,3,1,1.0,0.3333333333333333,1.0,1.0,3.0,fused_ml
d4j-Closure-40,4,1,1.0,0.3333333333333333,1.0,1.0,3.0,fused_ml
d4j-Closure-41,6,1,1.0,0.3333333333333333,1.0,1.0,3.0,fused_ml
d4j-Closure-42,4,1,1.0,0.3333333333333333,1.0,1.0,3.0,fused_ml
d4j-Closure-43,8,1,1.0,0.3333333333333333,1.0,1.0,3.0,fused_ml
d4j-Closure-44,4,1,1.0,0.3333333333333333,1.0,1.0,3.0,fused_ml
d4j-Closure-45,3,1,1.0,0.3333333333333333,1.0,1.0,3.0,fused_ml
d4j-Closure-46,4,1,1.0,0.3333333333333333,1.0,1.0,3.0,fused_ml
d4j-Closure-47,7,2,1.0,0.6666666666666666,1.0,1.0,3.0,fused_ml
d4j-Closure-48,3,1,1.0,0.3333333333333333,1.0,1.0,3.0,fused_ml
d4j-Closure-49,7,1,1.0,0.3333333333333333,1.0,1.0,3.0,fused_ml
d4j-Closure-50,3,1,1.0,0.3333333333333333,1.0,1.0,3.0,fused_ml
d4j-Closure-51,6,1,1.0,0.3333333333333333,1.0,1.0,3.0,fused_ml
d4j-Closure-52,3,1,1.0,0.3333333333333333,1.0,1.0,3.0,fused_ml
d4j-Closure-53,4,1,1.0,0.3333333333333333,1.0,1.0,3.0,fused_ml
d4j-Closure-54,5,2,1.0,0.6666666666666666,1.0,1.0,3.0,fused_ml
d4j-Closure-55,5,1,1.0,0.3333333333333333,1.0,1.0,3.0,fused_ml
d4j-Closure-56,3,1,1.0,0.3333333333333333,1.0,1.0,3.0,fused_ml
d4j-Closure-57,7,1,1.0,0.3333333333333333,1.0,1.0,3.0,fused_ml
d4j-Closure-58,4,1,1.0,0.3333333333333333,1.0,1.0,3.0,fused_ml
d4j-Closure-59,8,1,1.0,0.3333333333333333,1.0,1.0,3.0,fused_ml
d4j-Closure-60,6,1,1.0,0.3333333333333333,1.0,1.0,3.0,fused_ml
d4j-Closure-61,3,1,1.0,0.3333333333333333,1.0,1.0,3.0,fused_ml
d4j-Closure-62,4,1,1.0,0.3333333333333333,1.0,1.0,3.0,fused_ml
d4j-Closure-64,5,1,1.0,0.3333333333333333,1.0,1.0,3.0,fused_ml
d4j-Closure-65,6,1,1.0,0.3333333333333333,1.0,1.0,3.0,fused_ml
d4j-Closure-66,5,1,1.0,0.3333333333333333,1.0,1.0,3.0,fused_ml
d4j-Closure-67,5,1,1.0,0.3333333333333333,1.0,1.0,3.0,fused_ml
d4j-Closure-68,7,1,1.0,0.3333333333333333,1.0,1.0,3.0,fused_ml
d4j-Closure-69,8,1,1.0,0.3333333333333333,1.0,1.0,3.0,fused_ml
d4j-Closure-70,5,1,1.0,0.3333333333333333,1.0,1.0,3.0,fused_ml
d4j-Closure-71,4,1,1.0,0.3333333333333333,1.0,1.0,3.0,fused_ml
d4j-Closure-72,6,2,1.0,0.6666666666666666,1.0,1.0,3.0,fused_ml
d4j-Closure-73,7,1,1.0,0.3333333333333333,1.0,1.0,3.0,fused_ml
d4j-Closure-74,5,1,1.0,0.3333333333333333,1.0,1.0,3.0,fused_ml
d4j-Closure-75,7,1,1.0,0.3333333333333333,1.0,1.0,3.0,fused_ml
d4j-Closure-76,8,1,1.0,0.3333333333333333,1.0,1.0,3.0,fused_ml
d4j-Closure-77,7,1,1.0,0.3333333333333333,1.0,1.0,3.0,fused_ml
d4j-Closure-78,5,1,1.0,0.3333333333333333,1.0,1.0,3.0,fused_ml
d4j-Closure-79,8,2,1.0,0.6666666666666666,1.0,1.0,3.0,fused_ml
d4j-Closure-80,5,1,1.0,0.3333333333333333,1.0,1.0,3.0,fused_ml
d4j-Closure-81,5,1,1.0,0.3333333333333333,1.0,1.0,3.0,fused_ml
d4j-Closure-82,4,1,1.0,0.3333333333333333,1.0,1.0,3.0,fused_ml
d4j-Closure-83,6,1,1.0,0.3333333333333333,1.0,1.0,3.0,fused_ml
d4j-Closure-84,7,1,1.0,0.3333333333333333,1.0,1.0,3.0,fused_ml
d4j-Closure-85,6,1,1.0,0.3333333333333333,1.0,1.0,3.0,fused_ml
d4j-Closure-86,7,1,1.0,0.3333333333333333,1.0,1.0,3.0,fused_ml
d4j-Closure-87,8,1,1.0,0.3333333333333333,1.0,1.0,3.0,fused_ml
d4j-Closure-88,4,1,1.0,0.3333333333333333,1.0,1.0,3.0,fused_ml
d4j-Closure-89,8,2,1.0,0.6666666666666666,1.0,1.0,3.0,fused_ml
d4j-Closure-90,3,2,1.0,0.6666666666666666,1.0,1.0,3.0,fused_ml
d4j-Closure-91,8,1,1.0,0.3333333333333333,1.0,1.0,3.0,fused_ml
d4j-Closure-92,8,1,1.0,0.3333333333333333,1.0,1.0,3.0,fused_ml
d4j-Closure-94,6,1,1.0,0.3333333333333333,1.0,1.0,3.0,fused_ml
d4j-Closure-95,5,1,1.0,0.3333333333333333,1.0,1.0,3.0,fused_ml
d4j-Closure-96,8,1,1.0,0.3333333333333333,1.0,1.0,3.0,fused_ml
d4j-Closure-97,7,1,1.0,0.3333333333333333,1.0,1.0,3.0,fused_ml
d4j-Closure-98,3,1,1.0,0.3333333333333333,1.0,1.0,3.0,fused_ml
d4j-Closure-99,7,1,1.0,0.3333333333333333,1.0,1.0,3.0,fused_ml
d4j-Closure-100,8,1,1.0,0.3333333333333333,1.0,1.0,3.0,fused_ml
d4j-Closure-101,7,1,1.0,0.3333333333333333,1.0,1.0,3.0,fused_ml
d4j-Closure-102,6,1,1.0,0.3333333333333333,1.0,1.0,3.0,fused_ml
d4j-Closure-103,6,2,1.0,0.6666666666666666,1.0,1.0,3.0,fused_ml
d4j-Closure-104,3,1,1.0,0.3333333333333333,1.0,1.0,3.0,fused_ml
d4j-Closure-105,3,1,1.0,0.3333333333333333,1.0,1.0,3.0,fused_ml
d4j-Closure-106,8,2,1.0,0.6666666666666666,1.0,1.0,3.0,fused_ml
d4j-Closure-107,8,1,1.0,0.3333333333333333,1.0,1.0,3.0,fused_ml
d4j-Closure-108,5,1,1.0,0.3333333333333333,1.0,1.0,3.0,fused_ml
d4j-Closure-109,4,1,1.0,0.3333333333333333,1.0,1.0,3.0,fused_ml
d4j-Closure-110,7,2,1.0,0.6666666666666666,1.0,1.0,3.0,fused_ml
d4j-Closure-111,5,1,1.0,0.3333333333333333,1.0,1.0,3.0,fused_ml
d4j-Closure-112,4,1,1.0,0.3333333333333333,1.0,1.0,3.0,fused_ml
d4j-Closure-113,8,1,1.0,0.3333333333333333,1.0,1.0,3.0,fused_ml
d4j-Closure-114,6,1,1.0,0.3333333333333333,1.0,1.0,3.0,fused_ml
d4j-Closure-115,7,1,1.0,0.3333333333333333,1.0,1.0,3.0,fused_ml
d4j-Closure-116,7,1,1.0,0.3333333333333333,1.0,1.0,3.0,fused_ml
d4j-Closure-117,6,1,1.0,0.3333333333333333,1.0,1.0,3.0,fused_ml
d4j-Closure-118,4,1,1.0,0.3333333333333333,1.0,1.0,3.0,fused_ml
d4j-Closure-119,6,1,1.0,0.3333333333333333,1.0,1.0,3.0,fused_ml
d4j-Closure-120,3,1,1.0,0.3333333333333333,1.0,1.0,3.0,fused_ml
d4j-Closure-121,3,1,1.0,0.3333333333333333,1.0,1.0,3.0,fused_ml
d4j-Closure-122,6,1,1.0,0.3333333333333333,1.0,1.0,3.0,fused_ml
d4j-Closure-123,8,1,1.0,0.3333333333333333,1.0,1.0,3.0,fused_ml
d4j-Closure-124,3,1,1.0,0.3333333333333333,1.0,1.0,3.0,fused_ml
d4j-Closure-125,4,1,1.0,0.3333333333333333,1.0,1.0,3.0,fused_ml
d4j-Closure-126,8,1,1.0,0.3333333333333333,1.0,1.0,3.0,fused_ml
d4j-Closure-127,5,1,1.0,0.3333333333333333,1.0,1.0,3.0,fused_ml
d4j-Closure-128,3,1,1.0,0.3333333333333333,1.0,1.0,3.0,fused_ml
d4j-Closure-129,3,1,1.0,0.3333333333333333,1.0,1.0,3.0,fused_ml
d4j-Closure-130,3,1,1.0,0.3333333333333333,1.0,1.0,3.0,fused_ml
d4j-Closure-131,3,1,1.0,0.3333333333333333,1.0,1.0,3.0,fused_ml
d4j-Closure-132,6,1,1.0,0.3333333333333333,1.0,1.0,3.0,fused_ml
d4j-Closure-133,6,1,1.0,0.3333333333333333,1.0,1.0,3.0,fused_ml
d4j-Closure-134,5,2,1.0,0.6666666666666666,1.0,1.0,3.0,fused_ml
d4j-Closure-135,3,2,1.0,0.6666666666666666,1.0,1.0,3.0,fused_ml
d4j-Closure-136,3,2,1.0,0.6666666666666666,1.0,1.0,3.0,fused_ml
d4j-Closure-137,7,3,1.0,1.0,1.0,1.0,3.0,fused_ml
d4j-Closure-138,6,2,1.0,0.6666666666666666,1.0,1.0,3.0,fused_ml
d4j-Closure-139,7,1,1.0,0.3333333333333333,1.0,1.0,3.0,fused_ml
d4j-Closure-140,3,1,1.0,0.3333333333333333,1.0,1.0,3.0,fused_ml
d4j-Closure-141,5,2,1.0,0.6666666666666666,1.0,1.0,3.0,fused_ml
d4j-Closure-142,3,2,1.0,0.6666666666666666,1.0,1.0,3.0,fused_ml
d4j-Closure-143,6,2,1.0,0.6666666666666666,1.0,1.0,3.0,fused_ml
d4j-Closure-144,4,4,1.0,1.0,1.0,1.0,3.0,fused_ml
d4j-Closure-145,6,1,1.0,0.3333333333333333,1.0,1.0,3.0,fused_ml
d4j-Closure-146,5,1,1.0,0.3333333333333333,1.0,1.0,3.0,fused_ml
d4j-Closure-147,7,5,1.0,1.0,1.0,1.0,3.0,fused_ml
d4j-Closure-148,6,2,1.0,0.6666666666666666,1.0,1.0,3.0,fused_ml
d4j-Closure-149,6,4,1.0,1.0,1.0,1.0,3.0,fused_ml
d4j-Closure-150,3,1,1.0,0.3333333333333333,1.0,1.0,3.0,fused_ml
d4j-Closure-151,3,1,1.0,0.3333333333333333,1.0,1.0,3.0,fused_ml
d4j-Closure-152,6,1,1.0,0.3333333333333333,1.0,1.0,3.0,fused_ml
d4j-Closure-153,4,2,1.0,0.6666666666666666,1.0,1.0,3.0,fused_ml
d4j-Closure-154,6,2,1.0,0.6666666666666666,1.0,1.0,3.0,fused_ml
d4j-Closure-155,8,3,1.0,1.0,1.0,1.0,3.0,fused_ml
d4j-Closure-156,8,1,1.0,0.3333333333333333,1.0,1.0,3.0,fused_ml
d4j-Closure-157,4,3,1.0,1.0,1.0,1.0,3.0,fused_ml
d4j-Closure-158,7,3,1.0,1.0,1.0,1.0,3.0,fused_ml
d4j-Closure-159,8,1,1.0,0.3333333333333333,1.0,1.0,3.0,fused_ml
d4j-Closure-160,8,1,1.0,0.3333333333333333,1.0,1.0,3.0,fused_ml
d4j-Closure-161,8,1,1.0,0.3333333333333333,1.0,1.0,3.0,fused_ml
d4j-Closure-162,3,2,1.0,0.6666666666666666,1.0,1.0,3.0,fused_ml
d4j-Closure-163,3,2,1.0,0.6666666666666666,1.0,1.0,3.0,fused_ml
d4j-Closure-164,7,1,1.0,0.3333333333333333,1.0,1.0,3.0,fused_ml
d4j-Closure-165,6,4,1.0,1.0,1.0,1.0,3.0,fused_ml
d4j-Closure-166,5,1,1.0,0.3333333333333333,1.0,1.0,3.0,fused_ml
d4j-Closure-167,7,2,1.0,0.6666666666666666,1.0,1.0,3.0,fused_ml
d4j-Closure-168,7,1,1.0,0.3333333333333333,1.0,1.0,3.0,fused_ml
d4j-Closure-169,7,5,1.0,0.6666666666666666,0.8,1.0,3.0,fused_ml
d4j-Closure-170,5,1,1.0,0.3333333333333333,1.0,1.0,3.0,fused_ml
d4j-Closure-171,8,2,1.0,0.6666666666666666,1.0,1.0,3.0,fused_ml
d4j-Closure-172,4,1,1.0,0.3333333333333333,1.0,1.0,3.0,fused_ml
d4j-Closure-173,3,2,1.0,0.6666666666666666,1.0,1.0,3.0,fused_ml
d4j-Closure-174,3,3,1.0,1.0,1.0,1.0,3.0,fused_ml
d4j-Closure-175,6,1,1.0,0.3333333333333333,1.0,1.0,3.0,fused_ml
d4j-Closure-176,4,1,1.0,0.3333333333333333,1.0,1.0,3.0,fused_ml
d4j-Codec-1,6,3,1.0,1.0,1.0,1.0,3.0,fused_ml
d4j-Codec-2,5,1,1.0,0.3333333333333333,1.0,1.0,3.0,fused_ml
d4j-Codec-3,4,1,1.0,0.3333333333333333,1.0,1.0,3.0,fused_ml
d4j-Codec-4,6,1,1.0,0.3333333333333333,1.0,1.0,3.0,fused_ml
d4j-Codec-5,3,1,1.0,0.3333333333333333,1.0,1.0,3.0,fused_ml
d4j-Codec-6,6,1,1.0,0.3333333333333333,1.0,1.0,3.0,fused_ml
d4j-Codec-7,3,1,1.0,0.3333333333333333,1.0,1.0,3.0,fused_ml
d4j-Codec-8,3,2,1.0,0.6666666666666666,1.0,1.0,3.0,fused_ml
d4j-Codec-9,6,1,1.0,0.3333333333333333,1.0,1.0,3.0,fused_ml
d4j-Codec-10,7,1,1.0,0.3333333333333333,1.0,1.0,3.0,fused_ml
d4j-Codec-11,3,1,1.0,0.3333333333333333,1.0,1.0,3.0,fused_ml
d4j-Codec-12,5,1,1.0,0.3333333333333333,1.0,1.0,3.0,fused_ml
d4j-Codec-13,3,3,1.0,1.0,1.0,1.0,3.0,fused_ml
d4j-Codec-14,4,3,1.0,1.0,1.0,1.0,3.0,fused_ml
d4j-Codec-15,4,1,1.0,0.3333333333333333,1.0,1.0,3.0,fused_ml
d4j-Codec-16,5,1,1.0,0.3333333333333333,1.0,1.0,3.0,fused_ml
d4j-Codec-17,5,1,1.0,0.3333333333333333,1.0,1.0,3.0,fused_ml
d4j-Codec-18,3,1,1.0,0.3333333333333333,1.0,1.0,3.0,fused_ml
d4j-Collections-1,5,1,1.0,0.3333333333333333,1.0,1.0,3.0,fused_ml
d4j-Collections-2,3,1,1.0,0.3333333333333333,1.0,1.0,3.0,fused_ml
d4j-Collections-3,8,1,1.0,0.3333333333333333,1.0,1.0,3.0,fused_ml
d4j-Collections-4,6,1,0.0,0.3333333333333333,1.0,0.5,6.0,fused_ml
d4j-Collections-5,4,1,1.0,0.3333333333333333,1.0,1.0,3.0,fused_ml
d4j-Collections-6,7,1,1.0,0.3333333333333333,1.0,1.0,3.0,fused_ml
d4j-Collections-7,6,1,1.0,0.3333333333333333,1.0,1.0,3.0,fused_ml
d4j-Collections-8,3,1,1.0,0.3333333333333333,1.0,1.0,3.0,fused_ml
d4j-Collections-9,4,1,1.0,0.3333333333333333,1.0,1.0,3.0,fused_ml
d4j-Collections-10,5,1,1.0,0.3333333333333333,1.0,1.0,3.0,fused_ml
d4j-Collections-11,6,1,1.0,0.3333333333333333,1.0,1.0,3.0,fused_ml
d4j-Collections-12,7,1,1.0,0.3333333333333333,1.0,1.0,3.0,fused_ml
d4j-Collections-13,6,1,1.0,0.3333333333333333,1.0,1.0,3.0,fused_ml
d4j-Collections-14,8,1,0.0,0.3333333333333333,1.0,0.5,6.0,fused_ml
d4j-Collections-15,3,1,1.0,0.3333333333333333,1.0,1.0,3.0,fused_ml
d4j-Collections-16,6,1,1.0,0.3333333333333333,1.0,1.0,3.0,fused_ml
d4j-Collections-17,3,1,1.0,0.3333333333333333,1.0,1.0,3.0,fused_ml
d4j-Collections-18,4,1,1.0,0.3333333333333333,1.0,1.0,3.0,fused_ml
d4j-Collections-19,4,1,1.0,0.3333333333333333,1.0,1.0,3.0,fused_ml
d4j-Collections-20,6,1,1.0,0.3333333333333333,1.0,1.0,3.0,fused_ml
d4j-Collections-21,5,1,1.0,0.3333333333333333,1.0,1.0,3.0,fused_ml
d4j-Collections-22,7,1,1.0,0.3333333333333333,1.0,1.0,3.0,fused_ml
d4j-Collections-23,3,1,1.0,0.3333333333333333,1.0,1.0,3.0,fused_ml
d4j-Collections-24,4,1,1.0,0.3333333333333333,1.0,1.0,3.0,fused_ml
d4j-Collections-25,6,1,1.0,0.3333333333333333,1.0,1.0,3.0,fused_ml
d4j-Collections-26,6,1,1.0,0.3333333333333333,1.0,1.0,3.0,fused_ml
d4j-Collections-27,8,1,1.0,0.3333333333333333,1.0,1.0,3.0,fused_ml
d4j-Collections-28,6,1,1.0,0.3333333333333333,1.0,1.0,3.0,fused_ml
d4j-Compress-1,5,1,1.0,0.3333333333333333,1.0,1.0,3.0,fused_ml
d4j-Compress-2,3,1,1.0,0.3333333333333333,1.0,1.0,3.0,fused_ml
d4j-Compress-3,6,1,1.0,0.3333333333333333,1.0,1.0,3.0,fused_ml
d4j-Compress-4,7,4,1.0,1.0,1.0,1.0,3.0,fused_ml
d4j-Compress-5,8,1,1.0,0.3333333333333333,1.0,1.0,3.0,fused_ml
d4j-Compress-6,6,1,1.0,0.3333333333333333,1.0,1.0,3.0,fused_ml
d4j-Compress-7,4,1,1.0,0.3333333333333333,1.0,1.0,3.0,fused_ml
d4j-Compress-8,4,1,1.0,0.3333333333333333,1.0,1.0,3.0,fused_ml
d4j-Compress-9,4,1,1.0,0.3333333333333333,1.0,1.0,3.0,fused_ml
d4j-Compress-10,5,1,1.0,0.3333333333333333,1.0,1.0,3.0,fused_ml
d4j-Compress-11,4,1,1.0,0.3333333333333333,1.0,1.0,3.0,fused_ml
d4j-Compress-12,7,1,1.0,0.3333333333333333,1.0,1.0,3.0,fused_ml
d4j-Compress-13,4,1,1.0,0.3333333333333333,1.0,1.0,3.0,fused_ml
d4j-Compress-14,7,1,1.0,0.3333333333333333,1.0,1.0,3.0,fused_ml
d4j-Compress-15,8,1,1.0,0.3333333333333333,1.0,1.0,3.0,fused_ml
d4j-Compress-16,6,1,1.0,0.3333333333333333,1.0,1.0,3.0,fused_ml
d4j-Compress-17,6,1,1.0,0.3333333333333333,1.0,1.0,3.0,fused_ml
d4j-Compress-18,7,1,1.0,0.3333333333333333,1.0,1.0,3.0,fused_ml
d4j-Compress-19,8,1,1.0,0.3333333333333333,1.0,1.0,3.0,fused_ml
d4j-Compress-20,5,1,1.0,0.3333333333333333,1.0,1.0,3.0,fused_ml
d4j-Compress-21,4,1,1.0,0.3333333333333333,1.0,1.0,3.0,fused_ml
d4j-Compress-22,7,1,1.0,0.3333333333333333,1.0,1.0,3.0,fused_ml
d4j-Compress-23,3,1,1.0,0.3333333333333333,1.0,1.0,3.0,fused_ml
d4j-Compress-24,6,1,1.0,0.3333333333333333,1.0,1.0,3.0,fused_ml
d4j-Compress-25,3,1,1.0,0.3333333333333333,1.0,1.0,3.0,fused_ml
d4j-Compress-26,8,1,1.0,0.3333333333333333,1.0,1.0,3.0,fused_ml
d4j-Compress-27,6,1,1.0,0.3333333333333333,1.0,1.0,3.0,fused_ml
d4j-Compress-28,6,1,1.0,0.3333333333333333,1.0,1.0,3.0,fused_ml
d4j-Compress-29,6,5,1.0,1.0,1.0,1.0,3.0,fused_ml
d4j-Compress-30,5,1,1.0,0.3333333333333333,1.0,1.0,3.0,fused_ml
d4j-Compress-31,6,1,1.0,0.3333333333333333,1.0,1.0,3.0,fused_ml
d4j-Compress-32,5,1,1.0,0.3333333333333333,1.0,1.0,3.0,fused_ml
d4j-Compress-33,6,2,1.0,0.6666666666666666,1.0,1.0,3.0,fused_ml
d4j-Compress-34,3,1,1.0,0.3333333333333333,1.0,1.0,3.0,fused_ml
d4j-Compress-35,6,1,1.0,0.3333333333333333,1.0,1.0,3.0,fused_ml
d4j-Compress-36,7,1,1.0,0.3333333333333333,1.0,1.0,3.0,fused_ml
d4j-Compress-37,4,1,1.0,0.3333333333333333,1.0,1.0,3.0,fused_ml
d4j-Compress-38,6,1,1.0,0.3333333333333333,1.0,1.0,3.0,fused_ml
d4j-Compress-39,4,1,1.0,0.3333333333333333,1.0,1.0,3.0,fused_ml
d4j-Compress-40,6,1,1.0,0.3333333333333333,1.0,1.0,3.0,fused_ml
d4j-Compress-41,5,1,1.0,0.3333333333333333,1.0,1.0,3.0,fused_ml
d4j-Compress-42,6,2,1.0,0.6666666666666666,1.0,1.0,3.0,fused_ml
d4j-Compress-43,3,1,1.0,0.3333333333333333,1.0,1.0,3.0,fused_ml
d4j-Compress-44,8,1,1.0,0.3333333333333333,1.0,1.0,3.0,fused_ml
d4j-Compress-45,6,1,1.0,0.3333333333333333,1.0,1.0,3.0,fused_ml
d4j-Compress-46,3,1,1.0,0.3333333333333333,1.0,1.0,3.0,fused_ml
d4j-Compress-47,5,1,1.0,0.3333333333333333,1.0,1.0,3.0,fused_ml
d4j-Csv-1,4,1,1.0,0.3333333333333333,1.0,1.0,3.0,fused_ml
d4j-Csv-2,3,1,1.0,0.3333333333333333,1.0,1.0,3.0,fused_ml
d4j-Csv-3,4,1,1.0,0.3333333333333333,1.0,1.0,3.0,fused_ml
d4j-Csv-4,4,1,1.0,0.3333333333333333,1.0,1.0,3.0,fused_ml
d4j-Csv-5,8,1,1.0,0.3333333333333333,1.0,1.0,3.0,fused_ml
d4j-Csv-6,7,1,1.0,0.3333333333333333,1.0,1.0,3.0,fused_ml
d4j-Csv-7,3,1,1.0,0.3333333333333333,1.0,1.0,3.0,fused_ml
d4j-Csv-8,8,1,1.0,0.3333333333333333,1.0,1.0,3.0,fused_ml
d4j-Csv-9,5,1,1.0,0.3333333333333333,1.0,1.0,3.0,fused_ml
d4j-Csv-10,6,1,1.0,0.3333333333333333,1.0,1.0,3.0,fused_ml
d4j-Csv-11,3,1,1.0,0.3333333333333333,1.0,1.0,3.0,fused_ml
d4j-Csv-12,5,1,1.0,0.3333333333333333,1.0,1.0,3.0,fused_ml
d4j-Csv-13,7,2,1.0,0.6666666666666666,1.0,1.0,3.0,fused_ml
d4j-Csv-14,4,1,1.0,0.3333333333333333,1.0,1.0,3.0,fused_ml
d4j-Csv-15,5,1,1.0,0.3333333333333333,1.0,1.0,3.0,fused_ml
d4j-Csv-16,3,1,1.0,0.3333333333333333,1.0,1.0,3.0,fused_ml
d4j-Gson-1,6,1,1.0,0.3333333333333333,1.0,1.0,3.0,fused_ml
d4j-Gson-2,6,1,1.0,0.3333333333333333,1.0,1.0,3.0,fused_ml
d4j-Gson-3,6,1,1.0,0.3333333333333333,1.0,1.0,3.0,fused_ml
d4j-Gson-4,5,2,1.0,0.6666666666666666,1.0,1.0,3.0,fused_ml
d4j-Gson-5,1,1,1.0,1.0,1.0,1.0,3.0,fused_ml
d4j-Gson-6,4,1,1.0,0.3333333333333333,1.0,1.0,3.0,fused_ml
d4j-Gson-7,5,1,1.0,0.3333333333333333,1.0,1.0,3.0,fused_ml
d4j-Gson-8,5,1,1.0,0.3333333333333333,1.0,1.0,3.0,fused_ml
d4j-Gson-9,3,3,1.0,1.0,1.0,1.0,3.0,fused_ml
d4j-Gson-10,4,1,1.0,0.3333333333333333,1.0,1.0,3.0,fused_ml
d4j-Gson-11,4,1,1.0,0.3333333333333333,1.0,1.0,3.0,fused_ml
d4j-Gson-12,3,1,1.0,0.3333333333333333,1.0,1.0,3.0,fused_ml
d4j-Gson-13,5,1,1.0,0.3333333333333333,1.0,1.0,3.0,fused_ml
d4j-Gson-14,3,1,1.0,0.3333333333333333,1.0,1.0,3.0,fused_ml
d4j-Gson-15,4,1,1.0,0.3333333333333333,1.0,1.0,3.0,fused_ml
d4j-Gson-16,5,1,1.0,0.3333333333333333,1.0,1.0,3.0,fused_ml
d4j-Gson-17,4,1,1.0,0.3333333333333333,1.0,1.0,3.0,fused_ml
d4j-Gson-18,7,1,1.0,0.3333333333333333,1.0,1.0,3.0,fused_ml
d4j-JacksonCore-1,4,2,1.0,0.6666666666666666,1.0,1.0,3.0,fused_ml
d4j-JacksonCore-2,7,2,1.0,0.6666666666666666,1.0,1.0,3.0,fused_ml
d4j-JacksonCore-3,3,1,1.0,0.3333333333333333,1.0,1.0,3.0,fused_ml
d4j-JacksonCore-4,7,1,1.0,0.3333333333333333,1.0,1.0,3.0,fused_ml
d4j-JacksonCore-5,6,1,1.0,0.3333333333333333,1.0,1.0,3.0,fused_ml
d4j-JacksonCore-6,4,1,1.0,0.3333333333333333,1.0,1.0,3.0,fused_ml
d4j-JacksonCore-7,6,1,1.0,0.3333333333333333,1.0,1.0,3.0,fused_ml
d4j-JacksonCore-8,7,1,1.0,0.3333333333333333,1.0,1.0,3.0,fused_ml
d4j-JacksonCore-9,7,3,1.0,1.0,1.0,1.0,3.0,fused_ml
d4j-JacksonCore-10,3,1,1.0,0.3333333333333333,1.0,1.0,3.0,fused_ml
d4j-JacksonCore-11,3,1,1.0,0.3333333333333333,1.0,1.0,3.0,fused_ml
d4j-JacksonCore-12,6,2,1.0,0.6666666666666666,1.0,1.0,3.0,fused_ml
d4j-JacksonCore-13,5,1,1.0,0.3333333333333333,1.0,1.0,3.0,fused_ml
d4j-JacksonCore-14,8,1,1.0,0.3333333333333333,1.0,1.0,3.0,fused_ml
d4j-JacksonCore-15,5,1,1.0,0.3333333333333333,1.0,1.0,3.0,fused_ml
d4j-JacksonCore-16,3,1,1.0,0.3333333333333333,1.0,1.0,3.0,fused_ml
d4j-JacksonCore-17,4,1,1.0,0.3333333333333333,1.0,1.0,3.0,fused_ml
d4j-JacksonCore-18,3,3,1.0,1.0,1.0,1.0,3.0,fused_ml
d4j-JacksonCore-19,6,2,1.0,0.6666666666666666,1.0,1.0,3.0,fused_ml
d4j-JacksonCore-20,6,1,1.0,0.3333333333333333,1.0,1.0,3.0,fused_ml
d4j-JacksonCore-21,4,1,1.0,0.3333333333333333,1.0,1.0,3.0,fused_ml
d4j-JacksonCore-22,5,1,1.0,0.3333333333333333,1.0,1.0,3.0,fused_ml
d4j-JacksonCore-23,5,1,1.0,0.3333333333333333,1.0,1.0,3.0,fused_ml
d4j-JacksonCore-24,4,2,1.0,0.6666666666666666,1.0,1.0,3.0,fused_ml
d4j-JacksonCore-25,8,1,1.0,0.3333333333333333,1.0,1.0,3.0,fused_ml
d4j-JacksonCore-26,3,1,0.0,0.3333333333333333,1.0,0.3333333333333333,9.0,fused_ml
d4j-JacksonDatabind-1,7,1,1.0,0.3333333333333333,1.0,1.0,3.0,fused_ml
d4j-JacksonDatabind-2,3,1,1.0,0.3333333333333333,1.0,1.0,3.0,fused_ml
d4j-JacksonDatabind-3,5,1,1.0,0.3333333333333333,1.0,1.0,3.0,fused_ml
d4j-JacksonDatabind-4,5,1,1.0,0.3333333333333333,1.0,1.0,3.0,fused_ml
d4j-JacksonDatabind-5,4,1,1.0,0.3333333333333333,1.0,1.0,3.0,fused_ml
d4j-JacksonDatabind-6,6,1,1.0,0.3333333333333333,1.0,1.0,3.0,fused_ml
d4j-JacksonDatabind-7,7,1,1.0,0.3333333333333333,1.0,1.0,3.0,fused_ml
d4j-JacksonDatabind-8,5,1,1.0,0.3333333333333333,1.0,1.0,3.0,fused_ml
d4j-JacksonDatabind-9,4,1,1.0,0.3333333333333333,1.0,1.0,3.0,fused_ml
d4j-JacksonDatabind-10,4,2,1.0,0.6666666666666666,1.0,1.0,3.0,fused_ml
d4j-JacksonDatabind-11,3,1,1.0,0.3333333333333333,1.0,1.0,3.0,fused_ml
d4j-JacksonDatabind-12,3,1,1.0,0.3333333333333333,1.0,1.0,3.0,fused_ml
d4j-JacksonDatabind-13,6,2,1.0,0.6666666666666666,1.0,1.0,3.0,fused_ml
d4j-JacksonDatabind-14,5,1,1.0,0.3333333333333333,1.0,1.0,3.0,fused_ml
d4j-JacksonDatabind-15,6,5,1.0,1.0,1.0,1.0,3.0,fused_ml
d4j-JacksonDatabind-16,3,1,1.0,0.3333333333333333,1.0,1.0,3.0,fused_ml
d4j-JacksonDatabind-17,7,1,0.0,0.3333333333333333,1.0,0.5,6.0,fused_ml
d4j-JacksonDatabind-18,5,1,1.0,0.3333333333333333,1.0,1.0,3.0,fused_ml
d4j-JacksonDatabind-19,4,1,1.0,0.3333333333333333,1.0,1.0,3.0,fused_ml
d4j-JacksonDatabind-20,7,1,1.0,0.3333333333333333,1.0,1.0,3.0,fused_ml
d4j-JacksonDatabind-21,5,1,1.0,0.3333333333333333,1.0,1.0,3.0,fused_ml
d4j-JacksonDatabind-22,8,2,1.0,0.6666666666666666,1.0,1.0,3.0,fused_ml
d4j-JacksonDatabind-23,7,1,1.0,0.3333333333333333,1.0,1.0,3.0,fused_ml
d4j-JacksonDatabind-24,6,1,1.0,0.3333333333333333,1.0,1.0,3.0,fused_ml
d4j-JacksonDatabind-25,4,4,1.0,1.0,1.0,1.0,3.0,fused_ml
d4j-JacksonDatabind-26,6,1,1.0,0.3333333333333333,1.0,1.0,3.0,fused_ml
d4j-JacksonDatabind-27,8,1,1.0,0.3333333333333333,1.0,1.0,3.0,fused_ml
d4j-JacksonDatabind-28,4,1,1.0,0.3333333333333333,1.0,1.0,3.0,fused_ml
d4j-JacksonDatabind-29,7,1,1.0,0.3333333333333333,1.0,1.0,3.0,fused_ml
d4j-JacksonDatabind-30,6,2,1.0,0.6666666666666666,1.0,1.0,3.0,fused_ml
d4j-JacksonDatabind-31,5,1,1.0,0.3333333333333333,1.0,1.0,3.0,fused_ml
d4j-JacksonDatabind-32,8,1,1.0,0.3333333333333333,1.0,1.0,3.0,fused_ml
d4j-JacksonDatabind-33,4,1,1.0,0.3333333333333333,1.0,1.0,3.0,fused_ml
d4j-JacksonDatabind-34,4,1,1.0,0.3333333333333333,1.0,1.0,3.0,fused_ml
d4j-JacksonDatabind-35,4,1,1.0,0.3333333333333333,1.0,1.0,3.0,fused_ml
d4j-JacksonDatabind-36,3,1,1.0,0.3333333333333333,1.0,1.0,3.0,fused_ml
d4j-JacksonDatabind-37,6,1,1.0,0.3333333333333333,1.0,1.0,3.0,fused_ml
d4j-JacksonDatabind-38,4,3,1.0,1.0,1.0,1.0,3.0,fused_ml
d4j-JacksonDatabind-39,7,1,1.0,0.3333333333333333,1.0,1.0,3.0,fused_ml
d4j-JacksonDatabind-40,7,1,1.0,0.3333333333333333,1.0,1.0,3.0,fused_ml
d4j-JacksonDatabind-41,3,1,1.0,0.3333333333333333,1.0,1.0,3.0,fused_ml
d4j-JacksonDatabind-42,4,1,1.0,0.3333333333333333,1.0,1.0,3.0,fused_ml
d4j-JacksonDatabind-43,3,1,1.0,0.3333333333333333,1.0,1.0,3.0,fused_ml
d4j-JacksonDatabind-44,3,1,1.0,0.3333333333333333,1.0,1.0,3.0,fused_ml
d4j-JacksonDatabind-45,8,1,1.0,0.3333333333333333,1.0,1.0,3.0,fused_ml
d4j-JacksonDatabind-46,4,1,1.0,0.3333333333333333,1.0,1.0,3.0,fused_ml
d4j-JacksonDatabind-47,5,1,1.0,0.3333333333333333,1.0,1.0,3.0,fused_ml
d4j-JacksonDatabind-48,8,2,1.0,0.6666666666666666,1.0,1.0,3.0,fused_ml
d4j-JacksonDatabind-49,6,1,1.0,0.3333333333333333,1.0,1.0,3.0,fused_ml
d4j-JacksonDatabind-50,4,1,1.0,0.3333333333333333,1.0,1.0,3.0,fused_ml
d4j-JacksonDatabind-51,4,1,1.0,0.3333333333333333,1.0,1.0,3.0,fused_ml
d4j-JacksonDatabind-52,5,2,1.0,0.6666666666666666,1.0,1.0,3.0,fused_ml
d4j-JacksonDatabind-53,3,2,1.0,0.6666666666666666,1.0,1.0,3.0,fused_ml
d4j-JacksonDatabind-54,6,1,1.0,0.3333333333333333,1.0,1.0,3.0,fused_ml
d4j-JacksonDatabind-55,3,1,1.0,0.3333333333333333,1.0,1.0,3.0,fused_ml
d4j-JacksonDatabind-56,6,1,1.0,0.3333333333333333,1.0,1.0,3.0,fused_ml
d4j-JacksonDatabind-57,4,1,1.0,0.3333333333333333,1.0,1.0,3.0,fused_ml
d4j-JacksonDatabind-58,8,1,1.0,0.3333333333333333,1.0,1.0,3.0,fused_ml
d4j-JacksonDatabind-59,6,4,1.0,1.0,1.0,1.0,3.0,fused_ml
d4j-JacksonDatabind-60,5,1,1.0,0.3333333333333333,1.0,1.0,3.0,fused_ml
d4j-JacksonDatabind-61,8,2,1.0,0.6666666666666666,1.0,1.0,3.0,fused_ml
d4j-JacksonDatabind-62,7,1,1.0,0.3333333333333333,1.0,1.0,3.0,fused_ml
d4j-JacksonDatabind-63,4,1,1.0,0.3333333333333333,1.0,1.0,3.0,fused_ml
d4j-JacksonDatabind-64,4,1,1.0,0.3333333333333333,1.0,1.0,3.0,fused_ml
d4j-JacksonDatabind-66,3,1,1.0,0.3333333333333333,1.0,1.0,3.0,fused_ml
d4j-JacksonDatabind-67,4,1,1.0,0.3333333333333333,1.0,1.0,3.0,fused_ml
d4j-JacksonDatabind-68,8,1,1.0,0.3333333333333333,1.0,1.0,3.0,fused_ml
d4j-JacksonDatabind-69,5,1,1.0,0.3333333333333333,1.0,1.0,3.0,fused_ml
d4j-JacksonDatabind-70,8,1,1.0,0.3333333333333333,1.0,1.0,3.0,fused_ml
d4j-JacksonDatabind-71,3,1,1.0,0.3333333333333333,1.0,1.0,3.0,fused_ml
d4j-JacksonDatabind-72,8,1,1.0,0.3333333333333333,1.0,1.0,3.0,fused_ml
d4j-JacksonDatabind-73,3,2,1.0,0.6666666666666666,1.0,1.0,3.0,fused_ml
d4j-JacksonDatabind-74,3,1,1.0,0.3333333333333333,1.0,1.0,3.0,fused_ml
d4j-JacksonDatabind-75,7,1,1.0,0.3333333333333333,1.0,1.0,3.0,fused_ml
d4j-JacksonDatabind-76,7,1,1.0,0.3333333333333333,1.0,1.0,3.0,fused_ml
d4j-JacksonDatabind-77,3,1,1.0,0.3333333333333333,1.0,1.0,3.0,fused_ml
d4j-JacksonDatabind-78,5,1,1.0,0.3333333333333333,1.0,1.0,3.0,fused_ml
d4j-JacksonDatabind-79,7,3,1.0,1.0,1.0,1.0,3.0,fused_ml
d4j-JacksonDatabind-80,5,1,1.0,0.3333333333333333,1.0,1.0,3.0,fused_ml
d4j-JacksonDatabind-81,3,1,1.0,0.3333333333333333,1.0,1.0,3.0,fused_ml
d4j-JacksonDatabind-82,4,1,1.0,0.3333333333333333,1.0,1.0,3.0,fused_ml
d4j-JacksonDatabind-83,8,1,1.0,0.3333333333333333,1.0,1.0,3.0,fused_ml
d4j-JacksonDatabind-84,7,1,1.0,0.3333333333333333,1.0,1.0,3.0,fused_ml
d4j-JacksonDatabind-85,5,1,1.0,0.3333333333333333,1.0,1.0,3.0,fused_ml
d4j-JacksonDatabind-86,7,1,1.0,0.3333333333333333,1.0,1.0,3.0,fused_ml
d4j-JacksonDatabind-87,7,1,1.0,0.3333333333333333,1.0,1.0,3.0,fused_ml
d4j-JacksonDatabind-88,3,1,1.0,0.3333333333333333,1.0,1.0,3.0,fused_ml
d4j-JacksonDatabind-90,6,2,1.0,0.6666666666666666,1.0,1.0,3.0,fused_ml
d4j-JacksonDatabind-91,6,1,1.0,0.3333333333333333,1.0,1.0,3.0,fused_ml
d4j-JacksonDatabind-92,5,1,1.0,0.3333333333333333,1.0,1.0,3.0,fused_ml
d4j-JacksonDatabind-93,6,1,0.0,0.0,1.0,0.2,15.0,fused_ml
d4j-JacksonDatabind-94,6,1,0.0,0.0,0.0,0.16666666666666666,18.0,fused_ml
d4j-JacksonDatabind-95,7,2,1.0,0.6666666666666666,1.0,1.0,3.0,fused_ml
d4j-JacksonDatabind-96,4,1,1.0,0.3333333333333333,1.0,1.0,3.0,fused_ml
d4j-JacksonDatabind-97,5,1,1.0,0.3333333333333333,1.0,1.0,3.0,fused_ml
d4j-JacksonDatabind-98,8,1,1.0,0.3333333333333333,1.0,1.0,3.0,fused_ml
d4j-JacksonDatabind-99,6,1,0.0,0.3333333333333333,1.0,0.5,6.0,fused_ml
d4j-JacksonDatabind-100,3,1,1.0,0.3333333333333333,1.0,1.0,3.0,fused_ml
d4j-JacksonDatabind-101,8,1,1.0,0.3333333333333333,1.0,1.0,3.0,fused_ml
d4j-JacksonDatabind-102,4,1,1.0,0.3333333333333333,1.0,1.0,3.0,fused_ml
d4j-JacksonDatabind-103,8,5,1.0,1.0,1.0,1.0,3.0,fused_ml
d4j-JacksonDatabind-104,7,1,1.0,0.3333333333333333,1.0,1.0,3.0,fused_ml
d4j-JacksonDatabind-105,3,1,1.0,0.3333333333333333,1.0,1.0,3.0,fused_ml
d4j-JacksonDatabind-106,7,1,1.0,0.3333333333333333,1.0,1.0,3.0,fused_ml
d4j-JacksonDatabind-107,6,1,1.0,0.3333333333333333,1.0,1.0,3.0,fused_ml
d4j-JacksonDatabind-108,8,1,1.0,0.3333333333333333,1.0,1.0,3.0,fused_ml
d4j-JacksonDatabind-109,7,2,1.0,0.6666666666666666,1.0,1.0,3.0,fused_ml
d4j-JacksonDatabind-110,3,1,0.0,0.3333333333333333,1.0,0.3333333333333333,9.0,fused_ml
d4j-JacksonDatabind-111,5,5,1.0,1.0,1.0,1.0,3.0,fused_ml
d4j-JacksonDatabind-112,4,1,1.0,0.3333333333333333,1.0,1.0,3.0,fused_ml
d4j-JacksonXml-1,7,1,1.0,0.3333333333333333,1.0,1.0,3.0,fused_ml
d4j-JacksonXml-2,7,1,1.0,0.3333333333333333,1.0,1.0,3.0,fused_ml
d4j-JacksonXml-3,7,1,1.0,0.3333333333333333,1.0,1.0,3.0,fused_ml
d4j-JacksonXml-4,7,1,1.0,0.3333333333333333,1.0,1.0,3.0,fused_ml
d4j-JacksonXml-5,5,1,1.0,0.3333333333333333,1.0,1.0,3.0,fused_ml
d4j-JacksonXml-6,4,1,1.0,0.3333333333333333,1.0,1.0,3.0,fused_ml
d4j-Jsoup-1,7,1,1.0,0.3333333333333333,1.0,1.0,3.0,fused_ml
d4j-Jsoup-2,4,1,1.0,0.3333333333333333,1.0,1.0,3.0,fused_ml
d4j-Jsoup-3,7,3,1.0,1.0,1.0,1.0,3.0,fused_ml
d4j-Jsoup-4,4,1,1.0,0.3333333333333333,1.0,1.0,3.0,fused_ml
d4j-Jsoup-5,4,1,1.0,0.3333333333333333,1.0,1.0,3.0,fused_ml
d4j-Jsoup-6,3,1,1.0,0.3333333333333333,1.0,1.0,3.0,fused_ml
d4j-Jsoup-7,4,1,1.0,0.3333333333333333,1.0,1.0,3.0,fused_ml
d4j-Jsoup-8,5,1,1.0,0.3333333333333333,1.0,1.0,3.0,fused_ml
d4j-Jsoup-9,3,1,1.0,0.3333333333333333,1.0,1.0,3.0,fused_ml
d4j-Jsoup-10,4,1,1.0,0.3333333333333333,1.0,1.0,3.0,fused_ml
d4j-Jsoup-11,6,1,1.0,0.3333333333333333,1.0,1.0,3.0,fused_ml
d4j-Jsoup-12,4,1,1.0,0.3333333333333333,1.0,1.0,3.0,fused_ml
d4j-Jsoup-13,8,1,1.0,0.3333333333333333,1.0,1.0,3.0,fused_ml
d4j-Jsoup-14,6,2,1.0,0.6666666666666666,1.0,1.0,3.0,fused_ml
d4j-Jsoup-15,6,1,1.0,0.3333333333333333,1.0,1.0,3.0,fused_ml
d4j-Jsoup-16,6,1,1.0,0.3333333333333333,1.0,1.0,3.0,fused_ml
d4j-Jsoup-17,8,1,1.0,0.3333333333333333,1.0,1.0,3.0,fused_ml
d4j-Jsoup-18,7,1,1.0,0.3333333333333333,1.0,1.0,3.0,fused_ml
d4j-Jsoup-19,3,1,1.0,0.3333333333333333,1.0,1.0,3.0,fused_ml
d4j-Jsoup-20,5,1,1.0,0.3333333333333333,1.0,1.0,3.0,fused_ml
d4j-Jsoup-21,4,2,1.0,0.6666666666666666,1.0,1.0,3.0,fused_ml
d4j-Jsoup-22,3,3,1.0,1.0,1.0,1.0,3.0,fused_ml
d4j-Jsoup-23,5,2,1.0,0.6666666666666666,1.0,1.0,3.0,fused_ml
d4j-Jsoup-24,3,1,1.0,0.3333333333333333,1.0,1.0,3.0,fused_ml
d4j-Jsoup-25,4,1,1.0,0.3333333333333333,1.0,1.0,3.0,fused_ml
d4j-Jsoup-26,3,1,1.0,0.3333333333333333,1.0,1.0,3.0,fused_ml
d4j-Jsoup-27,5,1,1.0,0.3333333333333333,1.0,1.0,3.0,fused_ml
d4j-Jsoup-28,7,3,1.0,1.0,1.0,1.0,3.0,fused_ml
d4j-Jsoup-29,8,1,1.0,0.3333333333333333,1.0,1.0,3.0,fused_ml
d4j-Jsoup-30,3,1,1.0,0.3333333333333333,1.0,1.0,3.0,fused_ml
d4j-Jsoup-31,5,3,1.0,1.0,1.0,1.0,3.0,fused_ml
d4j-Jsoup-32,4,1,1.0,0.3333333333333333,1.0,1.0,3.0,fused_ml
d4j-Jsoup-33,7,1,1.0,0.3333333333333333,1.0,1.0,3.0,fused_ml
d4j-Jsoup-34,5,1,1.0,0.3333333333333333,1.0,1.0,3.0,fused_ml
d4j-Jsoup-35,7,1,1.0,0.3333333333333333,1.0,1.0,3.0,fused_ml
d4j-Jsoup-36,5,1,1.0,0.3333333333333333,1.0,1.0,3.0,fused_ml
d4j-Jsoup-37,7,1,1.0,0.3333333333333333,1.0,1.0,3.0,fused_ml
d4j-Jsoup-38,4,1,1.0,0.3333333333333333,1.0,1.0,3.0,fused_ml
d4j-Jsoup-39,3,1,1.0,0.3333333333333333,1.0,1.0,3.0,fused_ml
d4j-Jsoup-40,7,1,1.0,0.3333333333333333,1.0,1.0,3.0,fused_ml
d4j-Jsoup-41,3,1,1.0,0.3333333333333333,1.0,1.0,3.0,fused_ml
d4j-Jsoup-42,8,1,1.0,0.3333333333333333,1.0,1.0,3.0,fused_ml
d4j-Jsoup-43,3,1,1.0,0.3333333333333333,1.0,1.0,3.0,fused_ml
d4j-Jsoup-44,5,1,1.0,0.3333333333333333,1.0,1.0,3.0,fused_ml
d4j-Jsoup-45,7,1,1.0,0.3333333333333333,1.0,1.0,3.0,fused_ml
d4j-Jsoup-46,4,1,1.0,0.3333333333333333,1.0,1.0,3.0,fused_ml
d4j-Jsoup-47,8,1,1.0,0.3333333333333333,1.0,1.0,3.0,fused_ml
d4j-Jsoup-48,5,1,1.0,0.3333333333333333,1.0,1.0,3.0,fused_ml
d4j-Jsoup-49,7,1,1.0,0.3333333333333333,1.0,1.0,3.0,fused_ml
d4j-Jsoup-50,4,1,1.0,0.3333333333333333,1.0,1.0,3.0,fused_ml
d4j-Jsoup-51,5,1,1.0,0.3333333333333333,1.0,1.0,3.0,fused_ml
d4j-Jsoup-52,3,3,1.0,1.0,1.0,1.0,3.0,fused_ml
d4j-Jsoup-53,8,1,1.0,0.3333333333333333,1.0,1.0,3.0,fused_ml
d4j-Jsoup-54,6,1,1.0,0.3333333333333333,1.0,1.0,3.0,fused_ml
d4j-Jsoup-55,3,1,1.0,0.3333333333333333,1.0,1.0,3.0,fused_ml
d4j-Jsoup-56,6,5,1.0,1.0,1.0,1.0,3.0,fused_ml
d4j-Jsoup-57,8,1,1.0,0.3333333333333333,1.0,1.0,3.0,fused_ml
d4j-Jsoup-58,3,3,1.0,1.0,1.0,1.0,3.0,fused_ml
d4j-Jsoup-59,4,1,1.0,0.3333333333333333,1.0,1.0,3.0,fused_ml
d4j-Jsoup-60,5,2,1.0,0.6666666666666666,1.0,1.0,3.0,fused_ml
d4j-Jsoup-61,3,1,1.0,0.3333333333333333,1.0,1.0,3.0,fused_ml
d4j-Jsoup-62,7,1,1.0,0.3333333333333333,1.0,1.0,3.0,fused_ml
d4j-Jsoup-63,8,2,1.0,0.6666666666666666,1.0,1.0,3.0,fused_ml
d4j-Jsoup-64,4,1,1.0,0.3333333333333333,1.0,1.0,3.0,fused_ml
d4j-Jsoup-65,7,2,1.0,0.6666666666666666,1.0,1.0,3.0,fused_ml
d4j-Jsoup-66,7,1,1.0,0.3333333333333333,1.0,1.0,3.0,fused_ml
d4j-Jsoup-67,3,1,1.0,0.3333333333333333,1.0,1.0,3.0,fused_ml
d4j-Jsoup-68,3,1,1.0,0.3333333333333333,1.0,1.0,3.0,fused_ml
d4j-Jsoup-69,7,1,1.0,0.3333333333333333,1.0,1.0,3.0,fused_ml
d4j-Jsoup-70,5,1,1.0,0.3333333333333333,1.0,1.0,3.0,fused_ml
d4j-Jsoup-71,7,3,1.0,1.0,1.0,1.0,3.0,fused_ml
d4j-Jsoup-72,3,1,1.0,0.3333333333333333,1.0,1.0,3.0,fused_ml
d4j-Jsoup-73,6,1,1.0,0.3333333333333333,1.0,1.0,3.0,fused_ml
d4j-Jsoup-74,3,1,1.0,0.3333333333333333,1.0,1.0,3.0,fused_ml
d4j-Jsoup-75,7,1,1.0,0.3333333333333333,1.0,1.0,3.0,fused_ml
d4j-Jsoup-76,5,1,1.0,0.3333333333333333,1.0,1.0,3.0,fused_ml
d4j-Jsoup-77,8,1,1.0,0.3333333333333333,1.0,1.0,3.0,fused_ml
d4j-Jsoup-78,6,1,1.0,0.3333333333333333,1.0,1.0,3.0,fused_ml
d4j-Jsoup-79,4,1,1.0,0.3333333333333333,1.0,1.0,3.0,fused_ml
d4j-Jsoup-80,8,1,1.0,0.3333333333333333,1.0,1.0,3.0,fused_ml
d4j-Jsoup-81,4,1,1.0,0.3333333333333333,1.0,1.0,3.0,fused_ml
d4j-Jsoup-82,6,1,1.0,0.3333333333333333,1.0,1.0,3.0,fused_ml
d4j-Jsoup-83,4,2,1.0,0.6666666666666666,1.0,1.0,3.0,fused_ml
d4j-Jsoup-84,3,1,1.0,0.3333333333333333,1.0,1.0,3.0,fused_ml
d4j-Jsoup-85,8,1,1.0,0.3333333333333333,1.0,1.0,3.0,fused_ml
d4j-Jsoup-86,7,1,1.0,0.3333333333333333,1.0,1.0,3.0,fused_ml
d4j-Jsoup-87,8,4,1.0,1.0,1.0,1.0,3.0,fused_ml
d4j-Jsoup-88,4,1,1.0,0.3333333333333333,1.0,1.0,3.0,fused_ml
d4j-Jsoup-89,4,1,1.0,0.3333333333333333,1.0,1.0,3.0,fused_ml
d4j-Jsoup-90,5,1,1.0,0.3333333333333333,1.0,1.0,3.0,fused_ml
d4j-Jsoup-91,8,2,1.0,0.6666666666666666,1.0,1.0,3.0,fused_ml
d4j-Jsoup-92,7,5,1.0,1.0,0.8,1.0,3.0,fused_ml
d4j-Jsoup-93,4,1,1.0,0.3333333333333333,1.0,1.0,3.0,fused_ml
d4j-JxPath-1,4,2,1.0,0.6666666666666666,1.0,1.0,3.0,fused_ml
d4j-JxPath-2,7,1,1.0,0.3333333333333333,1.0,1.0,3.0,fused_ml
d4j-JxPath-3,4,1,1.0,0.3333333333333333,1.0,1.0,3.0,fused_ml
d4j-JxPath-4,3,2,1.0,0.6666666666666666,1.0,1.0,3.0,fused_ml
d4j-JxPath-5,4,1,1.0,0.3333333333333333,1.0,1.0,3.0,fused_ml
d4j-JxPath-6,5,1,1.0,0.3333333333333333,1.0,1.0,3.0,fused_ml
d4j-JxPath-7,5,5,1.0,1.0,1.0,1.0,3.0,fused_ml
d4j-JxPath-8,6,1,1.0,0.3333333333333333,1.0,1.0,3.0,fused_ml
d4j-JxPath-9,3,3,1.0,1.0,1.0,1.0,3.0,fused_ml
d4j-JxPath-10,7,1,1.0,0.3333333333333333,1.0,1.0,3.0,fused_ml
d4j-JxPath-11,4,2,1.0,0.6666666666666666,1.0,1.0,3.0,fused_ml
d4j-JxPath-12,6,1,1.0,0.3333333333333333,1.0,1.0,3.0,fused_ml
d4j-JxPath-13,3,2,1.0,0.6666666666666666,1.0,1.0,3.0,fused_ml
d4j-JxPath-14,4,1,1.0,0.3333333333333333,1.0,1.0,3.0,fused_ml
d4j-JxPath-15,5,1,1.0,0.3333333333333333,1.0,1.0,3.0,fused_ml
d4j-JxPath-16,8,2,1.0,0.6666666666666666,1.0,1.0,3.0,fused_ml
d4j-JxPath-17,4,2,1.0,0.6666666666666666,1.0,1.0,3.0,fused_ml
d4j-JxPath-18,6,1,1.0,0.3333333333333333,1.0,1.0,3.0,fused_ml
d4j-JxPath-19,8,2,1.0,0.6666666666666666,1.0,1.0,3.0,fused_ml
d4j-JxPath-20,7,1,1.0,0.3333333333333333,1.0,1.0,3.0,fused_ml
d4j-JxPath-21,5,1,1.0,0.3333333333333333,1.0,1.0,3.0,fused_ml
d4j-JxPath-22,6,1,1.0,0.3333333333333333,1.0,1.0,3.0,fused_ml
d4j-Lang-1,3,1,1.0,0.3333333333333333,1.0,1.0,3.0,fused_ml
d4j-Lang-3,3,1,1.0,0.3333333333333333,1.0,1.0,3.0,fused_ml
d4j-Lang-4,3,1,1.0,0.3333333333333333,1.0,1.0,3.0,fused_ml
d4j-Lang-5,3,1,1.0,0.3333333333333333,1.0,1.0,3.0,fused_ml
d4j-Lang-6,5,1,1.0,0.3333333333333333,1.0,1.0,3.0,fused_ml
d4j-Lang-7,3,1,1.0,0.3333333333333333,1.0,1.0,3.0,fused_ml
d4j-Lang-8,8,1,1.0,0.3333333333333333,1.0,1.0,3.0,fused_ml
d4j-Lang-9,4,1,1.0,0.3333333333333333,1.0,1.0,3.0,fused_ml
d4j-Lang-10,7,1,1.0,0.3333333333333333,1.0,1.0,3.0,fused_ml
d4j-Lang-11,7,1,1.0,0.3333333333333333,1.0,1.0,3.0,fused_ml
d4j-Lang-12,8,1,1.0,0.3333333333333333,1.0,1.0,3.0,fused_ml
d4j-Lang-13,6,1,1.0,0.3333333333333333,1.0,1.0,3.0,fused_ml
d4j-Lang-14,6,1,1.0,0.3333333333333333,1.0,1.0,3.0,fused_ml
d4j-Lang-15,3,1,1.0,0.3333333333333333,1.0,1.0,3.0,fused_ml
d4j-Lang-16,3,1,1.0,0.3333333333333333,1.0,1.0,3.0,fused_ml
d4j-Lang-17,7,1,1.0,0.3333333333333333,1.0,1.0,3.0,fused_ml
d4j-Lang-19,6,1,1.0,0.3333333333333333,1.0,1.0,3.0,fused_ml
d4j-Lang-20,3,1,1.0,0.3333333333333333,1.0,1.0,3.0,fused_ml
d4j-Lang-21,5,1,1.0,0.3333333333333333,1.0,1.0,3.0,fused_ml
d4j-Lang-22,3,1,1.0,0.3333333333333333,1.0,1.0,3.0,fused_ml
d4j-Lang-23,7,1,1.0,0.3333333333333333,1.0,1.0,3.0,fused_ml
d4j-Lang-24,3,1,1.0,0.3333333333333333,1.0,1.0,3.0,fused_ml
d4j-Lang-26,5,1,1.0,0.3333333333333333,1.0,1.0,3.0,fused_ml
d4j-Lang-27,3,1,1.0,0.3333333333333333,1.0,1.0,3.0,fused_ml
d4j-Lang-28,3,1,1.0,0.3333333333333333,1.0,1.0,3.0,fused_ml
d4j-Lang-29,4,1,1.0,0.3333333333333333,1.0,1.0,3.0,fused_ml
d4j-Lang-30,6,1,1.0,0.3333333333333333,1.0,1.0,3.0,fused_ml
d4j-Lang-31,5,1,1.0,0.3333333333333333,1.0,1.0,3.0,fused_ml
d4j-Lang-32,5,1,1.0,0.3333333333333333,1.0,1.0,3.0,fused_ml
d4j-Lang-33,4,1,1.0,0.3333333333333333,1.0,1.0,3.0,fused_ml
d4j-Lang-34,7,1,1.0,0.3333333333333333,1.0,1.0,3.0,fused_ml
d4j-Lang-35,3,1,1.0,0.3333333333333333,1.0,1.0,3.0,fused_ml
d4j-Lang-36,3,1,1.0,0.3333333333333333,1.0,1.0,3.0,fused_ml
d4j-Lang-37,6,1,1.0,0.3333333333333333,1.0,1.0,3.0,fused_ml
d4j-Lang-38,4,1,1.0,0.3333333333333333,1.0,1.0,3.0,fused_ml
d4j-Lang-39,5,1,1.0,0.3333333333333333,1.0,1.0,3.0,fused_ml
d4j-Lang-40,5,1,1.0,0.3333333333333333,1.0,1.0,3.0,fused_ml
d4j-Lang-41,8,1,1.0,0.3333333333333333,1.0,1.0,3.0,fused_ml
d4j-Lang-42,8,1,1.0,0.3333333333333333,1.0,1.0,3.0,fused_ml
d4j-Lang-43,3,1,1.0,0.3333333333333333,1.0,1.0,3.0,fused_ml
d4j-Lang-44,7,1,1.0,0.3333333333333333,1.0,1.0,3.0,fused_ml
d4j-Lang-45,8,1,0.0,0.3333333333333333,1.0,0.5,6.0,fused_ml
d4j-Lang-46,5,1,1.0,0.3333333333333333,1.0,1.0,3.0,fused_ml
d4j-Lang-47,7,1,1.0,0.3333333333333333,1.0,1.0,3.0,fused_ml
d4j-Lang-49,4,1,1.0,0.3333333333333333,1.0,1.0,3.0,fused_ml
d4j-Lang-50,5,1,1.0,0.3333333333333333,1.0,1.0,3.0,fused_ml
d4j-Lang-51,5,1,1.0,0.3333333333333333,1.0,1.0,3.0,fused_ml
d4j-Lang-52,6,1,1.0,0.3333333333333333,1.0,1.0,3.0,fused_ml
d4j-Lang-53,5,1,1.0,0.3333333333333333,1.0,1.0,3.0,fused_ml
d4j-Lang-54,7,1,0.0,0.3333333333333333,1.0,0.5,6.0,fused_ml
d4j-Lang-55,4,1,1.0,0.3333333333333333,1.0,1.0,3.0,fused_ml
d4j-Lang-56,4,1,1.0,0.3333333333333333,1.0,1.0,3.0,fused_ml
d4j-Lang-57,7,1,1.0,0.3333333333333333,1.0,1.0,3.0,fused_ml
d4j-Lang-58,3,1,1.0,0.3333333333333333,1.0,1.0,3.0,fused_ml
d4j-Lang-59,5,1,1.0,0.3333333333333333,1.0,1.0,3.0,fused_ml
d4j-Lang-60,6,1,1.0,0.3333333333333333,1.0,1.0,3.0,fused_ml
d4j-Lang-61,5,1,1.0,0.3333333333333333,1.0,1.0,3.0,fused_ml
d4j-Lang-62,4,1,1.0,0.3333333333333333,1.0,1.0,3.0,fused_ml
d4j-Lang-63,5,1,1.0,0.3333333333333333,1.0,1.0,3.0,fused_ml
d4j-Lang-64,3,1,1.0,0.3333333333333333,1.0,1.0,3.0,fused_ml
d4j-Lang-65,3,1,1.0,0.3333333333333333,1.0,1.0,3.0,fused_ml
d4j-Math-1,8,2,1.0,0.6666666666666666,1.0,1.0,3.0,fused_ml
d4j-Math-2,6,1,1.0,0.3333333333333333,1.0,1.0,3.0,fused_ml
d4j-Math-3,5,1,1.0,0.3333333333333333,1.0,1.0,3.0,fused_ml
d4j-Math-4,3,2,1.0,0.6666666666666666,1.0,1.0,3.0,fused_ml
d4j-Math-5,7,1,1.0,0.3333333333333333,1.0,1.0,3.0,fused_ml
d4j-Math-6,5,5,1.0,1.0,1.0,1.0,3.0,fused_ml
d4j-Math-7,8,1,1.0,0.3333333333333333,1.0,1.0,3.0,fused_ml
d4j-Math-8,5,1,1.0,0.3333333333333333,1.0,1.0,3.0,fused_ml
d4j-Math-9,8,1,1.0,0.3333333333333333,1.0,1.0,3.0,fused_ml
d4j-Math-10,5,1,1.0,0.3333333333333333,1.0,1.0,3.0,fused_ml
d4j-Math-11,8,1,1.0,0.3333333333333333,1.0,1.0,3.0,fused_ml
d4j-Math-12,4,1,1.0,0.3333333333333333,1.0,1.0,3.0,fused_ml
d4j-Math-13,4,1,1.0,0.3333333333333333,1.0,1.0,3.0,fused_ml
d4j-Math-14,6,2,1.0,0.6666666666666666,1.0,1.0,3.0,fused_ml
d4j-Math-15,5,1,1.0,0.3333333333333333,1.0,1.0,3.0,fused_ml
d4j-Math-16,6,1,1.0,0.3333333333333333,1.0,1.0,3.0,fused_ml
d4j-Math-17,5,1,1.0,0.3333333333333333,1.0,1.0,3.0,fused_ml
d4j-Math-18,4,1,1.0,0.3333333333333333,1.0,1.0,3.0,fused_ml
d4j-Math-19,3,1,1.0,0.3333333333333333,1.0,1.0,3.0,fused_ml
d4j-Math-20,7,1,1.0,0.3333333333333333,1.0,1.0,3.0,fused_ml
d4j-Math-21,4,1,1.0,0.3333333333333333,1.0,1.0,3.0,fused_ml
d4j-Math-22,8,2,1.0,0.6666666666666666,1.0,1.0,3.0,fused_ml
d4j-Math-23,6,1,1.0,0.3333333333333333,1.0,1.0,3.0,fused_ml
d4j-Math-24,8,1,1.0,0.3333333333333333,1.0,1.0,3.0,fused_ml
d4j-Math-25,5,1,1.0,0.3333333333333333,1.0,1.0,3.0,fused_ml
d4j-Math-26,5,1,1.0,0.3333333333333333,1.0,1.0,3.0,fused_ml
d4j-Math-27,5,1,1.0,0.3333333333333333,1.0,1.0,3.0,fused_ml
d4j-Math-28,8,1,1.0,0.3333333333333333,1.0,1.0,3.0,fused_ml
d4j-Math-29,6,1,1.0,0.3333333333333333,1.0,1.0,3.0,fused_ml
d4j-Math-31,7,1,1.0,0.3333333333333333,1.0,1.0,3.0,fused_ml
d4j-Math-32,8,1,1.0,0.3333333333333333,1.0,1.0,3.0,fused_ml
d4j-Math-33,6,1,1.0,0.3333333333333333,1.0,1.0,3.0,fused_ml
d4j-Math-34,4,1,1.0,0.3333333333333333,1.0,1.0,3.0,fused_ml
d4j-Math-35,7,1,1.0,0.3333333333333333,1.0,1.0,3.0,fused_ml
d4j-Math-36,7,1,1.0,0.3333333333333333,1.0,1.0,3.0,fused_ml
d4j-Math-37,4,1,1.0,0.3333333333333333,1.0,1.0,3.0,fused_ml
d4j-Math-38,6,1,1.0,0.3333333333333333,1.0,1.0,3.0,fused_ml
d4j-Math-39,3,1,1.0,0.3333333333333333,1.0,1.0,3.0,fused_ml
d4j-Math-40,3,1,1.0,0.3333333333333333,1.0,1.0,3.0,fused_ml
d4j-Math-41,5,1,1.0,0.3333333333333333,1.0,1.0,3.0,fused_ml
d4j-Math-42,8,1,1.0,0.3333333333333333,1.0,1.0,3.0,fused_ml
d4j-Math-43,6,1,1.0,0.3333333333333333,1.0,1.0,3.0,fused_ml
d4j-Math-44,6,1,1.0,0.3333333333333333,1.0,1.0,3.0,fused_ml
d4j-Math-45,5,1,1.0,0.3333333333333333,1.0,1.0,3.0,fused_ml
d4j-Math-46,4,1,1.0,0.3333333333333333,1.0,1.0,3.0,fused_ml
d4j-Math-47,3,1,1.0,0.3333333333333333,1.0,1.0,3.0,fused_ml
d4j-Math-48,5,1,1.0,0.3333333333333333,1.0,1.0,3.0,fused_ml
d4j-Math-49,3,1,1.0,0.3333333333333333,1.0,1.0,3.0,fused_ml
d4j-Math-50,8,1,1.0,0.3333333333333333,1.0,1.0,3.0,fused_ml
d4j-Math-51,4,1,1.0,0.3333333333333333,1.0,1.0,3.0,fused_ml
d4j-Math-52,6,1,1.0,0.3333333333333333,1.0,1.0,3.0,fused_ml
d4j-Math-53,4,1,1.0,0.3333333333333333,1.0,1.0,3.0,fused_ml
d4j-Math-54,4,1,1.0,0.3333333333333333,1.0,1.0,3.0,fused_ml
d4j-Math-55,6,1,1.0,0.3333333333333333,1.0,1.0,3.0,fused_ml
d4j-Math-56,8,1,1.0,0.3333333333333333,1.0,1.0,3.0,fused_ml
d4j-Math-57,4,1,1.0,0.3333333333333333,1.0,1.0,3.0,fused_ml
d4j-Math-58,4,1,1.0,0.3333333333333333,1.0,1.0,3.0,fused_ml
d4j-Math-59,4,1,1.0,0.3333333333333333,1.0,1.0,3.0,fused_ml
d4j-Math-60,3,1,1.0,0.3333333333333333,1.0,1.0,3.0,fused_ml
d4j-Math-61,8,1,1.0,0.3333333333333333,1.0,1.0,3.0,fused_ml
d4j-Math-62,4,1,1.0,0.3333333333333333,1.0,1.0,3.0,fused_ml
d4j-Math-63,4,1,1.0,0.3333333333333333,1.0,1.0,3.0,fused_ml
d4j-Math-64,7,1,1.0,0.3333333333333333,1.0,1.0,3.0,fused_ml
d4j-Math-65,3,1,1.0,0.3333333333333333,1.0,1.0,3.0,fused_ml
d4j-Math-66,3,1,1.0,0.3333333333333333,1.0,1.0,3.0,fused_ml
d4j-Math-67,3,1,1.0,0.3333333333333333,1.0,1.0,3.0,fused_ml
d4j-Math-68,6,1,1.0,0.3333333333333333,1.0,1.0,3.0,fused_ml
d4j-Math-69,3,1,1.0,0.3333333333333333,1.0,1.0,3.0,fused_ml
d4j-Math-70,5,1,1.0,0.3333333333333333,1.0,1.0,3.0,fused_ml
d4j-Math-71,3,2,1.0,0.6666666666666666,1.0,1.0,3.0,fused_ml
d4j-Math-72,7,1,1.0,0.3333333333333333,1.0,1.0,3.0,fused_ml
d4j-Math-73,3,1,1.0,0.3333333333333333,1.0,1.0,3.0,fused_ml
d4j-Math-74,3,1,1.0,0.3333333333333333,1.0,1.0,3.0,fused_ml
d4j-Math-75,2,1,1.0,0.5,1.0,1.0,3.0,fused_ml
d4j-Math-76,7,1,1.0,0.3333333333333333,1.0,1.0,3.0,fused_ml
d4j-Math-77,7,2,1.0,0.6666666666666666,1.0,1.0,3.0,fused_ml
d4j-Math-78,4,1,1.0,0.3333333333333333,1.0,1.0,3.0,fused_ml
d4j-Math-79,5,1,1.0,0.3333333333333333,1.0,1.0,3.0,fused_ml
d4j-Math-80,6,1,1.0,0.3333333333333333,1.0,1.0,3.0,fused_ml
d4j-Math-81,7,1,1.0,0.3333333333333333,1.0,1.0,3.0,fused_ml
d4j-Math-82,6,1,1.0,0.3333333333333333,1.0,1.0,3.0,fused_ml
d4j-Math-83,3,1,1.0,0.3333333333333333,1.0,1.0,3.0,fused_ml
d4j-Math-84,3,1,1.0,0.3333333333333333,1.0,1.0,3.0,fused_ml
d4j-Math-85,5,1,1.0,0.3333333333333333,1.0,1.0,3.0,fused_ml
d4j-Math-86,8,1,1.0,0.3333333333333333,1.0,1.0,3.0,fused_ml
d4j-Math-87,6,1,1.0,0.3333333333333333,1.0,1.0,3.0,fused_ml
d4j-Math-88,3,1,1.0,0.3333333333333333,1.0,1.0,3.0,fused_ml
d4j-Math-89,2,1,1.0,0.5,1.0,1.0,3.0,fused_ml
d4j-Math-90,2,1,1.0,0.5,1.0,1.0,3.0,fused_ml
d4j-Math-91,6,1,1.0,0.3333333333333333,1.0,1.0,3.0,fused_ml
d4j-Math-92,5,1,1.0,0.3333333333333333,1.0,1.0,3.0,fused_ml
d4j-Math-93,4,1,1.0,0.3333333333333333,1.0,1.0,3.0,fused_ml
d4j-Math-94,5,1,1.0,0.3333333333333333,1.0,1.0,3.0,fused_ml
d4j-Math-95,5,1,1.0,0.3333333333333333,1.0,1.0,3.0,fused_ml
d4j-Math-96,3,1,1.0,0.3333333333333333,1.0,1.0,3.0,fused_ml
d4j-Math-97,3,1,1.0,0.3333333333333333,1.0,1.0,3.0,fused_ml
d4j-Math-98,8,2,1.0,0.6666666666666666,1.0,1.0,3.0,fused_ml
d4j-Math-99,3,1,1.0,0.3333333333333333,1.0,1.0,3.0,fused_ml
d4j-Math-101,3,1,1.0,0.3333333333333333,1.0,1.0,3.0,fused_ml
d4j-Math-103,7,1,1.0,0.3333333333333333,1.0,1.0,3.0,fused_ml
d4j-Math-104,3,1,1.0,0.3333333333333333,1.0,1.0,3.0,fused_ml
d4j-Math-105,1,1,1.0,1.0,1.0,1.0,3.0,fused_ml
d4j-Math-106,3,1,1.0,0.3333333333333333,1.0,1.0,3.0,fused_ml
d4j-Mockito-1,7,1,1.0,0.3333333333333333,1.0,1.0,3.0,fused_ml
d4j-Mockito-2,7,1,1.0,0.3333333333333333,1.0,1.0,3.0,fused_ml
d4j-Mockito-3,4,1,1.0,0.3333333333333333,1.0,1.0,3.0,fused_ml
d4j-Mockito-4,4,1,1.0,0.3333333333333333,1.0,1.0,3.0,fused_ml
d4j-Mockito-5,8,1,1.0,0.3333333333333333,1.0,1.0,3.0,fused_ml
d4j-Mockito-6,6,1,1.0,0.3333333333333333,1.0,1.0,3.0,fused_ml
d4j-Mockito-7,6,1,1.0,0.3333333333333333,1.0,1.0,3.0,fused_ml
d4j-Mockito-8,5,1,1.0,0.3333333333333333,1.0,1.0,3.0,fused_ml
d4j-Mockito-9,6,1,1.0,0.3333333333333333,1.0,1.0,3.0,fused_ml
d4j-Mockito-10,7,1,1.0,0.3333333333333333,1.0,1.0,3.0,fused_ml
d4j-Mockito-11,8,1,1.0,0.3333333333333333,1.0,1.0,3.0,fused_ml
d4j-Mockito-12,7,1,1.0,0.3333333333333333,1.0,1.0,3.0,fused_ml
d4j-Mockito-13,5,1,1.0,0.3333333333333333,1.0,1.0,3.0,fused_ml
d4j-Mockito-14,5,2,1.0,0.6666666666666666,1.0,1.0,3.0,fused_ml
d4j-Mockito-15,4,1,1.0,0.3333333333333333,1.0,1.0,3.0,fused_ml
d4j-Mockito-16,6,2,1.0,0.6666666666666666,1.0,1.0,3.0,fused_ml
d4j-Mockito-17,4,2,1.0,0.6666666666666666,1.0,1.0,3.0,fused_ml
d4j-Mockito-18,5,1,1.0,0.3333333333333333,1.0,1.0,3.0,fused_ml
d4j-Mockito-19,7,5,1.0,1.0,1.0,1.0,3.0,fused_ml
d4j-Mockito-20,6,1,1.0,0.3333333333333333,1.0,1.0,3.0,fused_ml
d4j-Mockito-21,5,1,1.0,0.3333333333333333,1.0,1.0,3.0,fused_ml
d4j-Mockito-22,5,1,1.0,0.3333333333333333,1.0,1.0,3.0,fused_ml
d4j-Mockito-23,7,1,1.0,0.3333333333333333,1.0,1.0,3.0,fused_ml
d4j-Mockito-24,6,1,1.0,0.3333333333333333,1.0,1.0,3.0,fused_ml
d4j-Mockito-25,4,1,1.0,0.3333333333333333,1.0,1.0,3.0,fused_ml
d4j-Mockito-26,3,1,1.0,0.3333333333333333,1.0,1.0,3.0,fused_ml
d4j-Mockito-27,3,1,1.0,0.3333333333333333,1.0,1.0,3.0,fused_ml
d4j-Mockito-28,6,1,1.0,0.3333333333333333,1.0,1.0,3.0,fused_ml
d4j-Mockito-29,4,1,1.0,0.3333333333333333,1.0,1.0,3.0,fused_ml
d4j-Mockito-30,8,2,1.0,0.6666666666666666,1.0,1.0,3.0,fused_ml
d4j-Mockito-31,3,1,1.0,0.3333333333333333,1.0,1.0,3.0,fused_ml
d4j-Mockito-32,6,1,1.0,0.3333333333333333,1.0,1.0,3.0,fused_ml
d4j-Mockito-33,7,1,1.0,0.3333333333333333,1.0,1.0,3.0,fused_ml
d4j-Mockito-34,8,1,1.0,0.3333333333333333,1.0,1.0,3.0,fused_ml
d4j-Mockito-35,6,1,1.0,0.3333333333333333,1.0,1.0,3.0,fused_ml
d4j-Mockito-36,3,1,1.0,0.3333333333333333,1.0,1.0,3.0,fused_ml
d4j-Mockito-37,6,1,1.0,0.3333333333333333,1.0,1.0,3.0,fused_ml
d4j-Mockito-38,1,1,1.0,1.0,1.0,1.0,3.0,fused_ml
d4j-Time-1,5,2,1.0,0.6666666666666666,1.0,1.0,3.0,fused_ml
d4j-Time-2,5,2,1.0,0.6666666666666666,1.0,1.0,3.0,fused_ml
d4j-Time-3,8,1,1.0,0.3333333333333333,1.0,1.0,3.0,fused_ml
d4j-Time-4,4,1,1.0,0.3333333333333333,1.0,1.0,3.0,fused_ml
d4j-Time-5,6,1,1.0,0.3333333333333333,1.0,1.0,3.0,fused_ml
d4j-Time-6,4,1,1.0,0.3333333333333333,1.0,1.0,3.0,fused_ml
d4j-Time-7,4,1,1.0,0.3333333333333333,1.0,1.0,3.0,fused_ml
d4j-Time-8,4,1,1.0,0.3333333333333333,1.0,1.0,3.0,fused_ml
d4j-Time-9,3,1,1.0,0.3333333333333333,1.0,1.0,3.0,fused_ml
d4j-Time-10,7,1,1.0,0.3333333333333333,1.0,1.0,3.0,fused_ml
d4j-Time-11,6,1,1.0,0.3333333333333333,1.0,1.0,3.0,fused_ml
d4j-Time-12,4,2,1.0,0.6666666666666666,1.0,1.0,3.0,fused_ml
d4j-Time-13,5,1,1.0,0.3333333333333333,1.0,1.0,3.0,fused_ml
d4j-Time-14,4,1,1.0,0.3333333333333333,1.0,1.0,3.0,fused_ml
d4j-Time-15,5,1,1.0,0.3333333333333333,1.0,1.0,3.0,fused_ml
d4j-Time-16,8,1,1.0,0.3333333333333333,1.0,1.0,3.0,fused_ml
d4j-Time-17,4,1,1.0,0.3333333333333333,1.0,1.0,3.0,fused_ml
d4j-Time-18,7,1,1.0,0.3333333333333333,1.0,1.0,3.0,fused_ml
d4j-Time-19,6,1,1.0,0.3333333333333333,1.0,1.0,3.0,fused_ml
d4j-Time-20,6,1,1.0,0.3333333333333333,1.0,1.0,3.0,fused_ml
d4j-Time-22,8,1,0.0,0.0,0.0,0.16666666666666666,18.0,fused_ml
d4j-Time-23,4,1,0.0,0.0,1.0,0.25,12.0,fused_ml
d4j-Time-24,3,1,0.0,0.3333333333333333,1.0,0.3333333333333333,9.0,fused_ml
d4j-Time-25,3,1,0.0,0.3333333333333333,1.0,0.3333333333333333,9.0,fused_ml
d4j-Time-26,8,3,0.0,0.0,0.3333333333333333,0.2,15.0,fused_ml
d4j-Time-27,8,1,0.0,0.0,0.0,0.14285714285714285,21.0,fused_ml
bip-PySnooper-1,3,2,1.0,0.6666666666666666,1.0,1.0,3.0,fused_ml
bip-PySnooper-2,3,1,1.0,0.3333333333333333,1.0,1.0,3.0,fused_ml
bip-PySnooper-3,3,1,0.0,0.3333333333333333,1.0,0.3333333333333333,9.0,fused_ml
bip-ansible-1,5,1,1.0,0.3333333333333333,1.0,1.0,3.0,fused_ml
bip-ansible-2,3,1,0.0,0.3333333333333333,1.0,0.5,6.0,fused_ml
bip-ansible-3,4,1,0.0,0.0,1.0,0.25,12.0,fused_ml
bip-ansible-4,4,1,0.0,0.3333333333333333,1.0,0.5,6.0,fused_ml
bip-ansible-5,7,1,0.0,0.3333333333333333,1.0,0.3333333333333333,9.0,fused_ml
bip-ansible-6,7,1,1.0,0.3333333333333333,1.0,1.0,3.0,fused_ml
bip-ansible-7,3,1,0.0,0.3333333333333333,1.0,0.5,6.0,fused_ml
bip-ansible-8,7,1,0.0,0.0,0.0,0.16666666666666666,18.0,fused_ml
bip-ansible-9,3,1,0.0,0.3333333333333333,1.0,0.5,6.0,fused_ml
bip-ansible-10,5,1,0.0,0.0,1.0,0.25,12.0,fused_ml
bip-ansible-11,4,1,0.0,0.3333333333333333,1.0,0.3333333333333333,9.0,fused_ml
bip-ansible-12,5,1,0.0,0.0,1.0,0.25,12.0,fused_ml
bip-ansible-13,7,2,1.0,0.6666666666666666,1.0,1.0,3.0,fused_ml
bip-ansible-14,5,1,0.0,0.0,1.0,0.25,12.0,fused_ml
bip-ansible-15,5,1,0.0,0.0,1.0,0.25,12.0,fused_ml
bip-ansible-16,3,1,0.0,0.3333333333333333,1.0,0.3333333333333333,9.0,fused_ml
bip-ansible-17,5,1,1.0,0.3333333333333333,1.0,1.0,3.0,fused_ml
bip-ansible-18,8,1,0.0,0.3333333333333333,1.0,0.5,6.0,fused_ml
bip-black-1,4,1,0.0,0.0,1.0,0.25,12.0,fused_ml
bip-black-2,4,1,0.0,0.0,1.0,0.25,12.0,fused_ml
bip-black-3,3,1,0.0,0.3333333333333333,1.0,0.3333333333333333,9.0,fused_ml
bip-black-4,3,1,0.0,0.3333333333333333,1.0,0.3333333333333333,9.0,fused_ml
bip-black-5,3,1,0.0,0.3333333333333333,1.0,0.3333333333333333,9.0,fused_ml
bip-black-6,4,3,1.0,0.6666666666666666,1.0,1.0,3.0,fused_ml
bip-black-7,4,1,0.0,0.0,1.0,0.25,12.0,fused_ml
bip-black-8,4,1,0.0,0.0,1.0,0.25,12.0,fused_ml
bip-black-9,4,1,0.0,0.0,1.0,0.25,12.0,fused_ml
bip-black-10,4,1,0.0,0.3333333333333333,1.0,0.5,6.0,fused_ml
bip-black-11,3,1,0.0,0.3333333333333333,1.0,0.3333333333333333,9.0,fused_ml
bip-black-12,4,1,0.0,0.0,1.0,0.25,12.0,fused_ml
bip-black-13,4,1,0.0,0.3333333333333333,1.0,0.5,6.0,fused_ml
bip-black-14,3,1,0.0,0.3333333333333333,1.0,0.3333333333333333,9.0,fused_ml
bip-black-15,4,1,0.0,0.0,1.0,0.25,12.0,fused_ml
bip-black-16,4,1,0.0,0.0,1.0,0.25,12.0,fused_ml
bip-black-17,4,1,0.0,0.0,1.0,0.25,12.0,fused_ml
bip-black-18,4,1,0.0,0.0,1.0,0.25,12.0,fused_ml
bip-black-19,3,1,0.0,0.3333333333333333,1.0,0.3333333333333333,9.0,fused_ml
bip-black-20,4,1,0.0,0.0,1.0,0.25,12.0,fused_ml
bip-black-21,4,1,0.0,0.0,1.0,0.25,12.0,fused_ml
bip-black-22,4,1,0.0,0.0,1.0,0.25,12.0,fused_ml
bip-black-23,4,2,0.0,0.3333333333333333,1.0,0.3333333333333333,9.0,fused_ml
bip-cookiecutter-1,4,1,0.0,0.3333333333333333,1.0,0.5,6.0,fused_ml
bip-cookiecutter-2,4,1,1.0,0.3333333333333333,1.0,1.0,3.0,fused_ml
bip-cookiecutter-3,4,1,0.0,0.0,1.0,0.25,12.0,fused_ml
bip-cookiecutter-4,4,3,1.0,0.6666666666666666,1.0,1.0,3.0,fused_ml
bip-fastapi-1,4,4,1.0,1.0,1.0,1.0,3.0,fused_ml
bip-fastapi-2,7,1,1.0,0.3333333333333333,1.0,1.0,3.0,fused_ml
bip-fastapi-3,5,1,1.0,0.3333333333333333,1.0,1.0,3.0,fused_ml
bip-fastapi-4,3,1,0.0,0.3333333333333333,1.0,0.5,6.0,fused_ml
bip-fastapi-5,3,1,0.0,0.3333333333333333,1.0,0.5,6.0,fused_ml
bip-fastapi-6,5,1,0.0,0.3333333333333333,1.0,0.5,6.0,fused_ml
bip-fastapi-7,5,1,0.0,0.0,1.0,0.2,15.0,fused_ml
bip-fastapi-8,4,1,1.0,0.3333333333333333,1.0,1.0,3.0,fused_ml
bip-fastapi-9,3,1,1.0,0.3333333333333333,1.0,1.0,3.0,fused_ml
bip-fastapi-10,8,1,1.0,0.3333333333333333,1.0,1.0,3.0,fused_ml
bip-fastapi-11,6,1,1.0,0.3333333333333333,1.0,1.0,3.0,fused_ml
bip-fastapi-12,5,1,0.0,0.0,1.0,0.25,12.0,fused_ml
bip-fastapi-13,5,1,1.0,0.3333333333333333,1.0,1.0,3.0,fused_ml
bip-fastapi-14,7,1,0.0,0.0,1.0,0.2,15.0,fused_ml
bip-fastapi-15,7,1,1.0,0.3333333333333333,1.0,1.0,3.0,fused_ml
bip-fastapi-16,7,1,0.0,0.3333333333333333,1.0,0.3333333333333333,9.0,fused_ml
bip-httpie-1,4,1,0.0,0.0,1.0,0.25,12.0,fused_ml
bip-httpie-2,6,2,0.0,0.3333333333333333,0.5,0.3333333333333333,9.0,fused_ml
bip-httpie-3,5,1,0.0,0.0,1.0,0.25,12.0,fused_ml
bip-httpie-4,4,1,0.0,0.3333333333333333,1.0,0.3333333333333333,9.0,fused_ml
bip-httpie-5,5,1,0.0,0.0,1.0,0.25,12.0,fused_ml
bip-keras-1,8,3,1.0,0.6666666666666666,0.6666666666666666,1.0,3.0,fused_ml
bip-keras-2,5,1,0.0,0.0,1.0,0.25,12.0,fused_ml
bip-keras-3,7,1,1.0,0.3333333333333333,1.0,1.0,3.0,fused_ml
bip-keras-4,4,1,0.0,0.0,1.0,0.25,12.0,fused_ml
bip-keras-5,5,1,0.0,0.3333333333333333,1.0,0.5,6.0,fused_ml
bip-keras-6,6,1,0.0,0.3333333333333333,1.0,0.5,6.0,fused_ml
bip-keras-7,4,1,0.0,0.0,1.0,0.25,12.0,fused_ml
bip-keras-8,7,1,0.0,0.0,0.0,0.14285714285714285,21.0,fused_ml
bip-keras-9,3,1,1.0,0.3333333333333333,1.0,1.0,3.0,fused_ml
bip-keras-10,8,1,0.0,0.3333333333333333,1.0,0.3333333333333333,9.0,fused_ml
bip-keras-11,4,3,1.0,1.0,1.0,1.0,3.0,fused_ml
bip-keras-13,4,1,0.0,0.3333333333333333,1.0,0.5,6.0,fused_ml
bip-keras-14,7,1,0.0,0.3333333333333333,1.0,0.5,6.0,fused_ml
bip-keras-15,6,1,1.0,0.3333333333333333,1.0,1.0,3.0,fused_ml
bip-keras-16,5,1,0.0,0.3333333333333333,1.0,0.5,6.0,fused_ml
bip-keras-17,8,1,0.0,0.3333333333333333,1.0,0.3333333333333333,9.0,fused_ml
bip-keras-18,7,1,1.0,0.3333333333333333,1.0,1.0,3.0,fused_ml
bip-keras-19,6,2,1.0,0.6666666666666666,1.0,1.0,3.0,fused_ml
bip-keras-20,6,5,1.0,0.6666666666666666,0.8,1.0,3.0,fused_ml
bip-keras-21,4,1,1.0,0.3333333333333333,1.0,1.0,3.0,fused_ml
bip-keras-22,6,1,0.0,0.0,0.0,0.16666666666666666,18.0,fused_ml
bip-keras-23,6,1,0.0,0.3333333333333333,1.0,0.3333333333333333,9.0,fused_ml
bip-keras-24,6,1,0.0,0.3333333333333333,1.0,0.5,6.0,fused_ml
bip-keras-25,6,1,0.0,0.0,0.0,0.16666666666666666,18.0,fused_ml
bip-keras-26,8,1,1.0,0.3333333333333333,1.0,1.0,3.0,fused_ml
bip-keras-27,3,1,0.0,0.3333333333333333,1.0,0.5,6.0,fused_ml
bip-keras-28,6,1,0.0,0.0,1.0,0.2,15.0,fused_ml
bip-keras-29,6,1,1.0,0.3333333333333333,1.0,1.0,3.0,fused_ml
bip-keras-30,8,1,1.0,0.3333333333333333,1.0,1.0,3.0,fused_ml
bip-keras-31,6,1,1.0,0.3333333333333333,1.0,1.0,3.0,fused_ml
bip-keras-32,7,1,1.0,0.3333333333333333,1.0,1.0,3.0,fused_ml
bip-keras-33,8,1,0.0,0.0,0.0,0.125,24.0,fused_ml
bip-keras-34,8,2,0.0,0.6666666666666666,1.0,0.5,6.0,fused_ml
bip-keras-35,3,1,0.0,0.3333333333333333,1.0,0.5,6.0,fused_ml
bip-keras-36,3,1,1.0,0.3333333333333333,1.0,1.0,3.0,fused_ml
bip-keras-37,8,2,1.0,0.6666666666666666,1.0,1.0,3.0,fused_ml
bip-keras-38,4,1,1.0,0.3333333333333333,1.0,1.0,3.0,fused_ml
bip-keras-39,7,1,0.0,0.0,0.0,0.16666666666666666,18.0,fused_ml
bip-keras-40,7,1,1.0,0.3333333333333333,1.0,1.0,3.0,fused_ml
bip-keras-41,8,1,1.0,0.3333333333333333,1.0,1.0,3.0,fused_ml
bip-keras-42,6,2,0.0,0.6666666666666666,1.0,0.5,6.0,fused_ml
bip-keras-43,4,1,0.0,0.0,1.0,0.25,12.0,fused_ml
bip-keras-44,6,1,1.0,0.3333333333333333,1.0,1.0,3.0,fused_ml
bip-keras-45,7,1,1.0,0.3333333333333333,1.0,1.0,3.0,fused_ml
bip-luigi-1,7,1,0.0,0.0,0.0,0.16666666666666666,18.0,fused_ml
bip-luigi-2,4,1,0.0,0.3333333333333333,1.0,0.3333333333333333,9.0,fused_ml
bip-luigi-3,6,1,0.0,0.3333333333333333,1.0,0.5,6.0,fused_ml
bip-luigi-4,8,1,0.0,0.3333333333333333,1.0,0.5,6.0,fused_ml
bip-luigi-5,5,1,0.0,0.3333333333333333,1.0,0.3333333333333333,9.0,fused_ml
bip-luigi-6,3,1,1.0,0.3333333333333333,1.0,1.0,3.0,fused_ml
bip-luigi-7,5,1,1.0,0.3333333333333333,1.0,1.0,3.0,fused_ml
bip-luigi-8,8,1,1.0,0.3333333333333333,1.0,1.0,3.0,fused_ml
bip-luigi-9,8,1,0.0,0.0,0.0,0.14285714285714285,21.0,fused_ml
bip-luigi-10,4,1,1.0,0.3333333333333333,1.0,1.0,3.0,fused_ml
bip-luigi-11,6,1,1.0,0.3333333333333333,1.0,1.0,3.0,fused_ml
bip-luigi-12,4,1,0.0,0.0,1.0,0.25,12.0,fused_ml
bip-luigi-13,7,1,0.0,0.0,0.0,0.16666666666666666,18.0,fused_ml
bip-luigi-14,5,1,1.0,0.3333333333333333,1.0,1.0,3.0,fused_ml
bip-luigi-15,8,1,1.0,0.3333333333333333,1.0,1.0,3.0,fused_ml
bip-luigi-16,7,1,1.0,0.3333333333333333,1.0,1.0,3.0,fused_ml
bip-luigi-17,4,1,1.0,0.3333333333333333,1.0,1.0,3.0,fused_ml
bip-luigi-18,7,1,1.0,0.3333333333333333,1.0,1.0,3.0,fused_ml
bip-luigi-19,3,1,1.0,0.3333333333333333,1.0,1.0,3.0,fused_ml
bip-luigi-20,7,1,0.0,0.0,1.0,0.25,12.0,fused_ml
bip-luigi-21,3,1,1.0,0.3333333333333333,1.0,1.0,3.0,fused_ml
bip-luigi-22,7,1,1.0,0.3333333333333333,1.0,1.0,3.0,fused_ml
bip-luigi-23,8,2,1.0,0.6666666666666666,1.0,1.0,3.0,fused_ml
bip-luigi-24,7,1,0.0,0.0,0.0,0.14285714285714285,21.0,fused_ml
bip-luigi-25,4,1,1.0,0.3333333333333333,1.0,1.0,3.0,fused_ml
bip-luigi-26,7,1,0.0,0.0,0.0,0.16666666666666666,18.0,fused_ml
bip-luigi-27,5,1,1.0,0.3333333333333333,1.0,1.0,3.0,fused_ml
bip-luigi-28,7,1,0.0,0.3333333333333333,1.0,0.3333333333333333,9.0,fused_ml
bip-luigi-29,3,1,1.0,0.3333333333333333,1.0,1.0,3.0,fused_ml
bip-luigi-30,5,1,0.0,0.0,1.0,0.2,15.0,fused_ml
bip-luigi-31,4,1,1.0,0.3333333333333333,1.0,1.0,3.0,fused_ml
bip-luigi-32,3,1,1.0,0.3333333333333333,1.0,1.0,3.0,fused_ml
bip-luigi-33,8,1,0.0,0.3333333333333333,1.0,0.3333333333333333,9.0,fused_ml
bip-matplotlib-1,4,3,1.0,0.6666666666666666,1.0,1.0,3.0,fused_ml
bip-matplotlib-2,8,1,1.0,0.3333333333333333,1.0,1.0,3.0,fused_ml
bip-matplotlib-3,3,1,0.0,0.3333333333333333,1.0,0.3333333333333333,9.0,fused_ml
bip-matplotlib-4,6,2,1.0,0.3333333333333333,0.5,1.0,3.0,fused_ml
bip-matplotlib-5,8,1,1.0,0.3333333333333333,1.0,1.0,3.0,fused_ml
bip-matplotlib-6,4,1,1.0,0.3333333333333333,1.0,1.0,3.0,fused_ml
bip-matplotlib-7,4,1,1.0,0.3333333333333333,1.0,1.0,3.0,fused_ml
bip-matplotlib-8,5,1,1.0,0.3333333333333333,1.0,1.0,3.0,fused_ml
bip-matplotlib-9,4,1,1.0,0.3333333333333333,1.0,1.0,3.0,fused_ml
bip-matplotlib-10,7,1,0.0,0.3333333333333333,1.0,0.5,6.0,fused_ml
bip-matplotlib-11,6,1,0.0,0.3333333333333333,1.0,0.5,6.0,fused_ml
bip-matplotlib-12,7,1,1.0,0.3333333333333333,1.0,1.0,3.0,fused_ml
bip-matplotlib-13,4,1,1.0,0.3333333333333333,1.0,1.0,3.0,fused_ml
bip-matplotlib-14,5,1,0.0,0.3333333333333333,1.0,0.5,6.0,fused_ml
bip-matplotlib-15,7,4,1.0,0.3333333333333333,0.75,1.0,3.0,fused_ml
bip-matplotlib-16,8,1,0.0,0.3333333333333333,1.0,0.5,6.0,fused_ml
bip-matplotlib-17,4,1,0.0,0.3333333333333333,1.0,0.5,6.0,fused_ml
bip-matplotlib-18,6,1,0.0,0.3333333333333333,1.0,0.5,6.0,fused_ml
bip-matplotlib-19,5,1,1.0,0.3333333333333333,1.0,1.0,3.0,fused_ml
bip-matplotlib-20,5,2,0.0,0.3333333333333333,1.0,0.5,6.0,fused_ml
bip-matplotlib-21,8,1,1.0,0.3333333333333333,1.0,1.0,3.0,fused_ml
bip-matplotlib-22,7,1,1.0,0.3333333333333333,1.0,1.0,3.0,fused_ml
bip-matplotlib-23,3,1,0.0,0.3333333333333333,1.0,0.5,6.0,fused_ml
bip-matplotlib-24,5,1,1.0,0.3333333333333333,1.0,1.0,3.0,fused_ml
bip-matplotlib-25,4,1,0.0,0.3333333333333333,1.0,0.3333333333333333,9.0,fused_ml
bip-matplotlib-26,8,1,0.0,0.3333333333333333,1.0,0.5,6.0,fused_ml
bip-matplotlib-27,3,1,0.0,0.3333333333333333,1.0,0.3333333333333333,9.0,fused_ml
bip-matplotlib-28,6,1,1.0,0.3333333333333333,1.0,1.0,3.0,fused_ml
bip-matplotlib-29,7,1,1.0,0.3333333333333333,1.0,1.0,3.0,fused_ml
bip-matplotlib-30,7,1,0.0,0.3333333333333333,1.0,0.3333333333333333,9.0,fused_ml
bip-pandas-1,7,1,0.0,0.3333333333333333,1.0,0.3333333333333333,9.0,fused_ml
bip-pandas-2,5,1,0.0,0.0,1.0,0.25,12.0,fused_ml
bip-pandas-3,8,1,0.0,0.0,0.0,0.125,24.0,fused_ml
bip-pandas-4,4,1,0.0,0.0,1.0,0.25,12.0,fused_ml
bip-pandas-5,8,1,0.0,0.0,0.0,0.14285714285714285,21.0,fused_ml
bip-pandas-6,8,1,1.0,0.3333333333333333,1.0,1.0,3.0,fused_ml
bip-pandas-7,6,1,0.0,0.0,0.0,0.16666666666666666,18.0,fused_ml
bip-pandas-8,4,1,0.0,0.0,1.0,0.25,12.0,fused_ml
bip-pandas-9,3,2,1.0,0.6666666666666666,1.0,1.0,3.0,fused_ml
bip-pandas-10,8,1,0.0,0.0,0.0,0.125,24.0,fused_ml
bip-pandas-11,4,1,1.0,0.3333333333333333,1.0,1.0,3.0,fused_ml
bip-pandas-12,7,1,1.0,0.3333333333333333,1.0,1.0,3.0,fused_ml
bip-pandas-13,4,1,0.0,0.0,1.0,0.25,12.0,fused_ml
bip-pandas-14,8,1,0.0,0.3333333333333333,1.0,0.3333333333333333,9.0,fused_ml
bip-pandas-15,8,1,0.0,0.0,0.0,0.14285714285714285,21.0,fused_ml
bip-pandas-16,3,1,1.0,0.3333333333333333,1.0,1.0,3.0,fused_ml
bip-pandas-17,8,1,0.0,0.0,0.0,0.16666666666666666,18.0,fused_ml
bip-pandas-18,7,2,1.0,0.3333333333333333,0.5,1.0,3.0,fused_ml
bip-pandas-19,7,1,0.0,0.0,0.0,0.14285714285714285,21.0,fused_ml
bip-pandas-20,3,1,1.0,0.3333333333333333,1.0,1.0,3.0,fused_ml
bip-pandas-21,6,1,0.0,0.0,1.0,0.2,15.0,fused_ml
bip-pandas-22,3,2,1.0,0.6666666666666666,1.0,1.0,3.0,fused_ml
bip-pandas-23,7,1,0.0,0.3333333333333333,1.0,0.5,6.0,fused_ml
bip-pandas-24,4,1,0.0,0.3333333333333333,1.0,0.5,6.0,fused_ml
bip-pandas-25,6,1,1.0,0.3333333333333333,1.0,1.0,3.0,fused_ml
bip-pandas-26,8,1,0.0,0.0,0.0,0.14285714285714285,21.0,fused_ml
bip-pandas-27,3,1,0.0,0.3333333333333333,1.0,0.5,6.0,fused_ml
bip-pandas-28,4,1,0.0,0.3333333333333333,1.0,0.3333333333333333,9.0,fused_ml
bip-pandas-29,4,1,0.0,0.3333333333333333,1.0,0.3333333333333333,9.0,fused_ml
bip-pandas-30,3,1,1.0,0.3333333333333333,1.0,1.0,3.0,fused_ml
bip-pandas-31,3,1,1.0,0.3333333333333333,1.0,1.0,3.0,fused_ml
bip-pandas-32,7,1,0.0,0.0,1.0,0.2,15.0,fused_ml
bip-pandas-33,7,1,1.0,0.3333333333333333,1.0,1.0,3.0,fused_ml
bip-pandas-34,4,1,0.0,0.3333333333333333,1.0,0.3333333333333333,9.0,fused_ml
bip-pandas-35,8,1,0.0,0.0,0.0,0.125,24.0,fused_ml
bip-pandas-36,6,1,0.0,0.0,1.0,0.2,15.0,fused_ml
bip-pandas-37,6,1,0.0,0.0,1.0,0.25,12.0,fused_ml
bip-pandas-38,5,1,0.0,0.3333333333333333,1.0,0.5,6.0,fused_ml
bip-pandas-39,4,1,0.0,0.3333333333333333,1.0,0.5,6.0,fused_ml
bip-pandas-40,4,1,1.0,0.3333333333333333,1.0,1.0,3.0,fused_ml
bip-pandas-41,5,1,0.0,0.0,1.0,0.2,15.0,fused_ml
bip-pandas-43,3,1,0.0,0.3333333333333333,1.0,0.5,6.0,fused_ml
bip-pandas-44,5,5,1.0,1.0,1.0,1.0,3.0,fused_ml
bip-pandas-45,5,1,0.0,0.0,1.0,0.25,12.0,fused_ml
bip-pandas-46,4,2,0.0,0.6666666666666666,1.0,0.5,6.0,fused_ml
bip-pandas-47,8,2,1.0,0.3333333333333333,0.5,1.0,3.0,fused_ml
bip-pandas-48,5,1,0.0,0.0,1.0,0.2,15.0,fused_ml
bip-pandas-49,5,1,1.0,0.3333333333333333,1.0,1.0,3.0,fused_ml
bip-pandas-50,4,1,0.0,0.0,1.0,0.25,12.0,fused_ml
bip-pandas-51,5,1,1.0,0.3333333333333333,1.0,1.0,3.0,fused_ml
bip-pandas-52,4,1,0.0,0.3333333333333333,1.0,0.3333333333333333,9.0,fused_ml
bip-pandas-53,4,2,0.0,0.3333333333333333,1.0,0.3333333333333333,9.0,fused_ml
bip-pandas-54,5,1,0.0,0.3333333333333333,1.0,0.3333333333333333,9.0,fused_ml
bip-pandas-55,3,2,0.0,0.6666666666666666,1.0,0.5,6.0,fused_ml
bip-pandas-56,5,1,1.0,0.3333333333333333,1.0,1.0,3.0,fused_ml
bip-pandas-57,4,1,0.0,0.0,1.0,0.25,12.0,fused_ml
bip-pandas-58,4,1,0.0,0.0,1.0,0.25,12.0,fused_ml
bip-pandas-59,6,1,0.0,0.0,1.0,0.2,15.0,fused_ml
bip-pandas-60,5,1,0.0,0.0,1.0,0.2,15.0,fused_ml
bip-pandas-61,3,1,0.0,0.3333333333333333,1.0,0.3333333333333333,9.0,fused_ml
bip-pandas-62,6,2,0.0,0.3333333333333333,1.0,0.3333333333333333,9.0,fused_ml
bip-pandas-63,8,1,0.0,0.0,0.0,0.125,24.0,fused_ml
bip-pandas-64,4,1,0.0,0.0,1.0,0.25,12.0,fused_ml
bip-pandas-65,6,2,0.0,0.0,0.5,0.25,12.0,fused_ml
bip-pandas-66,3,2,0.0,0.6666666666666666,1.0,0.5,6.0,fused_ml
bip-pandas-67,3,1,0.0,0.3333333333333333,1.0,0.3333333333333333,9.0,fused_ml
bip-pandas-68,3,1,0.0,0.3333333333333333,1.0,0.5,6.0,fused_ml
bip-pandas-69,6,1,0.0,0.0,0.0,0.16666666666666666,18.0,fused_ml
bip-pandas-70,4,2,1.0,0.6666666666666666,1.0,1.0,3.0,fused_ml
bip-pandas-71,7,1,0.0,0.0,1.0,0.25,12.0,fused_ml
bip-pandas-72,8,1,0.0,0.0,0.0,0.125,24.0,fused_ml
bip-pandas-73,7,2,1.0,0.3333333333333333,0.5,1.0,3.0,fused_ml
bip-pandas-74,7,1,1.0,0.3333333333333333,1.0,1.0,3.0,fused_ml
bip-pandas-75,8,1,0.0,0.0,0.0,0.14285714285714285,21.0,fused_ml
bip-pandas-76,3,1,1.0,0.3333333333333333,1.0,1.0,3.0,fused_ml
bip-pandas-77,5,1,0.0,0.3333333333333333,1.0,0.3333333333333333,9.0,fused_ml
bip-pandas-78,3,1,1.0,0.3333333333333333,1.0,1.0,3.0,fused_ml
bip-pandas-79,6,4,1.0,1.0,0.75,1.0,3.0,fused_ml
bip-pandas-80,3,3,1.0,1.0,1.0,1.0,3.0,fused_ml
bip-pandas-81,5,1,1.0,0.3333333333333333,1.0,1.0,3.0,fused_ml
bip-pandas-82,8,1,0.0,0.3333333333333333,1.0,0.3333333333333333,9.0,fused_ml
bip-pandas-83,6,2,0.0,0.3333333333333333,1.0,0.5,6.0,fused_ml
bip-pandas-84,7,1,1.0,0.3333333333333333,1.0,1.0,3.0,fused_ml
bip-pandas-85,8,1,0.0,0.3333333333333333,1.0,0.3333333333333333,9.0,fused_ml
bip-pandas-86,6,1,0.0,0.0,0.0,0.16666666666666666,18.0,fused_ml
bip-pandas-87,8,1,0.0,0.0,0.0,0.14285714285714285,21.0,fused_ml
bip-pandas-88,6,1,0.0,0.0,1.0,0.2,15.0,fused_ml
bip-pandas-89,8,1,0.0,0.0,1.0,0.25,12.0,fused_ml
bip-pandas-90,4,1,0.0,0.3333333333333333,1.0,0.3333333333333333,9.0,fused_ml
bip-pandas-91,4,1,1.0,0.3333333333333333,1.0,1.0,3.0,fused_ml
bip-pandas-92,6,3,0.0,0.3333333333333333,0.6666666666666666,0.5,6.0,fused_ml
bip-pandas-93,4,1,0.0,0.0,1.0,0.25,12.0,fused_ml
bip-pandas-94,6,1,1.0,0.3333333333333333,1.0,1.0,3.0,fused_ml
bip-pandas-95,8,1,0.0,0.0,1.0,0.2,15.0,fused_ml
bip-pandas-96,3,1,0.0,0.3333333333333333,1.0,0.5,6.0,fused_ml
bip-pandas-97,7,1,0.0,0.3333333333333333,1.0,0.5,6.0,fused_ml
bip-pandas-98,8,1,0.0,0.0,0.0,0.125,24.0,fused_ml
bip-pandas-99,3,1,1.0,0.3333333333333333,1.0,1.0,3.0,fused_ml
bip-pandas-100,8,1,0.0,0.0,0.0,0.125,24.0,fused_ml
bip-pandas-101,8,1,0.0,0.3333333333333333,1.0,0.3333333333333333,9.0,fused_ml
bip-pandas-102,6,1,0.0,0.0,1.0,0.2,15.0,fused_ml
bip-pandas-103,8,2,1.0,0.3333333333333333,0.5,1.0,3.0,fused_ml
bip-pandas-104,5,1,1.0,0.3333333333333333,1.0,1.0,3.0,fused_ml
bip-pandas-105,8,2,1.0,0.3333333333333333,0.5,1.0,3.0,fused_ml
bip-pandas-106,8,1,0.0,0.0,0.0,0.125,24.0,fused_ml
bip-pandas-107,8,1,1.0,0.3333333333333333,1.0,1.0,3.0,fused_ml
bip-pandas-108,4,1,0.0,0.3333333333333333,1.0,0.5,6.0,fused_ml
bip-pandas-109,4,1,0.0,0.0,1.0,0.25,12.0,fused_ml
bip-pandas-110,3,2,1.0,0.6666666666666666,1.0,1.0,3.0,fused_ml
bip-pandas-111,5,2,1.0,0.3333333333333333,1.0,1.0,3.0,fused_ml
bip-pandas-112,6,1,0.0,0.3333333333333333,1.0,0.3333333333333333,9.0,fused_ml
bip-pandas-113,3,1,1.0,0.3333333333333333,1.0,1.0,3.0,fused_ml
bip-pandas-114,5,1,0.0,0.0,1.0,0.2,15.0,fused_ml
bip-pandas-115,5,1,0.0,0.3333333333333333,1.0,0.5,6.0,fused_ml
bip-pandas-116,6,1,0.0,0.3333333333333333,1.0,0.5,6.0,fused_ml
bip-pandas-117,5,1,0.0,0.0,1.0,0.25,12.0,fused_ml
bip-pandas-118,6,1,0.0,0.0,0.0,0.16666666666666666,18.0,fused_ml
bip-pandas-119,6,1,0.0,0.0,1.0,0.2,15.0,fused_ml
bip-pandas-120,8,2,1.0,0.3333333333333333,0.5,1.0,3.0,fused_ml
bip-pandas-121,5,2,0.0,0.3333333333333333,1.0,0.3333333333333333,9.0,fused_ml
bip-pandas-122,6,1,0.0,0.3333333333333333,1.0,0.5,6.0,fused_ml
bip-pandas-123,5,3,1.0,0.6666666666666666,1.0,1.0,3.0,fused_ml
bip-pandas-124,5,1,0.0,0.3333333333333333,1.0,0.5,6.0,fused_ml
bip-pandas-125,4,2,0.0,0.3333333333333333,1.0,0.3333333333333333,9.0,fused_ml
bip-pandas-126,6,1,1.0,0.3333333333333333,1.0,1.0,3.0,fused_ml
bip-pandas-127,6,1,0.0,0.0,0.0,0.16666666666666666,18.0,fused_ml
bip-pandas-128,5,1,0.0,0.3333333333333333,1.0,0.5,6.0,fused_ml
bip-pandas-129,3,1,0.0,0.3333333333333333,1.0,0.3333333333333333,9.0,fused_ml
bip-pandas-130,6,1,0.0,0.3333333333333333,1.0,0.3333333333333333,9.0,fused_ml
bip-pandas-131,6,1,0.0,0.0,1.0,0.25,12.0,fused_ml
bip-pandas-132,7,2,0.0,0.0,0.5,0.25,12.0,fused_ml
bip-pandas-133,3,1,0.0,0.3333333333333333,1.0,0.3333333333333333,9.0,fused_ml
bip-pandas-134,3,1,0.0,0.3333333333333333,1.0,0.5,6.0,fused_ml
bip-pandas-135,4,1,0.0,0.3333333333333333,1.0,0.5,6.0,fused_ml
bip-pandas-136,8,1,0.0,0.3333333333333333,1.0,0.5,6.0,fused_ml
bip-pandas-137,5,1,0.0,0.0,1.0,0.2,15.0,fused_ml
bip-pandas-138,4,1,0.0,0.3333333333333333,1.0,0.3333333333333333,9.0,fused_ml
bip-pandas-139,6,1,1.0,0.3333333333333333,1.0,1.0,3.0,fused_ml
bip-pandas-140,4,1,0.0,0.0,1.0,0.25,12.0,fused_ml
bip-pandas-141,4,1,1.0,0.3333333333333333,1.0,1.0,3.0,fused_ml
bip-pandas-142,4,1,0.0,0.3333333333333333,1.0,0.5,6.0,fused_ml
bip-pandas-143,5,1,1.0,0.3333333333333333,1.0,1.0,3.0,fused_ml
bip-pandas-144,4,1,0.0,0.3333333333333333,1.0,0.3333333333333333,9.0,fused_ml
bip-pandas-145,8,1,0.0,0.3333333333333333,1.0,0.3333333333333333,9.0,fused_ml
bip-pandas-146,8,2,0.0,0.0,0.0,0.14285714285714285,21.0,fused_ml
bip-pandas-147,4,1,1.0,0.3333333333333333,1.0,1.0,3.0,fused_ml
bip-pandas-148,6,1,0.0,0.3333333333333333,1.0,0.5,6.0,fused_ml
bip-pandas-149,8,1,0.0,0.3333333333333333,1.0,0.3333333333333333,9.0,fused_ml
bip-pandas-150,8,1,0.0,0.0,0.0,0.14285714285714285,21.0,fused_ml
bip-pandas-151,8,1,0.0,0.0,1.0,0.25,12.0,fused_ml
bip-pandas-152,6,1,0.0,0.0,0.0,0.16666666666666666,18.0,fused_ml
bip-pandas-153,4,1,0.0,0.0,1.0,0.25,12.0,fused_ml
bip-pandas-154,3,1,1.0,0.3333333333333333,1.0,1.0,3.0,fused_ml
bip-pandas-155,7,1,0.0,0.0,0.0,0.16666666666666666,18.0,fused_ml
bip-pandas-156,5,1,0.0,0.0,1.0,0.25,12.0,fused_ml
bip-pandas-157,5,1,1.0,0.3333333333333333,1.0,1.0,3.0,fused_ml
bip-pandas-158,3,1,0.0,0.3333333333333333,1.0,0.3333333333333333,9.0,fused_ml
bip-pandas-159,4,1,1.0,0.3333333333333333,1.0,1.0,3.0,fused_ml
bip-pandas-160,6,1,0.0,0.0,1.0,0.2,15.0,fused_ml
bip-pandas-161,4,1,0.0,0.0,1.0,0.25,12.0,fused_ml
bip-pandas-162,3,1,0.0,0.3333333333333333,1.0,0.3333333333333333,9.0,fused_ml
bip-pandas-163,6,1,0.0,0.3333333333333333,1.0,0.5,6.0,fused_ml
bip-pandas-164,5,1,0.0,0.0,1.0,0.25,12.0,fused_ml
bip-pandas-165,7,1,0.0,0.0,0.0,0.16666666666666666,18.0,fused_ml
bip-pandas-166,8,1,1.0,0.3333333333333333,1.0,1.0,3.0,fused_ml
bip-pandas-167,5,4,1.0,0.6666666666666666,1.0,1.0,3.0,fused_ml
bip-pandas-168,8,1,1.0,0.3333333333333333,1.0,1.0,3.0,fused_ml
bip-pandas-169,7,1,1.0,0.3333333333333333,1.0,1.0,3.0,fused_ml
bip-sanic-1,4,1,1.0,0.3333333333333333,1.0,1.0,3.0,fused_ml
bip-sanic-2,4,1,0.0,0.3333333333333333,1.0,0.3333333333333333,9.0,fused_ml
bip-sanic-3,4,1,1.0,0.3333333333333333,1.0,1.0,3.0,fused_ml
bip-sanic-4,4,1,0.0,0.3333333333333333,1.0,0.5,6.0,fused_ml
bip-sanic-5,3,1,0.0,0.3333333333333333,1.0,0.5,6.0,fused_ml
bip-scrapy-1,3,1,1.0,0.3333333333333333,1.0,1.0,3.0,fused_ml
bip-scrapy-2,4,1,0.0,0.3333333333333333,1.0,0.5,6.0,fused_ml
bip-scrapy-3,3,1,1.0,0.3333333333333333,1.0,1.0,3.0,fused_ml
bip-scrapy-4,6,1,0.0,0.3333333333333333,1.0,0.3333333333333333,9.0,fused_ml
bip-scrapy-5,8,1,0.0,0.0,1.0,0.25,12.0,fused_ml
bip-scrapy-6,8,1,1.0,0.3333333333333333,1.0,1.0,3.0,fused_ml
bip-scrapy-7,6,1,1.0,0.3333333333333333,1.0,1.0,3.0,fused_ml
bip-scrapy-8,8,1,0.0,0.3333333333333333,1.0,0.3333333333333333,9.0,fused_ml
bip-scrapy-9,5,1,0.0,0.0,1.0,0.25,12.0,fused_ml
bip-scrapy-10,5,1,1.0,0.3333333333333333,1.0,1.0,3.0,fused_ml
bip-scrapy-11,8,1,0.0,0.3333333333333333,1.0,0.3333333333333333,9.0,fused_ml
bip-scrapy-12,6,1,0.0,0.0,1.0,0.2,15.0,fused_ml
bip-scrapy-13,6,1,0.0,0.3333333333333333,1.0,0.5,6.0,fused_ml
bip-scrapy-14,6,1,0.0,0.3333333333333333,1.0,0.5,6.0,fused_ml
bip-scrapy-15,8,1,0.0,0.3333333333333333,1.0,0.5,6.0,fused_ml
bip-scrapy-16,8,1,0.0,0.3333333333333333,1.0,0.5,6.0,fused_ml
bip-scrapy-17,4,1,0.0,0.3333333333333333,1.0,0.3333333333333333,9.0,fused_ml
bip-scrapy-18,7,1,0.0,0.0,0.0,0.16666666666666666,18.0,fused_ml
bip-scrapy-19,5,1,1.0,0.3333333333333333,1.0,1.0,3.0,fused_ml
bip-scrapy-20,5,1,0.0,0.3333333333333333,1.0,0.5,6.0,fused_ml
bip-scrapy-21,4,1,1.0,0.3333333333333333,1.0,1.0,3.0,fused_ml
bip-scrapy-22,4,1,1.0,0.3333333333333333,1.0,1.0,3.0,fused_ml
bip-scrapy-23,7,1,0.0,0.3333333333333333,1.0,0.3333333333333333,9.0,fused_ml
bip-scrapy-24,6,1,0.0,0.3333333333333333,1.0,0.3333333333333333,9.0,fused_ml
bip-scrapy-25,8,1,1.0,0.3333333333333333,1.0,1.0,3.0,fused_ml
bip-scrapy-26,6,1,0.0,0.0,1.0,0.2,15.0,fused_ml
bip-scrapy-27,6,1,1.0,0.3333333333333333,1.0,1.0,3.0,fused_ml
bip-scrapy-28,5,1,0.0,0.0,1.0,0.25,12.0,fused_ml
bip-scrapy-29,5,1,0.0,0.3333333333333333,1.0,0.3333333333333333,9.0,fused_ml
bip-scrapy-30,6,1,0.0,0.0,0.0,0.16666666666666666,18.0,fused_ml
bip-scrapy-31,8,1,0.0,0.0,1.0,0.2,15.0,fused_ml
bip-scrapy-32,5,1,1.0,0.3333333333333333,1.0,1.0,3.0,fused_ml
bip-scrapy-33,7,5,1.0,0.6666666666666666,0.8,1.0,3.0,fused_ml
bip-scrapy-34,7,1,0.0,0.3333333333333333,1.0,0.5,6.0,fused_ml
bip-scrapy-35,8,1,0.0,0.3333333333333333,1.0,0.5,6.0,fused_ml
bip-scrapy-36,8,1,0.0,0.0,0.0,0.16666666666666666,18.0,fused_ml
bip-scrapy-37,5,1,0.0,0.0,1.0,0.2,15.0,fused_ml
bip-scrapy-38,6,1,1.0,0.3333333333333333,1.0,1.0,3.0,fused_ml
bip-scrapy-39,3,1,0.0,0.3333333333333333,1.0,0.5,6.0,fused_ml
bip-scrapy-40,3,1,1.0,0.3333333333333333,1.0,1.0,3.0,fused_ml
bip-spacy-1,6,1,1.0,0.3333333333333333,1.0,1.0,3.0,fused_ml
bip-spacy-2,6,1,0.0,0.3333333333333333,1.0,0.5,6.0,fused_ml
bip-spacy-3,6,1,0.0,0.0,0.0,0.16666666666666666,18.0,fused_ml
bip-spacy-4,4,1,0.0,0.3333333333333333,1.0,0.3333333333333333,9.0,fused_ml
bip-spacy-5,6,1,0.0,0.3333333333333333,1.0,0.3333333333333333,9.0,fused_ml
bip-spacy-6,6,1,0.0,0.3333333333333333,1.0,0.3333333333333333,9.0,fused_ml
bip-spacy-7,3,2,1.0,0.6666666666666666,1.0,1.0,3.0,fused_ml
bip-spacy-8,3,1,1.0,0.3333333333333333,1.0,1.0,3.0,fused_ml
bip-spacy-9,4,1,1.0,0.3333333333333333,1.0,1.0,3.0,fused_ml
bip-spacy-10,6,1,1.0,0.3333333333333333,1.0,1.0,3.0,fused_ml
bip-thefuck-1,6,1,0.0,0.0,1.0,0.25,12.0,fused_ml
bip-thefuck-2,4,1,1.0,0.3333333333333333,1.0,1.0,3.0,fused_ml
bip-thefuck-3,4,1,0.0,0.3333333333333333,1.0,0.5,6.0,fused_ml
bip-thefuck-4,4,1,1.0,0.3333333333333333,1.0,1.0,3.0,fused_ml
bip-thefuck-5,8,1,0.0,0.3333333333333333,1.0,0.5,6.0,fused_ml
bip-thefuck-6,5,1,0.0,0.3333333333333333,1.0,0.5,6.0,fused_ml
bip-thefuck-7,7,1,0.0,0.3333333333333333,1.0,0.3333333333333333,9.0,fused_ml
bip-thefuck-8,5,1,0.0,0.3333333333333333,1.0,0.5,6.0,fused_ml
bip-thefuck-9,8,1,1.0,0.3333333333333333,1.0,1.0,3.0,fused_ml
bip-thefuck-10,3,1,0.0,0.3333333333333333,1.0,0.3333333333333333,9.0,fused_ml
bip-thefuck-11,3,1,1.0,0.3333333333333333,1.0,1.0,3.0,fused_ml
bip-thefuck-12,4,1,0.0,0.3333333333333333,1.0,0.5,6.0,fused_ml
bip-thefuck-13,7,1,1.0,0.3333333333333333,1.0,1.0,3.0,fused_ml
bip-thefuck-14,5,1,1.0,0.3333333333333333,1.0,1.0,3.0,fused_ml
bip-thefuck-15,8,1,0.0,0.3333333333333333,1.0,0.5,6.0,fused_ml
bip-thefuck-16,4,4,1.0,1.0,1.0,1.0,3.0,fused_ml
bip-thefuck-17,6,2,0.0,0.6666666666666666,1.0,0.5,6.0,fused_ml
bip-thefuck-18,4,1,0.0,0.3333333333333333,1.0,0.3333333333333333,9.0,fused_ml
bip-thefuck-19,8,1,0.0,0.0,0.0,0.16666666666666666,18.0,fused_ml
bip-thefuck-20,6,1,0.0,0.0,1.0,0.25,12.0,fused_ml
bip-thefuck-21,7,1,0.0,0.0,1.0,0.2,15.0,fused_ml
bip-thefuck-22,3,1,1.0,0.3333333333333333,1.0,1.0,3.0,fused_ml
bip-thefuck-23,5,1,1.0,0.3333333333333333,1.0,1.0,3.0,fused_ml
bip-thefuck-24,8,1,1.0,0.3333333333333333,1.0,1.0,3.0,fused_ml
bip-thefuck-25,7,1,0.0,0.0,1.0,0.2,15.0,fused_ml
bip-thefuck-26,7,1,0.0,0.0,1.0,0.2,15.0,fused_ml
bip-thefuck-27,3,1,0.0,0.3333333333333333,1.0,0.3333333333333333,9.0,fused_ml
bip-thefuck-28,6,1,1.0,0.3333333333333333,1.0,1.0,3.0,fused_ml
bip-thefuck-29,4,1,1.0,0.3333333333333333,1.0,1.0,3.0,fused_ml
bip-thefuck-30,4,1,0.0,0.3333333333333333,1.0,0.5,6.0,fused_ml
bip-thefuck-31,6,1,0.0,0.0,1.0,0.2,15.0,fused_ml
bip-thefuck-32,5,1,0.0,0.3333333333333333,1.0,0.5,6.0,fused_ml
bip-tornado-1,7,1,0.0,0.3333333333333333,1.0,0.5,6.0,fused_ml
bip-tornado-2,4,1,0.0,0.3333333333333333,1.0,0.3333333333333333,9.0,fused_ml
bip-tornado-3,3,1,0.0,0.3333333333333333,1.0,0.3333333333333333,9.0,fused_ml
bip-tornado-4,5,1,1.0,0.3333333333333333,1.0,1.0,3.0,fused_ml
bip-tornado-5,3,1,1.0,0.3333333333333333,1.0,1.0,3.0,fused_ml
bip-tornado-6,3,2,1.0,0.6666666666666666,1.0,1.0,3.0,fused_ml
bip-tornado-7,7,1,1.0,0.3333333333333333,1.0,1.0,3.0,fused_ml
bip-tornado-8,7,1,0.0,0.3333333333333333,1.0,0.3333333333333333,9.0,fused_ml
bip-tornado-9,7,1,0.0,0.0,0.0,0.14285714285714285,21.0,fused_ml
bip-tornado-10,5,2,0.0,0.6666666666666666,1.0,0.5,6.0,fused_ml
bip-tornado-11,4,1,0.0,0.3333333333333333,1.0,0.5,6.0,fused_ml
bip-tornado-12,6,1,0.0,0.0,1.0,0.25,12.0,fused_ml
bip-tornado-13,4,1,1.0,0.3333333333333333,1.0,1.0,3.0,fused_ml
bip-tornado-14,3,1,1.0,0.3333333333333333,1.0,1.0,3.0,fused_ml
bip-tornado-15,4,2,1.0,0.6666666666666666,1.0,1.0,3.0,fused_ml
bip-tornado-16,6,1,0.0,0.0,1.0,0.25,12.0,fused_ml
bip-tqdm-1,4,1,0.0,0.0,1.0,0.25,12.0,fused_ml
bip-tqdm-2,5,2,0.0,0.6666666666666666,1.0,0.5,6.0,fused_ml
bip-tqdm-3,4,1,1.0,0.3333333333333333,1.0,1.0,3.0,fused_ml
bip-tqdm-4,5,1,1.0,0.3333333333333333,1.0,1.0,3.0,fused_ml
bip-tqdm-5,5,1,1.0,0.3333333333333333,1.0,1.0,3.0,fused_ml
bip-tqdm-6,5,1,1.0,0.3333333333333333,1.0,1.0,3.0,fused_ml
bip-tqdm-7,5,1,0.0,0.3333333333333333,1.0,0.5,6.0,fused_ml
bip-tqdm-8,4,1,1.0,0.3333333333333333,1.0,1.0,3.0,fused_ml
bip-tqdm-9,5,1,1.0,0.3333333333333333,1.0,1.0,3.0,fused_ml
bip-youtube-dl-1,3,1,0.0,0.3333333333333333,1.0,0.3333333333333333,9.0,fused_ml
bip-youtube-dl-2,5,1,0.0,0.3333333333333333,1.0,0.3333333333333333,9.0,fused_ml
bip-youtube-dl-3,4,1,0.0,0.0,1.0,0.25,12.0,fused_ml
bip-youtube-dl-4,3,1,1.0,0.3333333333333333,1.0,1.0,3.0,fused_ml
bip-youtube-dl-5,3,1,0.0,0.3333333333333333,1.0,0.3333333333333333,9.0,fused_ml
bip-youtube-dl-6,6,1,0.0,0.0,0.0,0.16666666666666666,18.0,fused_ml
bip-youtube-dl-7,7,1,0.0,0.0,0.0,0.14285714285714285,21.0,fused_ml
bip-youtube-dl-8,3,1,1.0,0.3333333333333333,1.0,1.0,3.0,fused_ml
bip-youtube-dl-9,5,1,1.0,0.3333333333333333,1.0,1.0,3.0,fused_ml
bip-youtube-dl-10,7,1,0.0,0.0,0.0,0.14285714285714285,21.0,fused_ml
bip-youtube-dl-11,4,1,0.0,0.0,1.0,0.25,12.0,fused_ml
bip-youtube-dl-12,4,1,1.0,0.3333333333333333,1.0,1.0,3.0,fused_ml
bip-youtube-dl-13,7,1,0.0,0.0,0.0,0.14285714285714285,21.0,fused_ml
bip-youtube-dl-14,4,1,0.0,0.3333333333333333,1.0,0.3333333333333333,9.0,fused_ml
bip-youtube-dl-15,3,1,0.0,0.3333333333333333,1.0,0.3333333333333333,9.0,fused_ml
bip-youtube-dl-16,4,2,0.0,0.3333333333333333,1.0,0.3333333333333333,9.0,fused_ml
bip-youtube-dl-17,8,1,0.0,0.0,0.0,0.125,24.0,fused_ml
bip-youtube-dl-18,5,1,1.0,0.3333333333333333,1.0,1.0,3.0,fused_ml
bip-youtube-dl-19,4,1,1.0,0.3333333333333333,1.0,1.0,3.0,fused_ml
bip-youtube-dl-20,4,1,0.0,0.0,1.0,0.25,12.0,fused_ml
bip-youtube-dl-21,7,1,0.0,0.0,0.0,0.14285714285714285,21.0,fused_ml
bip-youtube-dl-22,7,1,0.0,0.0,0.0,0.14285714285714285,21.0,fused_ml
bip-youtube-dl-23,3,1,0.0,0.3333333333333333,1.0,0.3333333333333333,9.0,fused_ml
bip-youtube-dl-24,3,1,0.0,0.3333333333333333,1.0,0.3333333333333333,9.0,fused_ml
bip-youtube-dl-25,3,1,0.0,0.3333333333333333,1.0,0.3333333333333333,9.0,fused_ml
bip-youtube-dl-26,3,1,0.0,0.3333333333333333,1.0,0.3333333333333333,9.0,fused_ml
bip-youtube-dl-27,8,1,0.0,0.0,0.0,0.125,24.0,fused_ml
bip-youtube-dl-28,8,1,0.0,0.0,0.0,0.125,24.0,fused_ml
bip-youtube-dl-29,7,1,0.0,0.0,0.0,0.14285714285714285,21.0,fused_ml
bip-youtube-dl-30,6,1,1.0,0.3333333333333333,1.0,1.0,3.0,fused_ml
bip-youtube-dl-31,7,2,0.0,0.0,0.5,0.2,15.0,fused_ml
bip-youtube-dl-32,7,2,0.0,0.0,0.0,0.16666666666666666,18.0,fused_ml
bip-youtube-dl-33,8,2,0.0,0.0,0.5,0.2,15.0,fused_ml
bip-youtube-dl-34,4,1,0.0,0.0,1.0,0.25,12.0,fused_ml
bip-youtube-dl-35,3,2,0.0,0.6666666666666666,1.0,0.5,6.0,fused_ml
bip-youtube-dl-36,4,1,1.0,0.3333333333333333,1.0,1.0,3.0,fused_ml
bip-youtube-dl-37,7,1,0.0,0.0,0.0,0.14285714285714285,21.0,fused_ml
bip-youtube-dl-38,4,2,1.0,0.3333333333333333,1.0,1.0,3.0,fused_ml
bip-youtube-dl-39,4,2,0.0,0.3333333333333333,1.0,0.5,6.0,fused_ml
bip-youtube-dl-40,5,2,0.0,0.3333333333333333,1.0,0.5,6.0,fused_ml
bip-youtube-dl-41,4,1,0.0,0.0,1.0,0.25,12.0,fused_ml
bip-youtube-dl-42,4,4,1.0,1.0,1.0,1.0,3.0,fused_ml
bip-youtube-dl-43,5,1,0.0,0.0,1.0,0.2,15.0,fused_ml
